scenario_id,scenario_type,asset_type,threat_category,vulnerability_score,asset_importance,exposure_level,security_maturity,control_effectiveness,threat_intensity,incident_likelihood,data_sensitivity,estimated_financial_impact,risk_score,risk_level,response_priority
RISK-0001,Credential Compromise,Endpoint PC,Phishing,3.75,3,7,8,5,8,0.47,5,2432029,97.88,High,1순위
RISK-0002,Insider Threat,Web Server,Brute Force,9.51,9,2,5,2,3,0.83,4,1546223,100.0,High,1순위
RISK-0003,Credential Compromise,Endpoint PC,C2 Communication,7.32,5,2,9,9,1,0.81,1,1312515,56.04,Medium,2순위
RISK-0004,External Attack,Cloud Service,Data Exfiltration,5.99,8,10,10,1,1,0.51,5,2717245,100.0,High,1순위
RISK-0005,Insider Threat,Database Server,Brute Force,1.56,7,10,5,2,1,0.69,10,2717606,100.0,High,1순위
RISK-0006,Insider Threat,Web Server,Phishing,1.56,8,1,5,1,4,0.22,7,2370577,84.78,High,1순위
RISK-0007,Service Disruption,Endpoint PC,DDoS,0.58,7,4,2,4,6,0.67,1,1983279,89.82,High,1순위
RISK-0008,Service Disruption,File Server,DDoS,8.66,3,7,3,4,4,0.3,4,1417266,100.0,High,1순위
RISK-0009,Service Disruption,Web Server,Phishing,6.01,2,9,10,5,3,0.8,6,1977841,92.9,High,1순위
RISK-0010,Service Disruption,Web Server,Data Exfiltration,7.08,7,3,9,5,8,0.13,9,1898093,100.0,High,1순위
RISK-0011,Data Leakage,Web Server,Brute Force,0.21,3,7,7,8,8,0.75,8,1457289,79.73,High,1순위
RISK-0012,Malware Infection,Endpoint PC,DDoS,9.7,3,7,1,3,6,0.14,2,1259239,100.0,High,1순위
RISK-0013,Service Disruption,VPN Server,DDoS,8.32,2,7,3,6,9,0.84,3,2324614,100.0,High,1순위
RISK-0014,External Attack,Cloud Service,C2 Communication,2.12,4,2,2,3,10,0.32,10,2223118,100.0,High,1순위
RISK-0015,Insider Threat,Web Server,Vulnerability Exploitation,1.82,8,6,1,2,1,0.64,5,2864496,100.0,High,1순위
RISK-0016,Credential Compromise,File Server,C2 Communication,1.83,1,2,9,8,8,0.49,7,1366049,42.3,Medium,2순위
RISK-0017,Service Disruption,File Server,Vulnerability Exploitation,3.04,1,6,8,1,6,0.38,3,1624959,68.32,Medium,2순위
RISK-0018,External Attack,Database Server,DDoS,5.25,5,10,5,9,1,0.63,7,2791280,100.0,High,1순위
RISK-0019,Data Leakage,VPN Server,Vulnerability Exploitation,4.32,5,3,2,7,4,0.9,5,2804124,100.0,High,1순위
RISK-0020,External Attack,VPN Server,Brute Force,2.91,1,2,1,10,5,0.09,10,1304313,60.26,Medium,2순위
RISK-0021,Credential Compromise,Endpoint PC,DDoS,6.12,6,6,7,4,7,0.88,6,1949244,100.0,High,1순위
RISK-0022,Credential Compromise,Database Server,DDoS,1.39,1,2,2,3,8,0.6,6,1624969,79.1,High,1순위
RISK-0023,External Attack,Endpoint PC,Vulnerability Exploitation,2.92,5,5,1,6,9,0.78,4,2063206,100.0,High,1순위
RISK-0024,Data Leakage,Database Server,Phishing,3.66,9,2,2,9,6,0.4,8,2233136,100.0,High,1순위
RISK-0025,Credential Compromise,Cloud Service,Vulnerability Exploitation,4.56,5,3,7,9,10,0.47,9,2587802,100.0,High,1순위
RISK-0026,Data Leakage,VPN Server,Vulnerability Exploitation,7.85,6,3,7,4,9,0.83,2,2208055,100.0,High,1순위
RISK-0027,Insider Threat,Cloud Service,Data Exfiltration,2.0,8,6,10,10,4,0.42,9,2849106,77.87,High,1순위
RISK-0028,Service Disruption,Endpoint PC,Data Exfiltration,5.14,1,6,6,5,8,0.53,4,2020793,100.0,High,1순위
RISK-0029,Credential Compromise,Database Server,Brute Force,5.92,2,10,5,9,3,0.07,6,2000277,100.0,High,1순위
RISK-0030,External Attack,VPN Server,Brute Force,0.46,9,3,3,2,4,0.19,7,2477953,94.07,High,1순위
RISK-0031,Malware Infection,VPN Server,Phishing,6.08,3,3,3,2,10,0.63,4,1943990,100.0,High,1순위
RISK-0032,Malware Infection,Web Server,Data Exfiltration,1.71,6,1,9,5,4,0.7,8,2469720,63.88,Medium,2순위
RISK-0033,Insider Threat,Endpoint PC,C2 Communication,0.65,5,7,4,1,6,0.57,10,1768563,100.0,High,1순위
RISK-0034,Malware Infection,Web Server,Brute Force,9.49,2,8,9,8,9,0.18,8,2193077,100.0,High,1순위
RISK-0035,Insider Threat,VPN Server,Brute Force,9.66,7,2,4,5,6,0.45,1,2093408,100.0,High,1순위
RISK-0036,Service Disruption,Endpoint PC,Data Exfiltration,8.08,4,4,2,10,1,0.37,8,2433052,100.0,High,1순위
RISK-0037,Insider Threat,Endpoint PC,Data Exfiltration,3.05,1,10,4,2,5,0.5,10,2070947,100.0,High,1순위
RISK-0038,Data Leakage,Cloud Service,Phishing,0.98,4,7,6,9,9,0.83,3,1409700,84.95,High,1순위
RISK-0039,Data Leakage,File Server,Data Exfiltration,6.84,6,8,6,2,5,0.75,5,1786025,100.0,High,1순위
RISK-0040,Data Leakage,Database Server,Vulnerability Exploitation,4.4,7,1,5,7,6,0.13,10,2725524,94.79,High,1순위
RISK-0041,Credential Compromise,File Server,DDoS,1.22,7,4,1,8,3,0.85,8,2736759,95.87,High,1순위
RISK-0042,Data Leakage,File Server,C2 Communication,4.95,7,6,3,6,8,0.47,6,2197035,100.0,High,1순위
RISK-0043,Data Leakage,VPN Server,DDoS,0.34,3,3,5,7,10,0.72,4,1265663,64.37,Medium,2순위
RISK-0044,Data Leakage,Cloud Service,Vulnerability Exploitation,9.09,6,5,6,1,4,0.18,4,1944170,100.0,High,1순위
RISK-0045,Data Leakage,Database Server,Vulnerability Exploitation,2.59,8,10,1,4,4,0.65,4,1898963,100.0,High,1순위
RISK-0046,Credential Compromise,File Server,DDoS,6.63,4,9,9,7,5,0.26,6,2711061,100.0,High,1순위
RISK-0047,Data Leakage,File Server,Vulnerability Exploitation,3.12,8,3,3,1,10,0.44,7,2784664,100.0,High,1순위
RISK-0048,Data Leakage,Endpoint PC,Brute Force,5.2,2,5,10,1,9,0.07,5,2515916,93.92,High,1순위
RISK-0049,Service Disruption,VPN Server,DDoS,5.47,10,8,3,6,8,0.19,10,2859679,100.0,High,1순위
RISK-0050,Credential Compromise,File Server,Vulnerability Exploitation,1.85,9,6,2,4,7,0.13,8,3023383,100.0,High,1순위
RISK-0051,Data Leakage,Database Server,Brute Force,9.7,9,4,8,3,5,0.27,7,2471473,100.0,High,1순위
RISK-0052,Insider Threat,Web Server,Data Exfiltration,7.75,8,8,3,5,9,0.14,8,2169005,100.0,High,1순위
RISK-0053,Service Disruption,Web Server,C2 Communication,9.39,10,3,6,9,9,0.67,4,1937479,100.0,High,1순위
RISK-0054,Credential Compromise,VPN Server,C2 Communication,8.95,10,3,2,10,10,0.08,8,3197555,100.0,High,1순위
RISK-0055,Malware Infection,Web Server,Vulnerability Exploitation,5.98,1,4,7,10,10,0.61,6,1360835,91.8,High,1순위
RISK-0056,External Attack,Endpoint PC,C2 Communication,9.22,2,9,4,10,2,0.18,3,1655947,100.0,High,1순위
RISK-0057,Credential Compromise,Endpoint PC,Brute Force,0.88,6,5,9,3,4,0.9,8,2457940,85.88,High,1순위
RISK-0058,Service Disruption,Database Server,Data Exfiltration,1.96,10,8,10,5,8,0.89,7,2706975,100.0,High,1순위
RISK-0059,Data Leakage,Cloud Service,Vulnerability Exploitation,0.45,5,6,9,10,1,0.25,10,1634442,37.37,Low,3순위
RISK-0060,Service Disruption,VPN Server,Phishing,3.25,9,3,7,5,5,0.6,5,2560592,100.0,High,1순위
RISK-0061,External Attack,VPN Server,DDoS,3.89,5,8,8,9,8,0.08,4,1791523,94.44,High,1순위
RISK-0062,External Attack,Web Server,C2 Communication,2.71,2,9,3,10,2,0.89,1,1304912,60.32,Medium,2순위
RISK-0063,Credential Compromise,File Server,C2 Communication,8.29,10,8,5,4,2,0.52,10,2812850,100.0,High,1순위
RISK-0064,Data Leakage,File Server,Vulnerability Exploitation,3.57,4,4,2,1,8,0.09,3,1940486,100.0,High,1순위
RISK-0065,Data Leakage,Cloud Service,DDoS,2.81,9,6,10,10,10,0.36,2,2078523,97.17,High,1순위
RISK-0066,Insider Threat,File Server,DDoS,5.43,1,1,7,5,9,0.12,8,1887206,77.45,High,1순위
RISK-0067,External Attack,Cloud Service,C2 Communication,1.41,1,4,8,1,7,0.4,8,2034337,75.22,High,1순위
RISK-0068,Data Leakage,Database Server,C2 Communication,8.02,7,8,9,6,8,0.65,5,3038766,100.0,High,1순위
RISK-0069,External Attack,VPN Server,Phishing,0.75,3,1,7,10,5,0.47,5,676848,17.04,Low,3순위
RISK-0070,Insider Threat,Web Server,DDoS,9.87,10,3,10,10,1,0.4,4,2676217,99.08,High,1순위
RISK-0071,Malware Infection,Database Server,Brute Force,7.72,2,1,10,7,4,0.16,1,874038,43.43,Medium,2순위
RISK-0072,External Attack,Endpoint PC,Vulnerability Exploitation,1.99,9,9,8,1,2,0.27,1,1978035,94.95,High,1순위
RISK-0073,Insider Threat,Endpoint PC,Vulnerability Exploitation,0.06,3,2,9,10,3,0.14,6,467841,0.0,Low,3순위
RISK-0074,Insider Threat,Endpoint PC,Phishing,8.15,2,9,6,4,3,0.78,4,1494460,100.0,High,1순위
RISK-0075,Insider Threat,Cloud Service,Phishing,7.07,8,4,10,9,9,0.17,4,1796044,100.0,High,1순위
RISK-0076,Service Disruption,Cloud Service,Brute Force,7.29,10,2,2,1,10,0.59,3,2536007,100.0,High,1순위
RISK-0077,Credential Compromise,VPN Server,Data Exfiltration,7.71,6,4,2,9,4,0.36,9,3147856,100.0,High,1순위
RISK-0078,Data Leakage,Endpoint PC,Vulnerability Exploitation,0.74,6,10,4,8,2,0.25,3,1653646,78.01,High,1순위
RISK-0079,External Attack,Cloud Service,DDoS,3.58,10,6,9,5,3,0.63,8,2839018,100.0,High,1순위
RISK-0080,Credential Compromise,Cloud Service,C2 Communication,1.16,7,7,7,6,3,0.46,2,2210763,75.96,High,1순위
RISK-0081,Service Disruption,File Server,Brute Force,8.63,7,3,2,7,7,0.41,4,2203362,100.0,High,1순위
RISK-0082,External Attack,Cloud Service,Vulnerability Exploitation,6.23,6,3,8,4,8,0.58,1,1571664,100.0,High,1순위
RISK-0083,Credential Compromise,Endpoint PC,DDoS,3.31,4,10,7,6,6,0.49,5,2398788,100.0,High,1순위
RISK-0084,Service Disruption,Database Server,Brute Force,0.64,9,8,9,7,4,0.32,2,2089101,80.86,High,1순위
RISK-0085,Data Leakage,Endpoint PC,Data Exfiltration,3.11,6,5,8,6,6,0.55,1,1322098,72.47,High,1순위
RISK-0086,Insider Threat,File Server,DDoS,3.25,4,4,3,6,1,0.65,1,1476558,64.62,Medium,2순위
RISK-0087,Credential Compromise,Endpoint PC,Vulnerability Exploitation,7.3,3,7,1,2,10,0.07,2,1113529,100.0,High,1순위
RISK-0088,Credential Compromise,Web Server,C2 Communication,6.38,4,7,2,5,8,0.47,5,2002421,100.0,High,1순위
RISK-0089,External Attack,File Server,DDoS,8.87,3,9,2,3,1,0.1,9,1811165,100.0,High,1순위
RISK-0090,Insider Threat,VPN Server,Vulnerability Exploitation,4.72,2,9,4,7,5,0.22,6,1499107,94.9,High,1순위
RISK-0091,Data Leakage,Endpoint PC,Brute Force,1.2,5,5,6,4,2,0.55,4,1506311,65.55,Medium,2순위
RISK-0092,External Attack,Cloud Service,Data Exfiltration,7.13,2,8,4,1,6,0.83,3,2343850,100.0,High,1순위
RISK-0093,Malware Infection,Database Server,DDoS,7.61,6,10,9,6,9,0.84,8,2895114,100.0,High,1순위
RISK-0094,Malware Infection,Endpoint PC,Brute Force,5.61,3,1,4,6,5,0.11,3,1786455,64.0,Medium,2순위
RISK-0095,Malware Infection,Database Server,Brute Force,7.71,6,9,6,7,4,0.43,1,1947951,100.0,High,1순위
RISK-0096,Data Leakage,Web Server,Phishing,4.94,10,8,6,8,2,0.57,4,1756467,100.0,High,1순위
RISK-0097,Malware Infection,VPN Server,Brute Force,5.23,9,6,10,3,3,0.18,5,2330634,100.0,High,1순위
RISK-0098,Credential Compromise,Cloud Service,DDoS,4.28,1,3,10,6,6,0.74,5,1486503,57.31,Medium,2순위
RISK-0099,External Attack,File Server,Data Exfiltration,0.25,6,3,1,10,8,0.72,5,2144107,81.89,High,1순위
RISK-0100,Credential Compromise,File Server,C2 Communication,1.08,9,8,8,2,8,0.86,8,3436713,100.0,High,1순위
RISK-0101,Malware Infection,VPN Server,Phishing,0.31,4,5,3,9,5,0.06,8,1557390,60.6,Medium,2순위
RISK-0102,External Attack,Web Server,Brute Force,6.36,2,10,6,2,5,0.25,4,1728491,100.0,High,1순위
RISK-0103,Credential Compromise,Web Server,DDoS,3.14,4,7,3,3,10,0.79,9,2201445,100.0,High,1순위
RISK-0104,Data Leakage,Endpoint PC,Vulnerability Exploitation,5.09,1,5,2,10,3,0.65,1,965683,67.95,Medium,2순위
RISK-0105,Insider Threat,Web Server,Phishing,9.08,3,8,5,2,7,0.85,5,1654761,100.0,High,1순위
RISK-0106,Credential Compromise,Endpoint PC,Data Exfiltration,2.49,10,10,1,9,6,0.1,5,2343889,100.0,High,1순위
RISK-0107,Service Disruption,Database Server,Vulnerability Exploitation,4.1,9,10,9,1,1,0.59,5,2853916,100.0,High,1순위
RISK-0108,Malware Infection,VPN Server,Data Exfiltration,7.56,10,4,7,5,4,0.56,8,1975859,100.0,High,1순위
RISK-0109,Service Disruption,Database Server,Vulnerability Exploitation,2.29,5,2,3,1,6,0.08,9,1874431,96.57,High,1순위
RISK-0110,Insider Threat,Database Server,C2 Communication,0.77,6,3,4,5,6,0.51,3,2130709,77.28,High,1순위
RISK-0111,Data Leakage,Database Server,Data Exfiltration,2.9,3,8,6,8,3,0.6,9,1908088,90.39,High,1순위
RISK-0112,Credential Compromise,Database Server,Vulnerability Exploitation,1.61,5,7,3,8,6,0.22,8,2335432,100.0,High,1순위
RISK-0113,Data Leakage,File Server,Data Exfiltration,9.3,8,2,7,8,10,0.3,3,2041352,100.0,High,1순위
RISK-0114,Insider Threat,Web Server,Phishing,8.08,6,6,6,2,6,0.63,2,2527784,100.0,High,1순위
RISK-0115,Service Disruption,VPN Server,Data Exfiltration,6.33,4,9,9,8,9,0.47,4,1821548,100.0,High,1순위
RISK-0116,Credential Compromise,VPN Server,DDoS,8.71,2,4,5,5,9,0.82,2,2209717,100.0,High,1순위
RISK-0117,Malware Infection,Cloud Service,Data Exfiltration,8.04,9,9,4,1,2,0.36,4,2224199,100.0,High,1순위
RISK-0118,External Attack,Database Server,Vulnerability Exploitation,1.87,1,2,3,7,4,0.29,5,752395,36.53,Low,3순위
RISK-0119,Data Leakage,VPN Server,Data Exfiltration,8.93,1,2,10,6,9,0.94,2,1367243,93.69,High,1순위
RISK-0120,Insider Threat,Endpoint PC,C2 Communication,5.39,4,9,1,5,4,0.87,8,2233155,100.0,High,1순위
RISK-0121,Credential Compromise,VPN Server,Brute Force,8.07,7,7,3,1,8,0.08,1,2026641,100.0,High,1순위
RISK-0122,Service Disruption,Database Server,Phishing,8.96,1,7,3,1,10,0.74,3,1927207,100.0,High,1순위
RISK-0123,Malware Infection,VPN Server,DDoS,3.18,9,1,7,6,3,0.15,7,1620586,67.87,Medium,2순위
RISK-0124,Service Disruption,Web Server,Vulnerability Exploitation,1.1,4,6,7,10,3,0.07,10,1701835,52.9,Medium,2순위
RISK-0125,Malware Infection,Database Server,Data Exfiltration,2.28,3,7,1,7,9,0.3,1,2099335,100.0,High,1순위
RISK-0126,Credential Compromise,File Server,Data Exfiltration,4.27,1,6,3,10,10,0.29,2,1497064,79.32,High,1순위
RISK-0127,External Attack,Web Server,Data Exfiltration,8.18,10,6,8,10,8,0.79,3,2700563,100.0,High,1순위
RISK-0128,External Attack,VPN Server,Phishing,8.61,4,2,9,1,1,0.69,2,2330228,88.52,High,1순위
RISK-0129,Insider Threat,File Server,DDoS,0.07,9,6,7,9,10,0.93,2,1899416,100.0,High,1순위
RISK-0130,Insider Threat,Cloud Service,Brute Force,5.11,10,4,7,4,2,0.69,6,2360951,100.0,High,1순위
RISK-0131,Malware Infection,Web Server,C2 Communication,4.17,6,9,8,5,3,0.43,7,2639877,100.0,High,1순위
RISK-0132,Malware Infection,Cloud Service,DDoS,2.22,6,1,6,2,2,0.68,6,1272220,68.56,Medium,2순위
RISK-0133,Malware Infection,Endpoint PC,C2 Communication,1.2,1,8,3,10,3,0.95,6,1652553,67.6,Medium,2순위
RISK-0134,Malware Infection,Web Server,DDoS,3.38,10,5,1,8,8,0.69,9,2721009,100.0,High,1순위
RISK-0135,Credential Compromise,File Server,Vulnerability Exploitation,9.43,2,1,7,2,6,0.74,8,1635615,100.0,High,1순위
RISK-0136,Credential Compromise,Cloud Service,Brute Force,3.23,6,4,1,3,7,0.89,8,2067403,100.0,High,1순위
RISK-0137,External Attack,Endpoint PC,Brute Force,5.19,2,1,1,9,10,0.15,6,1592723,86.37,High,1순위
RISK-0138,Insider Threat,Cloud Service,Phishing,7.03,3,6,9,2,10,0.68,5,1547741,100.0,High,1순위
RISK-0139,Insider Threat,VPN Server,DDoS,3.64,4,2,10,6,6,0.82,9,1584686,79.76,High,1순위
RISK-0140,Data Leakage,Database Server,Data Exfiltration,9.72,5,5,7,4,1,0.91,2,2363048,100.0,High,1순위
RISK-0141,Insider Threat,Cloud Service,Brute Force,9.62,9,7,4,7,3,0.24,7,2785512,100.0,High,1순위
RISK-0142,Insider Threat,VPN Server,DDoS,2.52,4,2,6,6,1,0.5,6,1228751,41.44,Medium,2순위
RISK-0143,Service Disruption,Database Server,Data Exfiltration,4.97,9,6,1,10,10,0.66,7,2873831,100.0,High,1순위
RISK-0144,Service Disruption,Database Server,Phishing,3.01,10,6,7,9,9,0.27,4,2610548,100.0,High,1순위
RISK-0145,Data Leakage,File Server,DDoS,2.85,3,5,6,9,9,0.59,9,3010723,98.29,High,1순위
RISK-0146,Malware Infection,Endpoint PC,DDoS,0.37,8,5,4,10,5,0.28,7,2149356,68.01,Medium,2순위
RISK-0147,Data Leakage,Endpoint PC,Vulnerability Exploitation,6.1,1,3,7,4,4,0.35,2,1202825,72.26,High,1순위
RISK-0148,Data Leakage,Web Server,DDoS,5.03,9,10,3,1,9,0.45,4,3083088,100.0,High,1순위
RISK-0149,External Attack,VPN Server,Vulnerability Exploitation,0.51,9,10,1,2,9,0.53,5,2423606,100.0,High,1순위
RISK-0150,Credential Compromise,File Server,Data Exfiltration,2.79,10,2,4,8,3,0.45,2,2126140,73.92,High,1순위
RISK-0151,Insider Threat,Cloud Service,Data Exfiltration,9.08,2,7,3,10,5,0.49,10,1952209,100.0,High,1순위
RISK-0152,External Attack,VPN Server,Brute Force,2.4,4,1,1,8,3,0.32,8,1457232,63.63,Medium,2순위
RISK-0153,Credential Compromise,Cloud Service,Phishing,1.45,8,6,2,2,10,0.19,1,1496919,100.0,High,1순위
RISK-0154,Insider Threat,Cloud Service,Vulnerability Exploitation,4.89,7,6,5,4,2,0.09,3,1508558,89.4,High,1순위
RISK-0155,Data Leakage,Cloud Service,Brute Force,9.86,1,3,8,1,1,0.23,1,1443805,69.56,Medium,2순위
RISK-0156,Insider Threat,Web Server,C2 Communication,2.42,5,2,1,7,10,0.57,5,2733493,100.0,High,1순위
RISK-0157,Malware Infection,Web Server,Brute Force,6.72,7,2,4,4,2,0.76,8,2174236,100.0,High,1순위
RISK-0158,Malware Infection,File Server,Data Exfiltration,7.62,4,9,4,8,8,0.2,7,1743038,100.0,High,1순위
RISK-0159,Data Leakage,Web Server,C2 Communication,2.38,1,5,5,9,8,0.15,9,1449100,67.95,Medium,2순위
RISK-0160,Service Disruption,File Server,Brute Force,7.28,9,7,7,9,3,0.72,2,2839489,100.0,High,1순위
RISK-0161,Malware Infection,Web Server,DDoS,3.68,5,5,8,3,7,0.32,8,1858173,100.0,High,1순위
RISK-0162,Data Leakage,Endpoint PC,Phishing,6.32,2,7,6,5,7,0.91,8,2508198,100.0,High,1순위
RISK-0163,External Attack,File Server,Vulnerability Exploitation,6.34,8,4,1,6,2,0.69,6,2797669,100.0,High,1순위
RISK-0164,Service Disruption,Endpoint PC,DDoS,5.36,2,8,7,6,9,0.34,3,2225072,100.0,High,1순위
RISK-0165,Malware Infection,Endpoint PC,C2 Communication,0.9,3,10,3,10,3,0.31,2,1493083,67.86,Medium,2순위
RISK-0166,Data Leakage,File Server,Phishing,8.35,10,10,6,8,2,0.52,8,2763358,100.0,High,1순위
RISK-0167,Data Leakage,VPN Server,Brute Force,3.21,1,7,8,6,3,0.12,6,1312139,48.45,Medium,2순위
RISK-0168,External Attack,Database Server,DDoS,1.87,2,10,7,6,2,0.16,4,1326288,44.06,Medium,2순위
RISK-0169,External Attack,Web Server,Data Exfiltration,0.41,7,5,10,4,8,0.21,5,2555236,80.05,High,1순위
RISK-0170,Service Disruption,Cloud Service,Data Exfiltration,5.91,10,6,6,7,5,0.75,5,2436786,100.0,High,1순위
RISK-0171,Credential Compromise,Web Server,Phishing,6.78,2,5,9,8,3,0.51,9,1859711,74.71,High,1순위
RISK-0172,Malware Infection,Cloud Service,Data Exfiltration,0.17,6,7,9,3,5,0.06,9,2920381,81.85,High,1순위
RISK-0173,Data Leakage,VPN Server,Vulnerability Exploitation,5.12,3,2,1,7,8,0.66,8,2642584,100.0,High,1순위
RISK-0174,Service Disruption,Database Server,Phishing,2.26,4,5,1,3,7,0.43,8,2175228,100.0,High,1순위
RISK-0175,Service Disruption,VPN Server,Phishing,6.45,8,10,1,8,6,0.51,2,1466143,100.0,High,1순위
RISK-0176,External Attack,Database Server,Data Exfiltration,1.74,3,3,8,1,1,0.24,3,747114,37.93,Low,3순위
RISK-0177,Data Leakage,File Server,Phishing,6.91,10,9,10,1,10,0.55,8,2918443,100.0,High,1순위
RISK-0178,Insider Threat,File Server,Brute Force,3.87,6,6,7,6,1,0.93,5,1742533,81.79,High,1순위
RISK-0179,Credential Compromise,Cloud Service,C2 Communication,9.37,1,10,3,10,1,0.12,7,1407907,100.0,High,1순위
RISK-0180,Credential Compromise,Endpoint PC,DDoS,1.38,7,3,2,9,10,0.31,8,2363509,100.0,High,1순위
RISK-0181,External Attack,Endpoint PC,C2 Communication,3.41,8,7,4,4,8,0.27,6,2923767,100.0,High,1순위
RISK-0182,Data Leakage,Cloud Service,DDoS,1.13,8,4,3,6,8,0.27,5,2850625,100.0,High,1순위
RISK-0183,Service Disruption,File Server,Data Exfiltration,9.25,3,3,7,5,7,0.39,8,1989469,100.0,High,1순위
RISK-0184,Credential Compromise,Cloud Service,Vulnerability Exploitation,8.77,10,8,10,1,6,0.79,1,2054042,100.0,High,1순위
RISK-0185,Service Disruption,Endpoint PC,Vulnerability Exploitation,2.58,1,4,8,6,4,0.87,1,723787,35.48,Low,3순위
RISK-0186,Malware Infection,Cloud Service,Data Exfiltration,6.6,9,1,6,9,1,0.23,1,1804001,65.72,Medium,2순위
RISK-0187,Insider Threat,File Server,Data Exfiltration,8.17,6,6,3,3,9,0.54,3,1371647,100.0,High,1순위
RISK-0188,External Attack,VPN Server,Phishing,5.55,9,10,6,3,1,0.62,10,2158003,100.0,High,1순위
RISK-0189,Credential Compromise,Web Server,Vulnerability Exploitation,5.3,7,1,2,2,4,0.52,6,2402878,100.0,High,1순위
RISK-0190,Malware Infection,File Server,C2 Communication,2.42,1,5,7,4,3,0.44,6,1581847,50.91,Medium,2순위
RISK-0191,Malware Infection,Cloud Service,Data Exfiltration,0.93,1,7,10,10,7,0.22,5,775521,30.56,Low,3순위
RISK-0192,Insider Threat,File Server,C2 Communication,8.97,6,6,7,3,5,0.49,7,2609572,100.0,High,1순위
RISK-0193,External Attack,File Server,DDoS,9.0,5,2,4,2,5,0.41,5,2851331,100.0,High,1순위
RISK-0194,External Attack,Endpoint PC,C2 Communication,6.33,9,4,8,1,4,0.77,2,1777042,100.0,High,1순위
RISK-0195,Service Disruption,Cloud Service,Vulnerability Exploitation,3.39,2,2,4,3,1,0.74,4,895725,47.98,Medium,2순위
RISK-0196,External Attack,Endpoint PC,DDoS,3.49,8,1,7,10,5,0.17,1,1421552,44.53,Medium,2순위
RISK-0197,Malware Infection,Cloud Service,C2 Communication,7.26,5,3,4,6,4,0.13,7,2815718,100.0,High,1순위
RISK-0198,Service Disruption,Endpoint PC,Phishing,8.97,2,3,5,9,10,0.87,4,1853284,100.0,High,1순위
RISK-0199,External Attack,Endpoint PC,Phishing,8.87,10,7,7,5,8,0.53,4,3204201,100.0,High,1순위
RISK-0200,Insider Threat,VPN Server,Vulnerability Exploitation,7.8,6,1,10,3,2,0.82,4,2410370,87.81,High,1순위
RISK-0201,Malware Infection,File Server,Phishing,6.42,10,9,3,5,8,0.1,3,2642343,100.0,High,1순위
RISK-0202,Data Leakage,VPN Server,Data Exfiltration,0.84,8,6,10,5,1,0.52,8,2147642,78.24,High,1순위
RISK-0203,Insider Threat,Endpoint PC,DDoS,1.62,4,4,5,5,4,0.54,4,1266128,67.06,Medium,2순위
RISK-0204,Insider Threat,VPN Server,Vulnerability Exploitation,8.99,2,3,3,7,3,0.82,8,2561081,100.0,High,1순위
RISK-0205,External Attack,File Server,DDoS,6.06,5,3,5,5,5,0.14,9,2154961,100.0,High,1순위
RISK-0206,Service Disruption,File Server,C2 Communication,0.09,2,2,3,7,5,0.27,1,418980,17.78,Low,3순위
RISK-0207,Service Disruption,Endpoint PC,Data Exfiltration,1.01,2,2,10,9,5,0.42,4,860628,20.6,Low,3순위
RISK-0208,Malware Infection,File Server,Vulnerability Exploitation,6.64,6,10,7,5,4,0.83,6,3024862,100.0,High,1순위
RISK-0209,External Attack,VPN Server,C2 Communication,0.05,10,5,1,2,8,0.89,8,2393704,100.0,High,1순위
RISK-0210,Service Disruption,Database Server,C2 Communication,1.61,9,9,9,5,3,0.94,6,3007814,100.0,High,1순위
RISK-0211,Credential Compromise,File Server,C2 Communication,5.49,4,2,9,8,4,0.91,6,1273485,71.53,High,1순위
RISK-0212,Data Leakage,VPN Server,C2 Communication,6.92,6,2,5,4,1,0.06,10,1975284,100.0,High,1순위
RISK-0213,Credential Compromise,VPN Server,C2 Communication,6.52,7,6,9,2,7,0.09,4,2380168,100.0,High,1순위
RISK-0214,External Attack,VPN Server,Vulnerability Exploitation,2.24,6,10,10,10,1,0.18,9,1953383,67.29,Medium,2순위
RISK-0215,External Attack,File Server,Phishing,7.12,8,2,6,3,2,0.36,7,1691369,100.0,High,1순위
RISK-0216,Service Disruption,Database Server,C2 Communication,2.37,4,4,5,9,7,0.8,6,1672737,83.5,High,1순위
RISK-0217,Insider Threat,Endpoint PC,Data Exfiltration,3.25,1,6,3,9,1,0.85,1,611172,40.84,Medium,2순위
RISK-0218,External Attack,Endpoint PC,Vulnerability Exploitation,7.46,7,5,8,8,3,0.22,2,2903506,100.0,High,1순위
RISK-0219,Insider Threat,File Server,Brute Force,6.5,3,1,4,8,6,0.61,6,2144398,96.01,High,1순위
RISK-0220,Malware Infection,File Server,Phishing,8.49,6,6,10,8,6,0.88,1,1877147,100.0,High,1순위
RISK-0221,Malware Infection,Web Server,Data Exfiltration,6.58,2,1,3,8,6,0.47,5,1247428,89.87,High,1순위
RISK-0222,Service Disruption,Cloud Service,C2 Communication,5.68,9,3,6,8,2,0.14,1,2367608,81.12,High,1순위
RISK-0223,Malware Infection,Database Server,Vulnerability Exploitation,0.94,1,10,8,1,2,0.46,3,1273724,59.69,Medium,2순위
RISK-0224,Credential Compromise,VPN Server,Vulnerability Exploitation,3.68,6,5,9,6,6,0.39,7,2941505,94.69,High,1순위
RISK-0225,Credential Compromise,Cloud Service,C2 Communication,2.65,6,10,6,9,10,0.57,5,1728814,100.0,High,1순위
RISK-0226,Credential Compromise,VPN Server,Data Exfiltration,2.44,5,5,5,8,5,0.44,10,3062797,87.15,High,1순위
RISK-0227,Service Disruption,Cloud Service,Vulnerability Exploitation,9.73,5,10,2,3,7,0.07,1,1718598,100.0,High,1순위
RISK-0228,Service Disruption,Endpoint PC,DDoS,3.93,1,6,2,1,7,0.94,1,1288128,100.0,High,1순위
RISK-0229,Credential Compromise,Cloud Service,Phishing,8.92,10,10,9,2,5,0.54,8,2155240,100.0,High,1순위
RISK-0230,Insider Threat,File Server,Data Exfiltration,6.31,5,8,2,2,8,0.48,9,2583348,100.0,High,1순위
RISK-0231,Credential Compromise,Database Server,C2 Communication,7.95,2,5,2,7,10,0.91,7,2495523,100.0,High,1순위
RISK-0232,Insider Threat,Endpoint PC,Data Exfiltration,5.03,7,1,3,6,6,0.19,3,2169319,92.84,High,1순위
RISK-0233,Malware Infection,Cloud Service,DDoS,5.77,3,5,3,2,5,0.22,6,2067637,100.0,High,1순위
RISK-0234,Insider Threat,Database Server,Data Exfiltration,4.93,4,3,4,8,4,0.78,3,1237667,76.76,High,1순위
RISK-0235,External Attack,File Server,Brute Force,1.95,3,4,7,9,7,0.28,10,1508542,76.15,High,1순위
RISK-0236,Data Leakage,VPN Server,C2 Communication,7.22,3,8,9,7,4,0.77,4,1652643,90.37,High,1순위
RISK-0237,External Attack,Web Server,Phishing,2.81,4,7,2,4,5,0.29,4,2119526,94.28,High,1순위
RISK-0238,External Attack,Database Server,C2 Communication,0.24,5,5,4,1,5,0.08,3,1629991,69.15,Medium,2순위
RISK-0239,Service Disruption,VPN Server,Brute Force,6.45,1,2,9,4,1,0.52,10,1152409,57.16,Medium,2순위
RISK-0240,Data Leakage,Database Server,C2 Communication,1.77,4,6,2,4,1,0.23,6,1247154,80.54,High,1순위
RISK-0241,Service Disruption,Database Server,C2 Communication,9.4,8,6,10,8,3,0.73,5,2298305,100.0,High,1순위
RISK-0242,Insider Threat,Database Server,Phishing,9.54,10,10,1,4,3,0.63,9,3600738,100.0,High,1순위
RISK-0243,Credential Compromise,File Server,Brute Force,9.15,7,10,10,4,2,0.88,9,2419689,100.0,High,1순위
RISK-0244,Insider Threat,Endpoint PC,C2 Communication,3.7,9,6,8,2,2,0.75,3,2321174,100.0,High,1순위
RISK-0245,Data Leakage,Database Server,DDoS,0.15,5,9,9,10,6,0.21,9,2171295,65.31,Medium,2순위
RISK-0246,Malware Infection,File Server,C2 Communication,9.28,10,8,7,7,1,0.77,3,1763637,100.0,High,1순위
RISK-0247,Insider Threat,Web Server,Vulnerability Exploitation,4.28,4,8,8,4,6,0.63,4,1775032,100.0,High,1순위
RISK-0248,External Attack,Endpoint PC,C2 Communication,9.67,8,1,4,6,5,0.65,1,2671863,100.0,High,1순위
RISK-0249,Data Leakage,File Server,Phishing,9.64,9,5,4,3,6,0.8,5,2802983,100.0,High,1순위
RISK-0250,Data Leakage,Web Server,Vulnerability Exploitation,8.53,7,7,2,7,5,0.57,9,2564486,100.0,High,1순위
RISK-0251,Insider Threat,Endpoint PC,DDoS,2.94,7,6,8,6,7,0.47,2,1742800,100.0,High,1순위
RISK-0252,Insider Threat,File Server,DDoS,3.85,5,5,2,3,1,0.62,4,2342809,96.79,High,1순위
RISK-0253,Service Disruption,Web Server,DDoS,8.51,4,8,9,4,3,0.32,10,3043993,100.0,High,1순위
RISK-0254,Service Disruption,File Server,Brute Force,3.17,10,3,4,10,6,0.21,2,1362263,82.27,High,1순위
RISK-0255,External Attack,Web Server,DDoS,1.69,1,6,1,5,1,0.6,8,1881001,70.73,High,1순위
RISK-0256,Data Leakage,Database Server,Data Exfiltration,5.57,10,5,4,9,7,0.26,9,2994674,100.0,High,1순위
RISK-0257,Malware Infection,Database Server,Phishing,9.36,10,8,3,6,4,0.12,3,2344233,100.0,High,1순위
RISK-0258,Malware Infection,Endpoint PC,Brute Force,6.96,7,4,6,4,3,0.05,9,2368412,100.0,High,1순위
RISK-0259,Data Leakage,Web Server,Vulnerability Exploitation,5.7,1,8,7,7,10,0.6,6,2208130,100.0,High,1순위
RISK-0260,External Attack,Database Server,Data Exfiltration,0.97,1,10,8,2,9,0.38,6,2175555,99.5,High,1순위
RISK-0261,Service Disruption,Endpoint PC,Brute Force,6.15,5,2,2,4,1,0.73,7,1621502,97.38,High,1순위
RISK-0262,Service Disruption,VPN Server,Phishing,9.9,9,9,6,5,8,0.39,5,1791258,100.0,High,1순위
RISK-0263,Service Disruption,Database Server,Vulnerability Exploitation,1.4,6,9,6,4,1,0.49,6,1488451,90.63,High,1순위
RISK-0264,Malware Infection,Database Server,Phishing,5.18,3,10,10,4,5,0.42,1,2134980,100.0,High,1순위
RISK-0265,Malware Infection,Cloud Service,Phishing,8.77,3,10,5,9,10,0.64,3,1785331,100.0,High,1순위
RISK-0266,External Attack,File Server,Vulnerability Exploitation,7.41,7,6,10,2,8,0.37,9,2481174,100.0,High,1순위
RISK-0267,Malware Infection,VPN Server,DDoS,6.97,6,4,10,6,6,0.92,5,2427677,100.0,High,1순위
RISK-0268,Insider Threat,Web Server,C2 Communication,7.02,9,4,7,8,7,0.89,5,2198156,100.0,High,1순위
RISK-0269,Malware Infection,Endpoint PC,Phishing,3.59,6,6,3,8,8,0.81,8,2861017,100.0,High,1순위
RISK-0270,Service Disruption,VPN Server,DDoS,2.94,5,5,4,7,6,0.88,2,1555213,87.38,High,1순위
RISK-0271,External Attack,Web Server,Vulnerability Exploitation,8.09,10,6,10,10,6,0.45,7,2592452,100.0,High,1순위
RISK-0272,Data Leakage,Database Server,Phishing,8.1,7,7,9,4,6,0.53,9,2450969,100.0,High,1순위
RISK-0273,Data Leakage,Cloud Service,C2 Communication,8.67,1,7,4,7,5,0.72,7,2670415,100.0,High,1순위
RISK-0274,External Attack,Endpoint PC,Vulnerability Exploitation,9.13,7,9,3,10,8,0.68,5,2607827,100.0,High,1순위
RISK-0275,Insider Threat,Endpoint PC,Brute Force,5.11,3,8,2,6,2,0.85,6,1543797,100.0,High,1순위
RISK-0276,Data Leakage,VPN Server,Brute Force,5.02,9,6,5,6,7,0.69,4,2835066,100.0,High,1순위
RISK-0277,Service Disruption,File Server,DDoS,7.98,6,6,4,2,4,0.95,7,2742722,100.0,High,1순위
RISK-0278,Data Leakage,Web Server,Brute Force,6.5,9,5,8,8,1,0.36,1,1559620,82.69,High,1순위
RISK-0279,Data Leakage,Cloud Service,Data Exfiltration,7.02,5,1,7,8,5,0.8,4,1437501,89.01,High,1순위
RISK-0280,Service Disruption,Cloud Service,Phishing,7.96,7,9,6,7,3,0.68,3,2093076,100.0,High,1순위
RISK-0281,Malware Infection,VPN Server,Phishing,8.9,4,9,2,9,4,0.67,4,2154605,100.0,High,1순위
RISK-0282,Insider Threat,File Server,Vulnerability Exploitation,3.38,7,9,3,8,7,0.34,1,2077934,100.0,High,1순위
RISK-0283,Service Disruption,File Server,Data Exfiltration,3.76,1,8,10,9,5,0.76,2,790940,55.61,Medium,2순위
RISK-0284,Service Disruption,File Server,Phishing,0.94,7,10,9,9,4,0.86,9,2153268,94.29,High,1순위
RISK-0285,Credential Compromise,Endpoint PC,Vulnerability Exploitation,5.78,8,3,9,6,1,0.25,7,1875861,81.76,High,1순위
RISK-0286,External Attack,Web Server,C2 Communication,0.36,5,1,5,2,6,0.61,6,1334550,68.8,Medium,2순위
RISK-0287,Insider Threat,Web Server,Phishing,4.66,2,8,3,7,10,0.4,2,1736003,100.0,High,1순위
RISK-0288,Malware Infection,VPN Server,DDoS,5.43,5,7,2,3,6,0.94,1,1744201,100.0,High,1순위
RISK-0289,Credential Compromise,Database Server,Phishing,2.87,6,5,8,7,7,0.48,2,1978931,76.63,High,1순위
RISK-0290,Service Disruption,VPN Server,C2 Communication,5.91,2,10,6,9,1,0.26,7,2227153,86.71,High,1순위
RISK-0291,Credential Compromise,Web Server,C2 Communication,0.31,6,7,10,10,4,0.39,2,901847,43.21,Medium,2순위
RISK-0292,Malware Infection,Endpoint PC,Phishing,0.37,6,10,7,10,9,0.64,3,1537409,93.14,High,1순위
RISK-0293,Credential Compromise,VPN Server,C2 Communication,8.23,1,4,1,2,10,0.12,8,1709805,100.0,High,1순위
RISK-0294,Credential Compromise,Database Server,Vulnerability Exploitation,3.6,1,9,1,6,6,0.59,7,1638355,100.0,High,1순위
RISK-0295,Credential Compromise,Cloud Service,Phishing,1.27,10,10,10,6,2,0.89,9,3311565,100.0,High,1순위
RISK-0296,Service Disruption,VPN Server,Phishing,5.22,3,2,2,9,4,0.82,4,1586074,70.64,High,1순위
RISK-0297,Service Disruption,File Server,Brute Force,7.7,10,9,10,9,6,0.11,7,2627156,100.0,High,1순위
RISK-0298,External Attack,Database Server,DDoS,2.16,10,9,3,5,4,0.94,1,2230960,100.0,High,1순위
RISK-0299,Data Leakage,File Server,Phishing,6.23,3,5,1,5,10,0.68,2,1519675,100.0,High,1순위
RISK-0300,Insider Threat,Endpoint PC,Brute Force,0.85,4,1,5,9,7,0.2,7,1200214,42.46,Medium,2순위
RISK-0301,External Attack,Web Server,C2 Communication,0.52,2,7,3,8,3,0.06,2,948293,40.91,Medium,2순위
RISK-0302,Malware Infection,VPN Server,DDoS,5.31,9,10,1,7,6,0.2,6,2255998,100.0,High,1순위
RISK-0303,Credential Compromise,VPN Server,DDoS,5.41,10,10,8,8,4,0.8,10,3582169,100.0,High,1순위
RISK-0304,Service Disruption,File Server,C2 Communication,6.37,7,4,6,6,3,0.07,9,2412702,100.0,High,1순위
RISK-0305,Credential Compromise,File Server,Vulnerability Exploitation,7.26,7,9,9,3,3,0.26,5,2032100,100.0,High,1순위
RISK-0306,Service Disruption,Web Server,Brute Force,9.76,6,6,3,7,2,0.73,10,2362193,100.0,High,1순위
RISK-0307,Insider Threat,VPN Server,Phishing,5.16,3,3,9,8,3,0.58,7,1649961,50.26,Medium,2순위
RISK-0308,External Attack,Web Server,Brute Force,3.23,6,6,9,8,10,0.75,1,1577724,97.2,High,1순위
RISK-0309,External Attack,File Server,C2 Communication,7.95,8,10,1,1,1,0.72,8,1974542,100.0,High,1순위
RISK-0310,Malware Infection,Cloud Service,C2 Communication,2.71,8,6,3,7,3,0.1,9,2622795,100.0,High,1순위
RISK-0311,External Attack,File Server,Vulnerability Exploitation,4.39,9,5,6,3,9,0.85,5,2510769,100.0,High,1순위
RISK-0312,External Attack,Database Server,DDoS,0.78,1,2,8,2,4,0.25,6,538537,24.04,Low,3순위
RISK-0313,Data Leakage,File Server,DDoS,0.25,1,10,4,2,3,0.55,8,2154865,90.31,High,1순위
RISK-0314,Insider Threat,File Server,C2 Communication,9.63,3,10,5,8,8,0.63,4,2097721,100.0,High,1순위
RISK-0315,Credential Compromise,Cloud Service,Brute Force,8.36,3,2,9,9,1,0.2,2,1209775,47.42,Medium,2순위
RISK-0316,External Attack,Web Server,DDoS,6.96,10,7,6,3,5,0.93,10,2352672,100.0,High,1순위
RISK-0317,Malware Infection,Database Server,Phishing,4.09,8,2,7,3,1,0.49,8,2573980,90.43,High,1순위
RISK-0318,Credential Compromise,Database Server,Phishing,1.73,10,6,7,6,7,0.1,2,2303204,100.0,High,1순위
RISK-0319,Service Disruption,VPN Server,Brute Force,1.56,1,5,4,10,5,0.89,5,1178831,57.77,Medium,2순위
RISK-0320,External Attack,Cloud Service,Vulnerability Exploitation,2.5,2,4,4,1,2,0.58,6,2065429,73.49,High,1순위
RISK-0321,External Attack,Endpoint PC,Phishing,5.49,2,7,4,6,1,0.68,5,1117336,83.67,High,1순위
RISK-0322,Credential Compromise,VPN Server,Brute Force,7.15,3,8,5,3,7,0.52,6,2667205,100.0,High,1순위
RISK-0323,Service Disruption,VPN Server,Brute Force,6.6,6,4,5,4,1,0.8,6,2185180,100.0,High,1순위
RISK-0324,Data Leakage,VPN Server,C2 Communication,2.8,1,1,8,9,3,0.08,3,254202,2.34,Low,3순위
RISK-0325,Insider Threat,Database Server,DDoS,9.55,2,1,9,3,6,0.29,3,1575518,80.91,High,1순위
RISK-0326,Data Leakage,Web Server,C2 Communication,7.38,1,1,2,1,6,0.47,9,2246677,100.0,High,1순위
RISK-0327,Malware Infection,File Server,DDoS,5.54,5,1,7,3,7,0.12,3,1289583,90.23,High,1순위
RISK-0328,Credential Compromise,Database Server,Vulnerability Exploitation,6.12,7,5,1,7,1,0.69,3,2199941,100.0,High,1순위
RISK-0329,External Attack,File Server,Vulnerability Exploitation,4.2,8,4,1,7,7,0.4,2,2556615,100.0,High,1순위
RISK-0330,Data Leakage,File Server,Vulnerability Exploitation,2.48,10,9,4,5,2,0.3,7,2910429,100.0,High,1순위
RISK-0331,Insider Threat,Endpoint PC,Brute Force,3.56,1,3,10,1,6,0.05,10,1251249,74.36,High,1순위
RISK-0332,Malware Infection,VPN Server,Brute Force,7.58,7,7,7,8,8,0.7,10,2637464,100.0,High,1순위
RISK-0333,Data Leakage,Endpoint PC,C2 Communication,0.14,5,8,2,10,5,0.8,4,1844084,90.8,High,1순위
RISK-0334,External Attack,VPN Server,Phishing,1.16,10,6,2,8,10,0.41,1,2088005,100.0,High,1순위
RISK-0335,Insider Threat,Database Server,DDoS,0.46,1,10,1,10,3,0.56,6,1335496,67.63,Medium,2순위
RISK-0336,External Attack,File Server,DDoS,0.41,3,1,10,10,8,0.25,5,902625,16.87,Low,3순위
RISK-0337,External Attack,Endpoint PC,Vulnerability Exploitation,8.55,7,8,2,10,8,0.61,2,1862781,100.0,High,1순위
RISK-0338,Malware Infection,Cloud Service,DDoS,7.04,10,10,7,2,4,0.06,6,2586745,100.0,High,1순위
RISK-0339,Insider Threat,Database Server,Data Exfiltration,4.74,1,3,9,10,8,0.49,1,1155978,52.14,Medium,2순위
RISK-0340,Service Disruption,Database Server,Vulnerability Exploitation,0.98,7,8,6,3,5,0.63,3,1490050,100.0,High,1순위
RISK-0341,External Attack,Cloud Service,DDoS,4.92,5,4,10,4,5,0.88,4,2330116,92.23,High,1순위
RISK-0342,Insider Threat,VPN Server,C2 Communication,4.73,1,8,2,1,3,0.39,3,1912890,93.25,High,1순위
RISK-0343,External Attack,File Server,DDoS,1.73,1,1,10,4,7,0.74,6,1084429,34.97,Low,3순위
RISK-0344,Data Leakage,VPN Server,Brute Force,4.34,1,3,10,5,9,0.59,4,1418087,70.88,High,1순위
RISK-0345,Data Leakage,VPN Server,C2 Communication,3.99,9,6,9,3,9,0.88,1,2751474,100.0,High,1순위
RISK-0346,Insider Threat,Database Server,C2 Communication,6.16,3,9,7,10,1,0.41,5,1329897,77.92,High,1순위
RISK-0347,Malware Infection,VPN Server,C2 Communication,6.35,5,2,1,2,1,0.34,5,2148877,100.0,High,1순위
RISK-0348,Service Disruption,Web Server,Data Exfiltration,0.45,10,1,9,6,10,0.85,9,3094596,100.0,High,1순위
RISK-0349,Data Leakage,Cloud Service,Data Exfiltration,3.75,9,10,2,8,5,0.09,8,2208500,100.0,High,1순위
RISK-0350,Malware Infection,Cloud Service,DDoS,6.26,6,3,4,7,1,0.17,8,1703236,85.9,High,1순위
RISK-0351,Service Disruption,File Server,Vulnerability Exploitation,5.03,9,4,9,1,4,0.12,5,2622429,100.0,High,1순위
RISK-0352,Data Leakage,Cloud Service,DDoS,8.56,8,5,4,4,1,0.81,8,3115943,100.0,High,1순위
RISK-0353,Service Disruption,VPN Server,DDoS,6.59,8,3,3,3,2,0.06,10,2330943,100.0,High,1순위
RISK-0354,Credential Compromise,VPN Server,DDoS,1.63,1,10,1,6,2,0.83,7,2185053,85.27,High,1순위
RISK-0355,External Attack,Endpoint PC,Brute Force,0.71,9,2,7,9,4,0.46,1,1865141,49.63,Medium,2순위
RISK-0356,Insider Threat,File Server,C2 Communication,6.42,6,2,6,9,8,0.05,7,2604275,93.14,High,1순위
RISK-0357,Data Leakage,File Server,Phishing,0.27,9,7,10,7,2,0.41,8,2786120,67.23,Medium,2순위
RISK-0358,Data Leakage,Cloud Service,Vulnerability Exploitation,5.86,3,9,4,9,9,0.22,3,1759595,100.0,High,1순위
RISK-0359,External Attack,VPN Server,Vulnerability Exploitation,9.4,3,10,6,8,9,0.61,9,2788087,100.0,High,1순위
RISK-0360,Data Leakage,Web Server,C2 Communication,5.75,6,2,6,5,2,0.66,8,2574249,95.38,High,1순위
RISK-0361,Data Leakage,Endpoint PC,Vulnerability Exploitation,3.88,9,7,4,9,1,0.49,2,2748716,100.0,High,1순위
RISK-0362,Credential Compromise,Web Server,C2 Communication,6.43,7,7,6,7,10,0.09,6,2438402,100.0,High,1순위
RISK-0363,Data Leakage,VPN Server,Vulnerability Exploitation,4.58,3,7,10,5,10,0.64,4,1400936,100.0,High,1순위
RISK-0364,Data Leakage,File Server,DDoS,5.46,3,3,8,8,9,0.81,3,1384077,89.36,High,1순위
RISK-0365,Data Leakage,File Server,Brute Force,9.41,2,7,3,7,2,0.7,6,1633368,100.0,High,1순위
RISK-0366,Malware Infection,Web Server,Vulnerability Exploitation,3.86,9,1,4,9,8,0.8,10,2828870,100.0,High,1순위
RISK-0367,Data Leakage,Database Server,Vulnerability Exploitation,9.61,3,10,10,10,3,0.23,9,2807487,100.0,High,1순위
RISK-0368,External Attack,VPN Server,Phishing,9.05,5,1,1,1,1,0.85,2,1945514,100.0,High,1순위
RISK-0369,Credential Compromise,File Server,Brute Force,1.96,9,5,4,9,1,0.34,10,2881710,86.66,High,1순위
RISK-0370,Data Leakage,Cloud Service,DDoS,0.69,8,2,10,7,10,0.06,10,2425430,86.47,High,1순위
RISK-0371,Service Disruption,Database Server,Brute Force,1.01,2,9,10,1,2,0.81,10,1961451,76.6,High,1순위
RISK-0372,Credential Compromise,File Server,Brute Force,0.18,3,7,9,1,7,0.9,5,1386910,81.04,High,1순위
RISK-0373,Credential Compromise,Cloud Service,Vulnerability Exploitation,0.94,2,4,8,5,6,0.64,6,1515128,49.8,Medium,2순위
RISK-0374,Service Disruption,File Server,Data Exfiltration,6.83,8,4,4,8,2,0.26,4,3032569,100.0,High,1순위
RISK-0375,External Attack,Database Server,Vulnerability Exploitation,0.71,6,2,7,9,4,0.28,7,1594858,37.18,Low,3순위
RISK-0376,Malware Infection,Web Server,C2 Communication,3.19,6,5,10,6,2,0.47,2,1123911,50.61,Medium,2순위
RISK-0377,External Attack,VPN Server,Phishing,8.45,9,4,3,10,1,0.86,7,1997393,100.0,High,1순위
RISK-0378,Malware Infection,Database Server,Brute Force,0.23,8,1,9,8,3,0.18,2,1029208,14.56,Low,3순위
RISK-0379,Insider Threat,Database Server,C2 Communication,8.14,4,8,10,6,4,0.79,1,2259370,100.0,High,1순위
RISK-0380,Service Disruption,File Server,DDoS,2.82,4,3,4,6,10,0.31,5,2152719,96.3,High,1순위
RISK-0381,Credential Compromise,Cloud Service,C2 Communication,1.18,9,6,2,4,5,0.78,2,2047478,100.0,High,1순위
RISK-0382,Credential Compromise,Database Server,Data Exfiltration,6.97,1,4,10,5,5,0.88,8,1683549,88.39,High,1순위
RISK-0383,Credential Compromise,VPN Server,Brute Force,6.29,2,9,5,2,7,0.43,8,2383996,100.0,High,1순위
RISK-0384,Service Disruption,Web Server,Vulnerability Exploitation,8.77,2,7,2,3,10,0.38,1,1330137,100.0,High,1순위
RISK-0385,Service Disruption,Cloud Service,Brute Force,7.35,6,9,10,3,8,0.77,4,1880555,100.0,High,1순위
RISK-0386,Malware Infection,Web Server,Phishing,8.03,4,10,6,5,9,0.53,9,2510770,100.0,High,1순위
RISK-0387,Credential Compromise,Web Server,Brute Force,2.82,10,3,10,5,7,0.67,5,3548629,100.0,High,1순위
RISK-0388,External Attack,VPN Server,C2 Communication,1.77,3,1,1,6,5,0.61,10,2144492,76.18,High,1순위
RISK-0389,Malware Infection,File Server,C2 Communication,7.51,3,5,6,5,9,0.19,6,2405796,100.0,High,1순위
RISK-0390,Credential Compromise,Cloud Service,Vulnerability Exploitation,8.07,3,3,4,6,8,0.81,3,1655916,100.0,High,1순위
RISK-0391,Service Disruption,Cloud Service,Vulnerability Exploitation,9.91,6,6,3,8,10,0.23,5,1727759,100.0,High,1순위
RISK-0392,Service Disruption,VPN Server,Vulnerability Exploitation,4.13,8,8,2,2,9,0.89,1,1621470,100.0,High,1순위
RISK-0393,Service Disruption,Cloud Service,DDoS,3.72,7,4,7,4,10,0.28,8,2337130,100.0,High,1순위
RISK-0394,Credential Compromise,Database Server,Phishing,7.76,4,5,9,6,8,0.71,6,1809324,100.0,High,1순위
RISK-0395,Service Disruption,Endpoint PC,DDoS,3.41,4,5,3,5,6,0.31,2,1840692,80.51,High,1순위
RISK-0396,Insider Threat,Endpoint PC,DDoS,9.31,10,4,6,1,4,0.34,4,2265878,100.0,High,1순위
RISK-0397,Service Disruption,Endpoint PC,DDoS,8.58,2,4,9,9,9,0.33,4,1820173,99.54,High,1순위
RISK-0398,Credential Compromise,Web Server,Brute Force,4.29,1,4,2,3,9,0.72,9,1862261,100.0,High,1순위
RISK-0399,Malware Infection,Cloud Service,Data Exfiltration,7.51,9,4,7,2,10,0.55,9,2479973,100.0,High,1순위
RISK-0400,Service Disruption,VPN Server,Brute Force,7.55,2,4,5,9,10,0.84,5,1505371,100.0,High,1순위
RISK-0401,Data Leakage,Cloud Service,Vulnerability Exploitation,1.03,8,5,5,7,9,0.33,3,2822932,90.5,High,1순위
RISK-0402,Insider Threat,VPN Server,Phishing,9.03,9,2,7,5,10,0.67,1,1941984,100.0,High,1순위
RISK-0403,Credential Compromise,Cloud Service,DDoS,5.05,4,2,9,6,3,0.73,6,1496323,65.76,Medium,2순위
RISK-0404,Service Disruption,Web Server,Brute Force,8.26,8,9,4,4,3,0.19,8,2651261,100.0,High,1순위
RISK-0405,Data Leakage,Database Server,C2 Communication,3.2,9,2,9,1,6,0.41,1,1881458,87.31,High,1순위
RISK-0406,Credential Compromise,Endpoint PC,DDoS,8.96,10,6,10,4,6,0.48,1,2687883,100.0,High,1순위
RISK-0407,Malware Infection,Endpoint PC,Brute Force,3.89,10,2,9,9,6,0.37,7,2464504,86.66,High,1순위
RISK-0408,Insider Threat,Cloud Service,C2 Communication,0.11,5,5,4,1,5,0.34,7,2458227,85.8,High,1순위
RISK-0409,Service Disruption,Web Server,Brute Force,9.05,7,4,3,10,5,0.67,2,2639798,100.0,High,1순위
RISK-0410,Malware Infection,Endpoint PC,Brute Force,0.91,10,7,2,3,2,0.24,3,2278532,98.5,High,1순위
RISK-0411,Credential Compromise,Cloud Service,DDoS,3.19,4,7,9,5,7,0.69,2,1149623,83.97,High,1순위
RISK-0412,Data Leakage,File Server,Brute Force,9.5,1,6,2,7,4,0.89,6,1769293,100.0,High,1순위
RISK-0413,Credential Compromise,Cloud Service,Vulnerability Exploitation,9.51,3,10,6,9,3,0.56,8,2866848,100.0,High,1순위
RISK-0414,Credential Compromise,VPN Server,C2 Communication,5.73,5,5,5,6,8,0.6,8,2007242,100.0,High,1순위
RISK-0415,Insider Threat,Endpoint PC,Phishing,6.32,3,1,5,3,4,0.11,1,1413546,70.97,High,1순위
RISK-0416,Service Disruption,Endpoint PC,Data Exfiltration,4.48,7,3,4,7,4,0.83,9,2515943,100.0,High,1순위
RISK-0417,Malware Infection,File Server,DDoS,2.93,9,9,6,4,8,0.31,8,2808282,100.0,High,1순위
RISK-0418,Insider Threat,Database Server,C2 Communication,3.29,6,1,5,3,1,0.6,9,1638287,76.84,High,1순위
RISK-0419,Data Leakage,Cloud Service,Vulnerability Exploitation,6.73,10,5,4,7,9,0.93,9,2450420,100.0,High,1순위
RISK-0420,Service Disruption,Database Server,C2 Communication,7.52,1,2,9,7,7,0.59,6,1332132,78.34,High,1순위
RISK-0421,Insider Threat,Cloud Service,Phishing,7.92,7,4,6,4,2,0.7,3,1840826,100.0,High,1순위
RISK-0422,Data Leakage,File Server,DDoS,7.9,3,1,10,7,6,0.45,1,793903,63.14,Medium,2순위
RISK-0423,Data Leakage,Database Server,C2 Communication,0.91,5,3,10,2,8,0.1,8,1606394,77.44,High,1순위
RISK-0424,Malware Infection,Web Server,Vulnerability Exploitation,4.94,10,10,10,1,5,0.77,10,3022902,100.0,High,1순위
RISK-0425,Credential Compromise,File Server,DDoS,0.58,4,7,3,2,6,0.08,3,1644881,84.35,High,1순위
RISK-0426,Data Leakage,Cloud Service,Vulnerability Exploitation,5.5,10,10,10,4,10,0.68,7,2816063,100.0,High,1순위
RISK-0427,Data Leakage,VPN Server,DDoS,4.42,5,3,6,8,8,0.07,10,2129623,100.0,High,1순위
RISK-0428,Credential Compromise,VPN Server,Data Exfiltration,8.88,5,4,1,3,6,0.83,6,1950095,100.0,High,1순위
RISK-0429,External Attack,VPN Server,Phishing,3.51,6,2,5,10,9,0.19,3,1495871,70.28,High,1순위
RISK-0430,Data Leakage,Cloud Service,Data Exfiltration,1.17,10,3,10,6,9,0.51,6,2321567,93.0,High,1순위
RISK-0431,Service Disruption,Endpoint PC,Brute Force,1.43,10,9,6,6,9,0.59,3,2601868,100.0,High,1순위
RISK-0432,Insider Threat,File Server,Vulnerability Exploitation,7.62,6,3,8,9,6,0.46,9,1938203,100.0,High,1순위
RISK-0433,Credential Compromise,File Server,Data Exfiltration,6.18,8,5,9,9,9,0.36,1,2576504,100.0,High,1순위
RISK-0434,Credential Compromise,Database Server,Vulnerability Exploitation,1.01,8,2,3,4,3,0.47,8,2149879,85.65,High,1순위
RISK-0435,Credential Compromise,File Server,DDoS,0.84,9,4,2,9,5,0.33,5,3017520,86.66,High,1순위
RISK-0436,Service Disruption,File Server,Vulnerability Exploitation,7.01,8,7,4,6,2,0.44,4,2986989,100.0,High,1순위
RISK-0437,Credential Compromise,Database Server,Brute Force,0.73,2,7,8,2,8,0.37,1,1212233,61.97,Medium,2순위
RISK-0438,Service Disruption,File Server,Vulnerability Exploitation,8.22,10,3,8,10,4,0.56,9,3172305,100.0,High,1순위
RISK-0439,Malware Infection,File Server,DDoS,7.06,1,5,3,6,6,0.26,9,1377668,100.0,High,1순위
RISK-0440,External Attack,Web Server,DDoS,0.81,10,1,4,2,6,0.94,5,2221778,100.0,High,1순위
RISK-0441,Credential Compromise,Cloud Service,Data Exfiltration,0.85,2,10,3,8,5,0.5,9,2062445,95.56,High,1순위
RISK-0442,External Attack,Database Server,Phishing,9.87,2,10,10,4,1,0.22,10,1670276,100.0,High,1순위
RISK-0443,Credential Compromise,Web Server,C2 Communication,3.74,3,10,2,5,7,0.48,9,1724382,100.0,High,1순위
RISK-0444,Service Disruption,Endpoint PC,Data Exfiltration,3.71,10,1,4,8,10,0.83,7,2878139,100.0,High,1순위
RISK-0445,Insider Threat,Database Server,Brute Force,8.13,7,5,6,8,8,0.07,8,1993816,100.0,High,1순위
RISK-0446,External Attack,Cloud Service,C2 Communication,9.47,2,10,5,6,1,0.66,1,1468151,100.0,High,1순위
RISK-0447,External Attack,File Server,Vulnerability Exploitation,9.86,1,9,3,4,10,0.54,4,1511798,100.0,High,1순위
RISK-0448,Service Disruption,File Server,Data Exfiltration,7.53,6,1,2,1,7,0.2,10,2682656,100.0,High,1순위
RISK-0449,External Attack,Web Server,C2 Communication,3.76,9,1,9,7,4,0.79,10,3303759,100.0,High,1순위
RISK-0450,Malware Infection,Web Server,Data Exfiltration,0.84,3,4,1,8,6,0.38,4,1479583,61.76,Medium,2순위
RISK-0451,Service Disruption,Endpoint PC,Vulnerability Exploitation,7.77,6,4,9,9,9,0.31,9,2158479,100.0,High,1순위
RISK-0452,External Attack,Endpoint PC,DDoS,5.58,3,2,1,2,5,0.8,3,1637113,99.85,High,1순위
RISK-0453,External Attack,Cloud Service,Data Exfiltration,4.24,1,9,7,1,8,0.62,10,2333892,100.0,High,1순위
RISK-0454,External Attack,File Server,Brute Force,9.06,5,9,6,4,5,0.86,10,1579739,100.0,High,1순위
RISK-0455,Service Disruption,VPN Server,C2 Communication,1.11,10,2,7,5,2,0.62,1,1824209,58.53,Medium,2순위
RISK-0456,Insider Threat,Endpoint PC,C2 Communication,4.93,4,9,3,10,4,0.72,5,2025308,100.0,High,1순위
RISK-0457,Data Leakage,File Server,C2 Communication,0.11,7,6,3,1,2,0.8,7,2166926,95.53,High,1순위
RISK-0458,Credential Compromise,Endpoint PC,Data Exfiltration,4.69,6,8,1,5,7,0.1,4,2781382,100.0,High,1순위
RISK-0459,External Attack,Database Server,Vulnerability Exploitation,0.56,10,10,4,6,7,0.75,9,3132771,100.0,High,1순위
RISK-0460,Data Leakage,Web Server,Data Exfiltration,1.19,7,4,2,3,3,0.6,6,2382327,92.37,High,1순위
RISK-0461,Data Leakage,File Server,Data Exfiltration,1.18,5,2,10,7,7,0.11,6,1292902,54.99,Medium,2순위
RISK-0462,External Attack,Endpoint PC,DDoS,6.49,4,2,8,6,1,0.51,3,1627019,57.75,Medium,2순위
RISK-0463,External Attack,Web Server,C2 Communication,7.46,7,9,3,4,1,0.12,10,2375773,100.0,High,1순위
RISK-0464,Credential Compromise,VPN Server,Vulnerability Exploitation,5.83,7,1,7,3,9,0.71,10,2637803,100.0,High,1순위
RISK-0465,Data Leakage,Endpoint PC,Phishing,9.62,6,7,7,5,6,0.54,5,2064261,100.0,High,1순위
RISK-0466,Insider Threat,File Server,Vulnerability Exploitation,3.75,8,3,9,3,5,0.91,10,2881710,100.0,High,1순위
RISK-0467,Data Leakage,Database Server,Data Exfiltration,2.86,4,3,6,10,6,0.21,6,1587568,59.46,Medium,2순위
RISK-0468,Insider Threat,Web Server,Brute Force,8.69,10,2,1,9,6,0.6,4,2180585,100.0,High,1순위
RISK-0469,Malware Infection,Web Server,Vulnerability Exploitation,2.24,5,10,8,9,1,0.24,3,1615421,54.14,Medium,2순위
RISK-0470,Insider Threat,Database Server,C2 Communication,9.63,4,6,1,6,5,0.6,5,1770842,100.0,High,1순위
RISK-0471,Credential Compromise,File Server,Brute Force,0.12,1,10,3,6,9,0.7,7,1230300,100.0,High,1순위
RISK-0472,Service Disruption,Cloud Service,Phishing,9.7,8,2,5,4,4,0.7,6,2253414,100.0,High,1순위
RISK-0473,External Attack,VPN Server,Phishing,0.43,1,10,8,4,3,0.78,2,1169826,53.43,Medium,2순위
RISK-0474,Malware Infection,Cloud Service,Brute Force,8.91,5,4,9,2,1,0.82,1,2080138,90.43,High,1순위
RISK-0475,Data Leakage,Database Server,Phishing,5.28,6,10,7,10,2,0.12,5,2330982,81.1,High,1순위
RISK-0476,Insider Threat,VPN Server,Brute Force,9.93,6,9,9,4,3,0.36,5,1938001,100.0,High,1순위
RISK-0477,Malware Infection,File Server,Data Exfiltration,0.74,5,9,3,8,4,0.67,6,2661740,100.0,High,1순위
RISK-0478,Service Disruption,Endpoint PC,Brute Force,5.54,3,6,5,10,7,0.5,3,2085072,90.23,High,1순위
RISK-0479,Insider Threat,Endpoint PC,Data Exfiltration,9.69,5,4,10,2,6,0.22,1,1364104,100.0,High,1순위
RISK-0480,Credential Compromise,Cloud Service,C2 Communication,5.23,8,7,8,9,8,0.55,4,2541379,100.0,High,1순위
RISK-0481,Data Leakage,File Server,C2 Communication,6.29,2,1,1,1,9,0.42,4,1862283,100.0,High,1순위
RISK-0482,Data Leakage,VPN Server,Phishing,6.96,6,4,8,2,6,0.4,10,2580067,100.0,High,1순위
RISK-0483,Insider Threat,Cloud Service,DDoS,4.55,9,5,7,2,7,0.78,2,3148965,100.0,High,1순위
RISK-0484,Service Disruption,Database Server,DDoS,6.28,8,8,1,6,4,0.42,8,2340649,100.0,High,1순위
RISK-0485,External Attack,Cloud Service,Brute Force,5.84,8,2,10,7,2,0.07,6,1953687,70.58,High,1순위
RISK-0486,External Attack,File Server,Data Exfiltration,9.01,8,5,10,3,9,0.1,3,1730687,100.0,High,1순위
RISK-0487,Data Leakage,File Server,C2 Communication,0.45,7,6,6,9,9,0.82,1,1886489,86.78,High,1순위
RISK-0488,Service Disruption,Endpoint PC,C2 Communication,2.81,8,5,1,5,4,0.91,3,2661596,100.0,High,1순위
RISK-0489,Data Leakage,Database Server,C2 Communication,9.5,6,9,2,5,3,0.67,8,2451460,100.0,High,1순위
RISK-0490,External Attack,Endpoint PC,Phishing,8.9,2,10,5,4,10,0.38,4,1794917,100.0,High,1순위
RISK-0491,Data Leakage,VPN Server,C2 Communication,4.56,2,1,2,9,6,0.89,3,1662043,68.02,Medium,2순위
RISK-0492,Insider Threat,VPN Server,DDoS,6.2,8,3,10,8,3,0.65,4,2204806,76.81,High,1순위
RISK-0493,Credential Compromise,Web Server,Vulnerability Exploitation,2.77,1,2,1,4,1,0.81,4,1134317,51.04,Medium,2순위
RISK-0494,Insider Threat,File Server,Phishing,1.88,6,3,6,4,4,0.74,2,1438201,69.37,Medium,2순위
RISK-0495,Credential Compromise,Database Server,Brute Force,4.64,6,10,8,2,1,0.39,4,2147264,100.0,High,1순위
RISK-0496,Service Disruption,Database Server,Vulnerability Exploitation,3.53,4,9,8,9,2,0.48,9,2159550,76.84,High,1순위
RISK-0497,External Attack,Endpoint PC,Phishing,5.84,10,9,8,3,3,0.22,4,2523814,100.0,High,1순위
RISK-0498,Service Disruption,Cloud Service,Phishing,0.78,3,10,6,4,8,0.31,1,1252723,79.09,High,1순위
RISK-0499,Service Disruption,Cloud Service,Data Exfiltration,9.74,3,2,3,7,10,0.75,1,1803883,100.0,High,1순위
RISK-0500,External Attack,Endpoint PC,Vulnerability Exploitation,9.86,1,3,1,10,4,0.85,1,1037938,97.58,High,1순위
RISK-0501,Malware Infection,Cloud Service,Vulnerability Exploitation,6.98,3,4,2,8,4,0.7,5,1546656,100.0,High,1순위
RISK-0502,Malware Infection,Database Server,DDoS,5.36,4,9,5,8,10,0.47,6,2191395,100.0,High,1순위
RISK-0503,Data Leakage,Endpoint PC,Vulnerability Exploitation,3.1,5,3,10,4,9,0.13,6,1782621,84.79,High,1순위
RISK-0504,Malware Infection,Cloud Service,C2 Communication,8.14,3,7,5,7,7,0.1,6,1277655,100.0,High,1순위
RISK-0505,Insider Threat,Web Server,DDoS,6.85,6,3,10,10,2,0.39,9,2398179,75.98,High,1순위
RISK-0506,Credential Compromise,File Server,C2 Communication,1.63,5,7,1,1,3,0.47,1,1881873,89.57,High,1순위
RISK-0507,Service Disruption,Web Server,DDoS,9.11,3,7,1,6,4,0.6,10,2885348,100.0,High,1순위
RISK-0508,Data Leakage,Cloud Service,Brute Force,8.23,6,9,9,6,4,0.06,6,2442104,100.0,High,1순위
RISK-0509,Service Disruption,VPN Server,DDoS,9.5,6,2,2,6,10,0.94,8,2399935,100.0,High,1순위
RISK-0510,External Attack,Database Server,Brute Force,7.26,8,6,7,2,8,0.38,8,1995033,100.0,High,1순위
RISK-0511,Malware Infection,Web Server,DDoS,6.13,2,9,10,8,10,0.81,3,1515582,100.0,High,1순위
RISK-0512,External Attack,Web Server,Brute Force,4.18,1,2,4,5,10,0.53,5,1951711,90.38,High,1순위
RISK-0513,Data Leakage,Endpoint PC,C2 Communication,9.33,4,2,7,5,6,0.17,10,1845492,100.0,High,1순위
RISK-0514,Credential Compromise,Endpoint PC,DDoS,8.66,7,5,8,2,3,0.77,4,2983747,100.0,High,1순위
RISK-0515,Insider Threat,Endpoint PC,Data Exfiltration,0.45,10,10,5,4,9,0.69,1,2074893,100.0,High,1순위
RISK-0516,Malware Infection,Cloud Service,DDoS,0.26,3,10,1,9,10,0.52,9,1832010,100.0,High,1순위
RISK-0517,External Attack,VPN Server,Brute Force,3.76,3,10,4,9,8,0.51,5,2303867,100.0,High,1순위
RISK-0518,Credential Compromise,Web Server,Phishing,8.11,5,8,10,6,9,0.13,2,2401847,100.0,High,1순위
RISK-0519,Malware Infection,File Server,C2 Communication,9.87,5,9,3,9,5,0.64,2,1493340,100.0,High,1순위
RISK-0520,Service Disruption,Endpoint PC,Data Exfiltration,1.5,10,2,10,4,3,0.87,7,2214023,89.79,High,1순위
RISK-0521,Insider Threat,VPN Server,Phishing,5.94,3,5,5,1,4,0.13,4,2254402,96.43,High,1순위
RISK-0522,Credential Compromise,Cloud Service,Phishing,3.81,9,7,10,2,5,0.29,1,1607881,100.0,High,1순위
RISK-0523,Malware Infection,VPN Server,C2 Communication,9.7,4,6,10,1,9,0.86,5,1474247,100.0,High,1순위
RISK-0524,Insider Threat,Endpoint PC,DDoS,8.42,3,6,6,8,9,0.31,2,1531426,100.0,High,1순위
RISK-0525,Credential Compromise,Database Server,Vulnerability Exploitation,8.38,2,7,2,9,3,0.64,7,1862184,100.0,High,1순위
RISK-0526,Service Disruption,Web Server,Data Exfiltration,4.69,10,3,7,10,7,0.53,9,3507095,100.0,High,1순위
RISK-0527,Service Disruption,Endpoint PC,DDoS,4.15,9,3,3,6,6,0.59,1,2112837,100.0,High,1순위
RISK-0528,External Attack,File Server,C2 Communication,2.73,4,10,1,2,4,0.42,2,2323683,100.0,High,1순위
RISK-0529,Data Leakage,Web Server,Vulnerability Exploitation,0.56,3,9,10,6,5,0.32,6,1835448,71.85,High,1순위
RISK-0530,External Attack,VPN Server,C2 Communication,8.65,7,8,3,9,10,0.09,8,3185754,100.0,High,1순위
RISK-0531,Insider Threat,File Server,C2 Communication,8.13,8,5,9,3,2,0.72,7,2303266,100.0,High,1순위
RISK-0532,External Attack,Web Server,Phishing,10.0,2,6,10,9,7,0.72,9,1430117,100.0,High,1순위
RISK-0533,Credential Compromise,File Server,DDoS,9.97,7,10,6,2,4,0.65,2,2570398,100.0,High,1순위
RISK-0534,Malware Infection,VPN Server,C2 Communication,5.55,5,1,6,5,2,0.63,9,1587938,91.87,High,1순위
RISK-0535,Credential Compromise,Endpoint PC,DDoS,7.69,5,10,4,2,6,0.27,4,2299169,100.0,High,1순위
RISK-0536,External Attack,File Server,Vulnerability Exploitation,9.45,3,1,8,7,2,0.07,3,940410,62.71,Medium,2순위
RISK-0537,Data Leakage,Endpoint PC,Phishing,8.5,5,4,5,10,10,0.78,7,2627905,100.0,High,1순위
RISK-0538,Credential Compromise,VPN Server,Vulnerability Exploitation,2.47,2,2,7,9,2,0.49,5,858887,27.67,Low,3순위
RISK-0539,Credential Compromise,VPN Server,Vulnerability Exploitation,4.51,4,7,9,7,7,0.33,5,1512757,81.37,High,1순위
RISK-0540,Credential Compromise,File Server,Phishing,1.29,6,2,5,5,1,0.14,2,827472,30.33,Low,3순위
RISK-0541,Data Leakage,File Server,DDoS,9.54,1,10,5,4,7,0.11,6,1747528,100.0,High,1순위
RISK-0542,Credential Compromise,VPN Server,Vulnerability Exploitation,6.06,10,2,4,4,10,0.36,6,2308916,100.0,High,1순위
RISK-0543,Insider Threat,File Server,Brute Force,2.29,4,5,6,10,5,0.77,4,1264622,54.35,Medium,2순위
RISK-0544,Service Disruption,File Server,DDoS,6.72,6,4,2,8,1,0.88,5,2523839,96.41,High,1순위
RISK-0545,Data Leakage,File Server,C2 Communication,6.18,9,8,3,10,6,0.86,7,2224008,100.0,High,1순위
RISK-0546,Insider Threat,Cloud Service,Phishing,3.58,2,4,1,10,7,0.88,8,1729632,100.0,High,1순위
RISK-0547,Data Leakage,File Server,Phishing,1.14,7,6,2,10,1,0.87,6,1987559,80.49,High,1순위
RISK-0548,Data Leakage,Web Server,DDoS,6.72,6,5,2,10,9,0.52,5,2170811,100.0,High,1순위
RISK-0549,Service Disruption,VPN Server,Brute Force,5.2,2,2,8,10,7,0.25,3,917198,49.13,Medium,2순위
RISK-0550,Malware Infection,VPN Server,Brute Force,7.72,8,8,8,1,1,0.77,7,3043055,100.0,High,1순위
RISK-0551,Insider Threat,Database Server,Brute Force,5.2,7,2,2,5,3,0.24,8,2681178,100.0,High,1순위
RISK-0552,Data Leakage,Endpoint PC,Brute Force,8.52,5,9,6,2,5,0.29,3,1833234,100.0,High,1순위
RISK-0553,Data Leakage,Database Server,Data Exfiltration,5.52,5,9,5,9,4,0.26,5,1807416,100.0,High,1순위
RISK-0554,External Attack,File Server,Phishing,5.61,7,3,3,7,2,0.51,2,1926407,82.24,High,1순위
RISK-0555,Credential Compromise,File Server,Vulnerability Exploitation,8.77,9,4,5,10,1,0.34,10,2508205,100.0,High,1순위
RISK-0556,Malware Infection,Web Server,Phishing,4.03,9,8,5,8,4,0.19,10,2174533,100.0,High,1순위
RISK-0557,Service Disruption,Web Server,Phishing,1.34,9,9,5,6,7,0.46,4,2163499,100.0,High,1순위
RISK-0558,Insider Threat,Web Server,Phishing,0.29,6,3,3,9,4,0.84,4,1474691,61.9,Medium,2순위
RISK-0559,Data Leakage,Web Server,Brute Force,7.55,10,5,3,6,9,0.56,8,2667360,100.0,High,1순위
RISK-0560,Credential Compromise,Web Server,Brute Force,6.2,6,8,4,7,8,0.84,3,2591535,100.0,High,1순위
RISK-0561,Insider Threat,Web Server,Data Exfiltration,7.04,3,3,7,7,8,0.23,5,1687841,89.46,High,1순위
RISK-0562,Service Disruption,Web Server,DDoS,2.13,1,7,2,9,5,0.2,5,1635533,60.88,Medium,2순위
RISK-0563,Malware Infection,Web Server,Phishing,1.36,7,8,10,8,1,0.57,2,1033118,52.09,Medium,2순위
RISK-0564,External Attack,Cloud Service,C2 Communication,0.15,4,10,4,1,9,0.47,9,2457633,100.0,High,1순위
RISK-0565,Malware Infection,Web Server,DDoS,3.51,1,3,4,4,2,0.64,4,1109357,61.84,Medium,2순위
RISK-0566,External Attack,VPN Server,Data Exfiltration,5.9,8,2,1,7,6,0.77,9,2054435,100.0,High,1순위
RISK-0567,Insider Threat,Web Server,Brute Force,3.92,6,10,10,8,10,0.73,9,2603760,100.0,High,1순위
RISK-0568,Malware Infection,Endpoint PC,Phishing,4.37,6,7,8,7,5,0.9,2,2333105,82.53,High,1순위
RISK-0569,Malware Infection,Web Server,Brute Force,9.04,2,9,1,3,10,0.41,9,1702374,100.0,High,1순위
RISK-0570,Malware Infection,Cloud Service,DDoS,3.48,1,1,8,4,8,0.24,9,1886055,72.25,High,1순위
RISK-0571,Service Disruption,File Server,Vulnerability Exploitation,5.14,2,3,7,7,3,0.55,2,832198,48.28,Medium,2순위
RISK-0572,Insider Threat,Cloud Service,Brute Force,7.84,4,5,9,8,6,0.15,6,2162287,97.8,High,1순위
RISK-0573,External Attack,Cloud Service,Brute Force,3.97,2,3,8,7,6,0.31,9,1580766,68.36,Medium,2순위
RISK-0574,Malware Infection,File Server,Data Exfiltration,6.22,1,1,5,6,10,0.24,4,1094545,81.42,High,1순위
RISK-0575,Insider Threat,Web Server,Vulnerability Exploitation,8.62,7,7,8,9,3,0.41,2,1590054,100.0,High,1순위
RISK-0576,Credential Compromise,Web Server,DDoS,9.5,8,7,10,9,7,0.15,7,2415166,100.0,High,1순위
RISK-0577,Service Disruption,File Server,C2 Communication,1.47,6,10,3,7,4,0.08,9,2981086,100.0,High,1순위
RISK-0578,Service Disruption,Endpoint PC,C2 Communication,9.27,4,8,10,8,5,0.64,6,2003180,100.0,High,1순위
RISK-0579,Credential Compromise,Database Server,C2 Communication,4.92,6,5,7,6,9,0.6,4,2226503,100.0,High,1순위
RISK-0580,Insider Threat,VPN Server,Phishing,2.58,3,10,4,1,6,0.69,1,1128252,100.0,High,1순위
RISK-0581,External Attack,File Server,C2 Communication,4.59,8,5,5,1,10,0.64,4,2765036,100.0,High,1순위
RISK-0582,Insider Threat,Web Server,Phishing,9.8,10,5,9,6,4,0.15,3,2464864,100.0,High,1순위
RISK-0583,Insider Threat,VPN Server,DDoS,4.93,2,1,7,2,8,0.31,7,2170237,84.92,High,1순위
RISK-0584,Data Leakage,Web Server,DDoS,3.29,5,10,4,8,9,0.17,10,2830756,100.0,High,1순위
RISK-0585,Service Disruption,Database Server,Brute Force,6.33,1,5,6,1,10,0.81,5,1478499,100.0,High,1순위
RISK-0586,External Attack,Database Server,C2 Communication,2.4,6,6,10,2,5,0.72,3,1889865,84.39,High,1순위
RISK-0587,Data Leakage,File Server,Data Exfiltration,0.76,2,1,7,8,2,0.23,2,337902,0.0,Low,3순위
RISK-0588,Credential Compromise,VPN Server,DDoS,1.29,4,7,10,6,6,0.36,2,991939,55.57,Medium,2순위
RISK-0589,Insider Threat,Cloud Service,Vulnerability Exploitation,1.28,6,1,9,10,8,0.92,5,1600830,59.01,Medium,2순위
RISK-0590,Credential Compromise,VPN Server,Vulnerability Exploitation,1.52,10,2,4,2,5,0.58,8,2946332,100.0,High,1순위
RISK-0591,Service Disruption,Cloud Service,DDoS,1.39,8,2,10,2,1,0.77,8,2053684,74.96,High,1순위
RISK-0592,Data Leakage,Database Server,Brute Force,6.41,8,5,3,7,8,0.29,5,2153052,100.0,High,1순위
RISK-0593,Data Leakage,Web Server,Vulnerability Exploitation,1.82,6,10,8,5,9,0.24,2,1695909,100.0,High,1순위
RISK-0594,External Attack,Cloud Service,Vulnerability Exploitation,3.46,4,7,1,5,1,0.76,4,2063577,94.03,High,1순위
RISK-0595,Insider Threat,Cloud Service,Brute Force,8.97,8,1,9,8,8,0.67,7,2364674,100.0,High,1순위
RISK-0596,External Attack,File Server,Brute Force,4.74,8,10,1,7,10,0.66,6,2833871,100.0,High,1순위
RISK-0597,Data Leakage,Endpoint PC,Brute Force,6.68,10,1,2,9,2,0.55,10,2318861,100.0,High,1순위
RISK-0598,Data Leakage,Database Server,Data Exfiltration,1.72,1,1,8,4,4,0.56,7,1112035,40.76,Medium,2순위
RISK-0599,External Attack,Cloud Service,Brute Force,1.92,4,6,9,10,2,0.71,5,1383660,45.8,Medium,2순위
RISK-0600,Data Leakage,Database Server,Brute Force,0.41,4,2,7,4,2,0.29,2,777174,20.26,Low,3순위
RISK-0601,Malware Infection,File Server,Brute Force,1.69,7,1,3,2,10,0.37,8,2606295,100.0,High,1순위
RISK-0602,Service Disruption,Web Server,DDoS,2.79,7,6,7,3,3,0.83,2,1819909,84.6,High,1순위
RISK-0603,Insider Threat,VPN Server,C2 Communication,1.77,8,2,6,1,8,0.33,8,3060285,100.0,High,1순위
RISK-0604,Service Disruption,Database Server,DDoS,0.89,5,6,2,1,4,0.54,7,2351106,100.0,High,1순위
RISK-0605,Insider Threat,File Server,C2 Communication,1.21,7,10,3,7,7,0.68,3,2669034,100.0,High,1순위
RISK-0606,Data Leakage,File Server,Data Exfiltration,4.61,8,8,10,5,10,0.95,4,1816412,100.0,High,1순위
RISK-0607,External Attack,File Server,Data Exfiltration,2.06,9,2,10,3,3,0.44,7,2733264,74.2,High,1순위
RISK-0608,External Attack,VPN Server,Vulnerability Exploitation,3.64,3,9,5,7,10,0.44,4,1694767,100.0,High,1순위
RISK-0609,Data Leakage,Database Server,DDoS,5.03,3,8,10,2,3,0.81,9,2807182,100.0,High,1순위
RISK-0610,Insider Threat,Cloud Service,C2 Communication,6.9,4,10,4,3,2,0.77,7,2559791,100.0,High,1순위
RISK-0611,Data Leakage,File Server,Data Exfiltration,0.39,5,1,2,1,6,0.71,1,1354102,71.7,High,1순위
RISK-0612,Insider Threat,VPN Server,Data Exfiltration,7.99,10,7,4,8,6,0.47,1,2473529,100.0,High,1순위
RISK-0613,Data Leakage,Web Server,DDoS,6.28,1,10,8,2,1,0.34,4,1797058,81.04,High,1순위
RISK-0614,Data Leakage,Endpoint PC,Vulnerability Exploitation,0.82,7,6,5,7,7,0.6,9,1657298,100.0,High,1순위
RISK-0615,Data Leakage,Database Server,Brute Force,8.74,9,6,5,9,4,0.84,4,2951434,100.0,High,1순위
RISK-0616,External Attack,VPN Server,Phishing,9.21,8,6,10,6,3,0.85,5,2030426,100.0,High,1순위
RISK-0617,Insider Threat,Endpoint PC,Vulnerability Exploitation,0.61,5,6,3,2,8,0.15,1,2196890,98.38,High,1순위
RISK-0618,Credential Compromise,Endpoint PC,Phishing,2.77,4,10,8,2,2,0.44,2,1348699,80.26,High,1순위
RISK-0619,Data Leakage,VPN Server,Vulnerability Exploitation,8.06,7,7,6,9,9,0.47,4,2127611,100.0,High,1순위
RISK-0620,Service Disruption,Cloud Service,Vulnerability Exploitation,7.48,5,3,2,10,8,0.93,4,1359998,100.0,High,1순위
RISK-0621,Service Disruption,Cloud Service,Brute Force,1.85,7,6,2,8,8,0.66,10,2777207,100.0,High,1순위
RISK-0622,External Attack,VPN Server,Data Exfiltration,2.09,1,3,9,9,3,0.42,6,874034,23.07,Low,3순위
RISK-0623,Malware Infection,VPN Server,C2 Communication,3.7,1,7,7,4,4,0.07,6,1549485,64.52,Medium,2순위
RISK-0624,Credential Compromise,File Server,Vulnerability Exploitation,4.85,10,7,10,4,2,0.56,8,2788938,100.0,High,1순위
RISK-0625,External Attack,Web Server,Brute Force,6.18,3,8,9,2,2,0.14,9,2624549,100.0,High,1순위
RISK-0626,Malware Infection,Cloud Service,Phishing,3.69,2,2,6,10,4,0.8,1,614453,42.13,Medium,2순위
RISK-0627,External Attack,File Server,DDoS,4.63,2,9,5,1,6,0.73,1,1900005,100.0,High,1순위
RISK-0628,Service Disruption,Endpoint PC,DDoS,7.47,7,5,1,10,5,0.46,6,2168846,100.0,High,1순위
RISK-0629,Data Leakage,Endpoint PC,Data Exfiltration,0.37,10,9,6,4,1,0.44,4,2710123,100.0,High,1순위
RISK-0630,Insider Threat,Endpoint PC,DDoS,2.52,2,10,6,10,10,0.86,4,1454194,100.0,High,1순위
RISK-0631,Data Leakage,VPN Server,Vulnerability Exploitation,7.13,4,5,3,10,1,0.31,1,1476945,73.97,High,1순위
RISK-0632,Service Disruption,Database Server,Phishing,8.95,2,7,3,8,6,0.27,9,2014669,100.0,High,1순위
RISK-0633,Insider Threat,File Server,Vulnerability Exploitation,5.12,6,9,3,2,3,0.9,3,1619938,100.0,High,1순위
RISK-0634,Malware Infection,Database Server,DDoS,5.32,8,4,3,8,3,0.78,5,1986210,100.0,High,1순위
RISK-0635,Malware Infection,Web Server,C2 Communication,1.07,10,2,7,1,7,0.79,10,2495436,100.0,High,1순위
RISK-0636,Service Disruption,Web Server,DDoS,4.47,4,9,10,1,1,0.23,1,1020215,64.52,Medium,2순위
RISK-0637,Insider Threat,File Server,C2 Communication,5.33,5,2,2,4,1,0.18,8,1513571,85.86,High,1순위
RISK-0638,Data Leakage,Endpoint PC,DDoS,2.42,4,3,10,7,10,0.07,3,1153968,65.11,Medium,2순위
RISK-0639,Service Disruption,Cloud Service,Data Exfiltration,2.69,3,10,10,9,3,0.26,1,995698,46.83,Medium,2순위
RISK-0640,Malware Infection,Web Server,Phishing,3.77,5,2,2,5,8,0.75,10,2225480,100.0,High,1순위
RISK-0641,Service Disruption,Database Server,C2 Communication,0.2,9,3,3,2,1,0.27,6,2021595,78.7,High,1순위
RISK-0642,Data Leakage,Database Server,Brute Force,3.22,8,6,10,7,10,0.71,1,1533144,100.0,High,1순위
RISK-0643,External Attack,Cloud Service,Data Exfiltration,2.11,8,3,7,2,4,0.28,3,2058977,84.26,High,1순위
RISK-0644,Credential Compromise,VPN Server,Vulnerability Exploitation,3.27,8,10,3,9,9,0.41,5,2225594,100.0,High,1순위
RISK-0645,Credential Compromise,Endpoint PC,DDoS,1.2,8,8,7,9,4,0.93,4,2464872,96.31,High,1순위
RISK-0646,Credential Compromise,VPN Server,Phishing,8.91,7,6,9,3,10,0.27,7,2871060,100.0,High,1순위
RISK-0647,External Attack,File Server,Phishing,5.94,8,7,10,8,8,0.39,6,2247714,100.0,High,1순위
RISK-0648,Data Leakage,Web Server,DDoS,6.79,8,1,4,4,7,0.32,3,2037647,100.0,High,1순위
RISK-0649,Insider Threat,Cloud Service,Brute Force,7.89,8,3,7,3,3,0.15,8,2827897,100.0,High,1순위
RISK-0650,Service Disruption,Cloud Service,C2 Communication,4.98,10,3,9,1,7,0.49,8,2000881,100.0,High,1순위
RISK-0651,Data Leakage,Cloud Service,DDoS,0.87,7,2,8,5,7,0.39,2,1859294,60.16,Medium,2순위
RISK-0652,External Attack,VPN Server,Phishing,5.37,1,7,8,4,10,0.68,7,2477435,100.0,High,1순위
RISK-0653,Malware Infection,VPN Server,Brute Force,5.87,4,9,9,1,3,0.79,1,1786112,100.0,High,1순위
RISK-0654,Credential Compromise,File Server,Brute Force,7.45,4,4,5,10,2,0.54,2,1795584,76.46,High,1순위
RISK-0655,Credential Compromise,Database Server,Vulnerability Exploitation,4.32,5,5,5,8,9,0.08,8,2265955,100.0,High,1순위
RISK-0656,Data Leakage,Database Server,Brute Force,1.28,10,3,3,8,1,0.61,1,1346201,61.42,Medium,2순위
RISK-0657,Credential Compromise,File Server,Data Exfiltration,2.84,6,9,5,8,7,0.1,2,1583221,93.6,High,1순위
RISK-0658,Credential Compromise,Cloud Service,Phishing,3.63,4,4,8,3,4,0.6,1,1420458,65.22,Medium,2순위
RISK-0659,Data Leakage,Database Server,Data Exfiltration,6.46,2,5,5,6,2,0.67,5,2006636,82.47,High,1순위
RISK-0660,Data Leakage,File Server,Brute Force,5.71,6,1,4,7,2,0.23,7,2294036,82.5,High,1순위
RISK-0661,External Attack,Database Server,Brute Force,3.56,8,2,8,9,8,0.79,6,2502452,92.35,High,1순위
RISK-0662,External Attack,File Server,Data Exfiltration,9.87,8,9,7,5,7,0.87,6,2396329,100.0,High,1순위
RISK-0663,Credential Compromise,Database Server,Vulnerability Exploitation,6.06,7,2,6,9,7,0.78,6,2611111,100.0,High,1순위
RISK-0664,Data Leakage,Cloud Service,Brute Force,2.37,6,5,5,6,5,0.32,8,2393658,94.49,High,1순위
RISK-0665,Data Leakage,VPN Server,Data Exfiltration,1.02,2,8,5,10,10,0.58,5,1691754,87.54,High,1순위
RISK-0666,Credential Compromise,VPN Server,Data Exfiltration,1.53,7,3,10,10,8,0.87,10,2253566,82.77,High,1순위
RISK-0667,Insider Threat,Cloud Service,Phishing,2.46,5,6,2,10,2,0.34,7,2070170,72.81,High,1순위
RISK-0668,Malware Infection,Database Server,Vulnerability Exploitation,1.61,6,4,4,4,2,0.79,3,1964601,71.03,High,1순위
RISK-0669,Service Disruption,Cloud Service,C2 Communication,1.87,10,7,8,1,5,0.06,9,3529792,100.0,High,1순위
RISK-0670,Service Disruption,File Server,Data Exfiltration,2.85,8,10,8,1,1,0.05,10,2492381,100.0,High,1순위
RISK-0671,Credential Compromise,VPN Server,Phishing,1.73,8,3,1,10,6,0.73,3,1812164,84.6,High,1순위
RISK-0672,Service Disruption,Web Server,C2 Communication,8.97,3,6,2,5,4,0.74,6,2273028,100.0,High,1순위
RISK-0673,External Attack,Database Server,Phishing,0.8,7,10,5,3,6,0.76,3,2448530,100.0,High,1순위
RISK-0674,External Attack,Web Server,Phishing,5.25,1,9,9,5,7,0.89,1,1406678,96.42,High,1순위
RISK-0675,Insider Threat,Web Server,DDoS,4.1,1,10,10,5,3,0.16,1,1099301,62.75,Medium,2순위
RISK-0676,Credential Compromise,Endpoint PC,Vulnerability Exploitation,9.82,7,1,7,1,8,0.26,3,2879706,100.0,High,1순위
RISK-0677,External Attack,Web Server,Brute Force,1.12,10,3,10,8,7,0.86,4,2947615,77.79,High,1순위
RISK-0678,Credential Compromise,Web Server,Vulnerability Exploitation,3.98,9,2,5,5,1,0.21,2,2113375,67.3,Medium,2순위
RISK-0679,Credential Compromise,Cloud Service,C2 Communication,9.69,7,8,1,5,6,0.66,9,1998291,100.0,High,1순위
RISK-0680,Data Leakage,Endpoint PC,DDoS,8.66,10,7,6,9,7,0.53,8,3230448,100.0,High,1순위
RISK-0681,Malware Infection,Endpoint PC,Vulnerability Exploitation,8.17,5,2,8,8,4,0.12,3,1359205,75.77,High,1순위
RISK-0682,Malware Infection,Endpoint PC,Brute Force,2.58,8,6,7,1,2,0.31,7,3060113,92.95,High,1순위
RISK-0683,Credential Compromise,File Server,Vulnerability Exploitation,1.71,2,3,2,3,10,0.52,4,1479069,99.49,High,1순위
RISK-0684,Malware Infection,Endpoint PC,Vulnerability Exploitation,6.69,9,8,5,7,9,0.82,5,2751463,100.0,High,1순위
RISK-0685,Malware Infection,Cloud Service,Vulnerability Exploitation,9.29,6,10,4,1,7,0.69,4,2141962,100.0,High,1순위
RISK-0686,Service Disruption,File Server,Data Exfiltration,5.57,9,3,9,1,1,0.61,9,3159408,100.0,High,1순위
RISK-0687,Service Disruption,Database Server,Data Exfiltration,5.72,2,10,10,5,8,0.5,7,2149667,100.0,High,1순위
RISK-0688,Data Leakage,File Server,Vulnerability Exploitation,2.8,3,9,1,9,3,0.32,4,1210329,81.43,High,1순위
RISK-0689,Insider Threat,Database Server,Brute Force,7.69,8,1,6,6,4,0.16,8,2928549,100.0,High,1순위
RISK-0690,External Attack,Endpoint PC,Brute Force,1.87,1,5,3,10,5,0.42,2,700551,40.8,Medium,2순위
RISK-0691,External Attack,Endpoint PC,Brute Force,3.24,10,3,9,2,1,0.08,7,2318901,86.27,High,1순위
RISK-0692,Service Disruption,Database Server,Brute Force,4.25,7,6,5,9,6,0.24,1,2436779,91.77,High,1순위
RISK-0693,Credential Compromise,VPN Server,DDoS,5.08,7,10,6,6,10,0.44,8,2785772,100.0,High,1순위
RISK-0694,Malware Infection,Cloud Service,DDoS,2.42,1,2,9,5,6,0.43,6,1326188,46.37,Medium,2순위
RISK-0695,Data Leakage,File Server,Phishing,1.15,9,9,9,5,2,0.09,5,2336224,86.14,High,1순위
RISK-0696,Insider Threat,Cloud Service,Vulnerability Exploitation,6.11,8,6,8,3,10,0.58,9,3243534,100.0,High,1순위
RISK-0697,Service Disruption,Cloud Service,Vulnerability Exploitation,2.89,4,7,9,6,6,0.54,9,2566957,94.1,High,1순위
RISK-0698,Credential Compromise,Web Server,Phishing,5.81,10,5,4,4,8,0.12,3,2748609,100.0,High,1순위
RISK-0699,Data Leakage,Endpoint PC,Brute Force,1.54,5,9,6,10,6,0.9,9,3451928,100.0,High,1순위
RISK-0700,Credential Compromise,File Server,C2 Communication,4.81,2,1,5,2,4,0.14,9,1763882,72.5,High,1순위
RISK-0701,Data Leakage,Cloud Service,C2 Communication,5.33,9,5,5,3,4,0.82,2,2855092,100.0,High,1순위
RISK-0702,Service Disruption,File Server,Phishing,0.52,6,10,4,9,9,0.05,5,2401120,100.0,High,1순위
RISK-0703,Data Leakage,Cloud Service,C2 Communication,3.37,3,6,2,9,6,0.84,2,1505153,91.27,High,1순위
RISK-0704,Malware Infection,Endpoint PC,Data Exfiltration,1.34,7,7,6,6,8,0.07,1,1829963,93.32,High,1순위
RISK-0705,Data Leakage,Cloud Service,Vulnerability Exploitation,0.63,9,4,9,10,8,0.73,7,3223416,80.01,High,1순위
RISK-0706,Insider Threat,Database Server,C2 Communication,9.9,3,1,1,10,7,0.38,4,1270619,100.0,High,1순위
RISK-0707,Data Leakage,Endpoint PC,DDoS,3.22,2,8,7,9,3,0.71,5,1469776,71.07,High,1순위
RISK-0708,External Attack,File Server,DDoS,8.1,7,10,6,4,10,0.41,4,2135469,100.0,High,1순위
RISK-0709,Data Leakage,VPN Server,Data Exfiltration,2.55,7,4,3,5,1,0.11,6,1505005,68.31,Medium,2순위
RISK-0710,Credential Compromise,Cloud Service,Vulnerability Exploitation,6.82,4,3,1,10,5,0.74,2,2360728,95.28,High,1순위
RISK-0711,Service Disruption,Database Server,Data Exfiltration,7.6,9,7,4,6,10,0.11,8,2412580,100.0,High,1순위
RISK-0712,External Attack,Endpoint PC,Vulnerability Exploitation,5.96,8,2,9,9,10,0.88,4,2232073,100.0,High,1순위
RISK-0713,Service Disruption,Web Server,Vulnerability Exploitation,4.72,1,8,2,5,2,0.1,8,2105595,87.99,High,1순위
RISK-0714,Credential Compromise,Endpoint PC,C2 Communication,4.12,1,6,3,8,10,0.48,3,1430806,90.69,High,1순위
RISK-0715,Insider Threat,File Server,DDoS,3.49,5,7,2,1,2,0.7,5,2210718,100.0,High,1순위
RISK-0716,Malware Infection,File Server,Phishing,9.3,6,5,2,5,7,0.4,3,2328676,100.0,High,1순위
RISK-0717,Insider Threat,Web Server,C2 Communication,8.31,3,9,10,10,3,0.25,7,2155821,95.96,High,1순위
RISK-0718,External Attack,Database Server,Brute Force,9.65,9,5,8,1,8,0.73,3,2612910,100.0,High,1순위
RISK-0719,Credential Compromise,File Server,Data Exfiltration,1.24,10,5,3,10,9,0.76,8,2051313,100.0,High,1순위
RISK-0720,Credential Compromise,Database Server,Brute Force,7.31,6,3,7,6,8,0.88,9,1647009,100.0,High,1순위
RISK-0721,Malware Infection,Database Server,Vulnerability Exploitation,9.38,4,1,8,7,6,0.39,2,1460138,91.69,High,1순위
RISK-0722,Data Leakage,Endpoint PC,C2 Communication,1.81,7,2,3,5,5,0.51,3,1400463,79.86,High,1순위
RISK-0723,External Attack,Database Server,Brute Force,0.66,8,8,2,1,3,0.38,7,2728186,100.0,High,1순위
RISK-0724,Malware Infection,Cloud Service,Brute Force,7.41,9,1,8,6,3,0.28,5,2432110,97.9,High,1순위
RISK-0725,Service Disruption,File Server,DDoS,5.74,6,7,3,10,7,0.73,10,2801153,100.0,High,1순위
RISK-0726,Malware Infection,File Server,Brute Force,8.42,6,5,7,5,5,0.36,7,2137786,100.0,High,1순위
RISK-0727,Service Disruption,VPN Server,DDoS,1.4,8,3,1,6,6,0.44,2,1919472,89.37,High,1순위
RISK-0728,Service Disruption,Database Server,DDoS,7.95,5,7,6,10,6,0.41,4,1951331,100.0,High,1순위
RISK-0729,Credential Compromise,VPN Server,Vulnerability Exploitation,2.02,3,9,9,7,9,0.69,1,1164852,87.49,High,1순위
RISK-0730,Malware Infection,Endpoint PC,DDoS,1.64,3,2,3,7,1,0.88,5,1323883,56.03,Medium,2순위
RISK-0731,Credential Compromise,VPN Server,Vulnerability Exploitation,1.64,6,8,7,2,8,0.65,8,2595274,100.0,High,1순위
RISK-0732,Credential Compromise,Database Server,DDoS,8.15,2,9,6,3,10,0.47,1,2008032,100.0,High,1순위
RISK-0733,Insider Threat,File Server,DDoS,6.65,6,3,8,6,5,0.75,7,2713581,100.0,High,1순위
RISK-0734,Insider Threat,Endpoint PC,Vulnerability Exploitation,5.23,6,2,3,3,6,0.63,7,2600082,100.0,High,1순위
RISK-0735,Credential Compromise,Database Server,Brute Force,3.59,8,7,3,2,6,0.1,7,2796346,100.0,High,1순위
RISK-0736,Credential Compromise,Endpoint PC,Data Exfiltration,8.77,7,5,4,4,1,0.14,1,1597637,100.0,High,1순위
RISK-0737,Service Disruption,Web Server,C2 Communication,3.92,8,5,3,5,3,0.08,3,2101829,98.07,High,1순위
RISK-0738,Credential Compromise,Database Server,C2 Communication,8.17,9,10,9,10,6,0.46,2,2978871,100.0,High,1순위
RISK-0739,External Attack,Web Server,Vulnerability Exploitation,4.39,6,5,4,9,9,0.79,5,1850870,100.0,High,1순위
RISK-0740,Malware Infection,VPN Server,Brute Force,3.77,3,4,6,3,6,0.33,2,1232395,76.04,High,1순위
RISK-0741,External Attack,Database Server,Data Exfiltration,4.63,10,5,8,3,6,0.4,5,2139364,100.0,High,1순위
RISK-0742,Insider Threat,Web Server,Phishing,3.01,3,4,8,6,1,0.87,5,1159809,56.12,Medium,2순위
RISK-0743,External Attack,Cloud Service,Vulnerability Exploitation,7.48,1,6,5,5,9,0.8,4,2000122,100.0,High,1순위
RISK-0744,Data Leakage,File Server,Phishing,5.03,5,4,5,6,4,0.65,7,2053451,100.0,High,1순위
RISK-0745,Data Leakage,VPN Server,C2 Communication,2.32,4,2,6,7,2,0.29,10,1670389,56.96,Medium,2순위
RISK-0746,Insider Threat,Database Server,C2 Communication,9.0,9,9,10,3,1,0.16,6,1891142,100.0,High,1순위
RISK-0747,External Attack,Database Server,Data Exfiltration,3.84,9,2,7,5,3,0.06,2,2331867,71.1,High,1순위
RISK-0748,Malware Infection,File Server,Data Exfiltration,5.44,5,9,10,8,3,0.15,4,2273801,77.44,High,1순위
RISK-0749,Insider Threat,File Server,Phishing,9.06,10,10,7,4,5,0.31,7,2312303,100.0,High,1순위
RISK-0750,Data Leakage,Web Server,C2 Communication,6.24,4,6,4,10,1,0.55,9,2160046,92.38,High,1순위
RISK-0751,Insider Threat,Web Server,Data Exfiltration,1.17,7,9,6,2,7,0.11,9,2001494,100.0,High,1순위
RISK-0752,External Attack,Web Server,Data Exfiltration,9.4,6,9,7,4,1,0.17,3,2585667,100.0,High,1순위
RISK-0753,External Attack,Endpoint PC,C2 Communication,6.28,4,3,5,2,4,0.21,1,2012233,89.12,High,1순위
RISK-0754,External Attack,VPN Server,C2 Communication,3.35,10,1,5,3,6,0.62,9,3545186,100.0,High,1순위
RISK-0755,Service Disruption,Database Server,Brute Force,1.39,2,1,2,4,1,0.6,8,953902,48.59,Medium,2순위
RISK-0756,External Attack,VPN Server,DDoS,7.94,1,3,7,4,7,0.55,7,1476215,100.0,High,1순위
RISK-0757,Credential Compromise,File Server,Data Exfiltration,6.2,4,5,6,10,10,0.28,6,1852821,100.0,High,1순위
RISK-0758,Data Leakage,Cloud Service,Phishing,5.33,4,3,1,9,7,0.38,10,1817271,100.0,High,1순위
RISK-0759,Data Leakage,VPN Server,Vulnerability Exploitation,8.94,1,9,4,10,3,0.14,7,1763758,100.0,High,1순위
RISK-0760,Service Disruption,VPN Server,Vulnerability Exploitation,7.89,6,9,3,6,4,0.25,9,2560436,100.0,High,1순위
RISK-0761,Data Leakage,Web Server,C2 Communication,1.52,4,3,3,9,6,0.86,6,1460529,73.71,High,1순위
RISK-0762,Data Leakage,File Server,DDoS,3.12,1,3,7,4,7,0.93,10,2294060,85.93,High,1순위
RISK-0763,Insider Threat,VPN Server,Phishing,2.48,1,5,10,9,4,0.63,3,624052,29.88,Low,3순위
RISK-0764,External Attack,Database Server,Brute Force,7.44,1,2,4,9,10,0.88,3,2195055,100.0,High,1순위
RISK-0765,Credential Compromise,Web Server,Data Exfiltration,0.34,8,6,8,6,9,0.63,4,2935418,100.0,High,1순위
RISK-0766,Credential Compromise,VPN Server,Brute Force,5.7,10,7,9,5,9,0.08,10,3424301,100.0,High,1순위
RISK-0767,Insider Threat,File Server,Phishing,7.62,8,9,3,3,9,0.95,10,3201559,100.0,High,1순위
RISK-0768,Credential Compromise,Cloud Service,Brute Force,8.77,2,6,5,5,10,0.14,8,2233653,100.0,High,1순위
RISK-0769,Insider Threat,Database Server,C2 Communication,3.42,7,3,4,3,6,0.66,10,2837343,100.0,High,1순위
RISK-0770,Credential Compromise,Cloud Service,Vulnerability Exploitation,8.21,8,5,10,5,2,0.28,9,2364329,100.0,High,1순위
RISK-0771,Data Leakage,File Server,C2 Communication,1.11,8,4,6,5,2,0.4,8,2677741,74.64,High,1순위
RISK-0772,Malware Infection,File Server,Data Exfiltration,8.46,10,5,10,2,4,0.63,10,3334178,100.0,High,1순위
RISK-0773,External Attack,File Server,C2 Communication,1.27,7,8,4,9,9,0.44,2,1955094,100.0,High,1순위
RISK-0774,Malware Infection,Cloud Service,Phishing,3.97,5,8,8,7,3,0.28,4,1262656,73.94,High,1순위
RISK-0775,Data Leakage,Endpoint PC,Phishing,7.97,1,6,3,6,6,0.35,4,2111842,100.0,High,1순위
RISK-0776,Service Disruption,Database Server,Data Exfiltration,1.5,9,1,5,5,2,0.36,2,1997947,58.4,Medium,2순위
RISK-0777,Insider Threat,File Server,Data Exfiltration,2.29,7,8,1,4,1,0.91,8,2954160,100.0,High,1순위
RISK-0778,Credential Compromise,Endpoint PC,Vulnerability Exploitation,7.22,2,8,6,8,5,0.77,3,1194694,100.0,High,1순위
RISK-0779,Credential Compromise,Web Server,Brute Force,7.2,6,2,5,2,8,0.46,2,2338705,100.0,High,1순위
RISK-0780,Data Leakage,Endpoint PC,Vulnerability Exploitation,6.41,2,4,8,8,10,0.23,7,1749086,100.0,High,1순위
RISK-0781,Credential Compromise,Web Server,C2 Communication,6.94,1,2,9,1,10,0.78,1,2049780,99.97,High,1순위
RISK-0782,Data Leakage,Cloud Service,Brute Force,5.43,7,4,8,10,2,0.19,6,1372327,63.49,Medium,2순위
RISK-0783,Malware Infection,Endpoint PC,Data Exfiltration,2.52,2,10,8,1,10,0.24,3,2182173,100.0,High,1순위
RISK-0784,Service Disruption,Cloud Service,Phishing,3.46,2,7,3,3,9,0.38,3,1248916,100.0,High,1순위
RISK-0785,Insider Threat,File Server,C2 Communication,1.82,5,9,4,5,8,0.84,5,1628649,100.0,High,1순위
RISK-0786,Credential Compromise,Endpoint PC,Vulnerability Exploitation,9.08,5,8,4,6,3,0.17,3,1499602,100.0,High,1순위
RISK-0787,Service Disruption,Endpoint PC,DDoS,5.83,7,9,5,4,1,0.16,4,2197741,100.0,High,1순위
RISK-0788,Service Disruption,File Server,DDoS,4.01,1,8,9,7,4,0.49,3,1033877,52.42,Medium,2순위
RISK-0789,Service Disruption,Web Server,Data Exfiltration,4.62,8,2,9,7,8,0.3,7,2347881,100.0,High,1순위
RISK-0790,External Attack,File Server,Brute Force,9.47,3,7,10,2,3,0.56,3,1927610,100.0,High,1순위
RISK-0791,Service Disruption,Database Server,DDoS,1.53,4,2,1,2,10,0.46,10,2207019,100.0,High,1순위
RISK-0792,Data Leakage,Endpoint PC,Brute Force,5.86,9,2,8,2,2,0.44,4,2989567,99.11,High,1순위
RISK-0793,External Attack,Database Server,Phishing,5.06,4,4,1,2,7,0.15,2,1461559,100.0,High,1순위
RISK-0794,External Attack,File Server,Data Exfiltration,6.11,10,1,2,9,4,0.18,2,2015068,100.0,High,1순위
RISK-0795,Service Disruption,Cloud Service,Data Exfiltration,0.18,5,5,7,5,6,0.79,9,2294838,92.27,High,1순위
RISK-0796,Credential Compromise,File Server,C2 Communication,8.72,7,6,8,8,5,0.85,1,2436815,100.0,High,1순위
RISK-0797,Credential Compromise,VPN Server,C2 Communication,9.32,4,9,1,5,2,0.26,1,2330561,100.0,High,1순위
RISK-0798,Credential Compromise,Database Server,Brute Force,5.65,1,10,3,5,10,0.15,10,2406810,100.0,High,1순위
RISK-0799,Credential Compromise,VPN Server,DDoS,6.97,9,8,7,1,2,0.1,1,1495867,100.0,High,1순위
RISK-0800,Data Leakage,Database Server,DDoS,9.22,4,2,9,6,9,0.6,3,2367431,100.0,High,1순위
RISK-0801,Credential Compromise,Cloud Service,Vulnerability Exploitation,7.07,9,1,8,4,10,0.69,2,2828876,100.0,High,1순위
RISK-0802,Insider Threat,VPN Server,Brute Force,1.53,6,2,8,3,2,0.39,3,1498358,38.38,Low,3순위
RISK-0803,Service Disruption,VPN Server,DDoS,5.76,1,7,9,6,8,0.66,5,1418359,97.93,High,1순위
RISK-0804,External Attack,Database Server,C2 Communication,6.07,3,4,10,2,8,0.69,9,2700198,100.0,High,1순위
RISK-0805,Insider Threat,File Server,C2 Communication,4.24,2,10,3,8,1,0.89,2,1410190,84.9,High,1순위
RISK-0806,Credential Compromise,Web Server,C2 Communication,7.36,9,5,8,1,1,0.11,1,2071930,100.0,High,1순위
RISK-0807,Insider Threat,File Server,Brute Force,9.34,1,7,1,9,4,0.22,6,1881742,100.0,High,1순위
RISK-0808,External Attack,Web Server,Data Exfiltration,9.26,9,3,8,8,2,0.11,3,2216423,98.64,High,1순위
RISK-0809,Credential Compromise,Database Server,Vulnerability Exploitation,4.51,9,10,7,1,1,0.83,7,2487008,100.0,High,1순위
RISK-0810,Insider Threat,Endpoint PC,Vulnerability Exploitation,1.13,8,2,8,10,9,0.76,6,2269293,82.89,High,1순위
RISK-0811,Data Leakage,File Server,C2 Communication,9.85,8,7,1,9,3,0.57,7,2582805,100.0,High,1순위
RISK-0812,Data Leakage,VPN Server,Phishing,8.39,1,5,6,2,1,0.13,5,1754436,78.57,High,1순위
RISK-0813,Service Disruption,File Server,Brute Force,1.25,8,1,7,3,2,0.3,1,1634112,46.19,Medium,2순위
RISK-0814,Service Disruption,Database Server,DDoS,9.21,10,1,5,2,8,0.32,3,2374690,100.0,High,1순위
RISK-0815,Insider Threat,Endpoint PC,DDoS,8.7,3,9,5,8,5,0.55,3,2545383,100.0,High,1순위
RISK-0816,External Attack,Endpoint PC,Data Exfiltration,5.19,7,5,7,2,7,0.28,7,2820636,100.0,High,1순위
RISK-0817,Data Leakage,File Server,C2 Communication,5.91,1,1,3,10,6,0.12,3,823608,55.29,Medium,2순위
RISK-0818,Malware Infection,File Server,Phishing,3.99,1,7,6,2,1,0.71,5,1636361,74.13,High,1순위
RISK-0819,Service Disruption,Cloud Service,C2 Communication,0.55,10,9,7,1,6,0.32,4,2102665,100.0,High,1순위
RISK-0820,Data Leakage,File Server,Phishing,3.35,5,1,1,7,7,0.46,4,1286848,83.39,High,1순위
RISK-0821,Credential Compromise,Database Server,Vulnerability Exploitation,8.03,5,10,2,2,4,0.16,7,2251620,100.0,High,1순위
RISK-0822,Insider Threat,Web Server,Phishing,0.05,8,4,4,10,8,0.77,1,1974516,77.64,High,1순위
RISK-0823,Data Leakage,Cloud Service,Vulnerability Exploitation,3.33,7,3,8,5,8,0.56,7,1889316,100.0,High,1순위
RISK-0824,Data Leakage,Web Server,Vulnerability Exploitation,3.98,8,5,10,5,7,0.86,8,2817330,100.0,High,1순위
RISK-0825,Insider Threat,VPN Server,Brute Force,5.37,6,7,6,3,2,0.5,3,2764480,100.0,High,1순위
RISK-0826,Service Disruption,Database Server,Phishing,9.2,6,8,1,3,6,0.9,3,2109469,100.0,High,1순위
RISK-0827,Service Disruption,Cloud Service,Data Exfiltration,3.46,2,2,10,3,6,0.85,4,1070585,50.67,Medium,2순위
RISK-0828,Malware Infection,Endpoint PC,Data Exfiltration,3.47,6,7,5,6,7,0.57,6,3121747,100.0,High,1순위
RISK-0829,Malware Infection,Cloud Service,Phishing,7.38,5,1,7,4,6,0.89,7,2172444,100.0,High,1순위
RISK-0830,Service Disruption,VPN Server,Brute Force,4.52,3,7,6,3,2,0.34,1,1318386,66.34,Medium,2순위
RISK-0831,Service Disruption,Endpoint PC,Data Exfiltration,2.25,6,8,9,2,8,0.38,4,2109289,100.0,High,1순위
RISK-0832,Service Disruption,Cloud Service,C2 Communication,4.52,8,2,8,3,4,0.09,7,2467202,93.57,High,1순위
RISK-0833,Service Disruption,Endpoint PC,Data Exfiltration,1.41,9,9,4,4,9,0.58,2,2020037,100.0,High,1순위
RISK-0834,Data Leakage,File Server,Brute Force,1.76,1,1,5,6,8,0.7,1,1096955,47.01,Medium,2순위
RISK-0835,Malware Infection,Endpoint PC,Vulnerability Exploitation,4.98,3,6,7,4,3,0.75,1,1324337,74.39,High,1순위
RISK-0836,Insider Threat,Cloud Service,Vulnerability Exploitation,4.19,3,1,8,8,3,0.18,10,1524583,36.21,Low,3순위
RISK-0837,External Attack,Endpoint PC,Vulnerability Exploitation,9.15,8,3,5,3,8,0.45,6,3147641,100.0,High,1순위
RISK-0838,Insider Threat,Database Server,Brute Force,3.62,1,6,9,3,2,0.21,5,1648559,54.42,Medium,2순위
RISK-0839,Credential Compromise,File Server,Vulnerability Exploitation,5.81,5,3,10,3,9,0.65,1,1391527,100.0,High,1순위
RISK-0840,External Attack,File Server,Vulnerability Exploitation,6.32,3,8,4,8,4,0.19,10,2554737,100.0,High,1순위
RISK-0841,Data Leakage,VPN Server,Brute Force,0.13,2,5,4,4,6,0.86,3,1089244,70.86,High,1순위
RISK-0842,Credential Compromise,File Server,C2 Communication,6.64,8,2,8,1,3,0.26,7,2596123,100.0,High,1순위
RISK-0843,Malware Infection,Web Server,Data Exfiltration,1.78,3,4,1,2,3,0.31,9,1990637,96.44,High,1순위
RISK-0844,External Attack,Database Server,Brute Force,9.61,7,9,8,10,3,0.82,9,2600361,100.0,High,1순위
RISK-0845,Service Disruption,VPN Server,Brute Force,1.49,1,4,5,2,10,0.46,6,1294209,84.87,High,1순위
RISK-0846,Credential Compromise,Web Server,Phishing,4.15,6,10,1,3,2,0.07,3,2308073,100.0,High,1순위
RISK-0847,Data Leakage,Endpoint PC,Vulnerability Exploitation,0.85,3,10,4,6,8,0.5,1,1726827,90.68,High,1순위
RISK-0848,External Attack,Web Server,DDoS,9.97,8,8,2,8,9,0.13,3,1732893,100.0,High,1순위
RISK-0849,Service Disruption,VPN Server,C2 Communication,5.02,6,5,4,1,8,0.94,10,2297375,100.0,High,1순위
RISK-0850,Credential Compromise,File Server,DDoS,5.95,2,10,8,9,10,0.58,2,2258321,100.0,High,1순위
RISK-0851,Data Leakage,Database Server,Phishing,0.67,6,1,5,1,3,0.28,5,2032003,66.86,Medium,2순위
RISK-0852,Credential Compromise,VPN Server,C2 Communication,7.5,7,7,1,10,7,0.56,8,2404220,100.0,High,1순위
RISK-0853,External Attack,Web Server,Vulnerability Exploitation,2.1,5,3,7,2,10,0.12,5,2733189,99.39,High,1순위
RISK-0854,Service Disruption,Web Server,DDoS,8.98,3,10,1,3,2,0.77,1,1772383,100.0,High,1순위
RISK-0855,Malware Infection,VPN Server,Vulnerability Exploitation,2.05,4,8,9,7,4,0.88,3,1229502,63.39,Medium,2순위
RISK-0856,Data Leakage,Cloud Service,Vulnerability Exploitation,1.91,4,3,3,9,6,0.84,5,1896572,71.19,High,1순위
RISK-0857,External Attack,Cloud Service,Data Exfiltration,0.37,6,1,3,3,5,0.36,7,1817932,85.97,High,1순위
RISK-0858,Service Disruption,VPN Server,C2 Communication,4.72,10,5,6,8,9,0.34,5,2926508,100.0,High,1순위
RISK-0859,Malware Infection,Cloud Service,C2 Communication,5.65,1,2,10,9,10,0.08,10,2084924,79.65,High,1순위
RISK-0860,Credential Compromise,VPN Server,Phishing,0.66,4,4,6,10,4,0.64,5,982433,42.36,Medium,2순위
RISK-0861,Service Disruption,File Server,Brute Force,7.76,10,1,6,7,5,0.53,7,2169290,100.0,High,1순위
RISK-0862,Malware Infection,VPN Server,Vulnerability Exploitation,4.53,4,9,1,4,4,0.46,8,1991407,100.0,High,1순위
RISK-0863,External Attack,Endpoint PC,Vulnerability Exploitation,5.24,10,6,5,4,8,0.87,8,2188419,100.0,High,1순위
RISK-0864,Service Disruption,Database Server,DDoS,4.41,1,8,6,4,8,0.2,7,2304161,100.0,High,1순위
RISK-0865,Service Disruption,Database Server,Phishing,4.01,9,4,8,6,3,0.06,3,2334318,71.75,High,1순위
RISK-0866,Insider Threat,Endpoint PC,C2 Communication,5.6,4,9,1,4,1,0.12,2,1339757,100.0,High,1순위
RISK-0867,Data Leakage,Web Server,Data Exfiltration,1.55,7,2,5,5,6,0.25,1,1978493,62.95,Medium,2순위
RISK-0868,Service Disruption,Web Server,C2 Communication,1.82,3,9,3,9,2,0.08,6,1328828,66.47,Medium,2순위
RISK-0869,Malware Infection,Web Server,Data Exfiltration,8.62,10,5,2,7,2,0.5,9,3810958,100.0,High,1순위
RISK-0870,Data Leakage,Web Server,Data Exfiltration,9.46,3,6,8,8,3,0.33,3,1624589,92.89,High,1순위
RISK-0871,External Attack,File Server,C2 Communication,3.73,8,3,7,5,8,0.21,5,2825977,100.0,High,1순위
RISK-0872,Data Leakage,Endpoint PC,DDoS,2.71,8,4,10,5,3,0.73,9,2217586,84.08,High,1순위
RISK-0873,Insider Threat,Database Server,Vulnerability Exploitation,6.44,1,6,7,7,7,0.23,9,1766632,100.0,High,1순위
RISK-0874,External Attack,Endpoint PC,Data Exfiltration,4.09,10,7,5,8,10,0.67,7,2896535,100.0,High,1순위
RISK-0875,Service Disruption,Database Server,DDoS,0.25,2,1,9,9,10,0.36,4,1040521,33.38,Low,3순위
RISK-0876,Credential Compromise,Web Server,Phishing,1.56,8,7,5,2,9,0.51,2,2950293,100.0,High,1순위
RISK-0877,External Attack,File Server,Phishing,7.16,1,1,2,3,8,0.89,2,1612762,100.0,High,1순위
RISK-0878,External Attack,VPN Server,Data Exfiltration,6.59,8,5,3,2,1,0.08,4,2941949,100.0,High,1순위
RISK-0879,Insider Threat,VPN Server,Vulnerability Exploitation,0.27,8,6,4,10,7,0.5,1,2583379,79.39,High,1순위
RISK-0880,Malware Infection,Cloud Service,Data Exfiltration,2.22,2,2,5,7,7,0.82,4,1246122,63.86,Medium,2순위
RISK-0881,External Attack,Web Server,Phishing,2.31,4,10,3,2,8,0.58,6,2294603,100.0,High,1순위
RISK-0882,Malware Infection,Web Server,Phishing,6.72,6,9,7,2,10,0.3,6,2716671,100.0,High,1순위
RISK-0883,Data Leakage,Endpoint PC,C2 Communication,0.2,9,10,5,2,5,0.41,7,2493416,100.0,High,1순위
RISK-0884,Credential Compromise,File Server,Vulnerability Exploitation,1.04,8,6,5,4,10,0.66,5,2865611,100.0,High,1순위
RISK-0885,Insider Threat,File Server,C2 Communication,8.0,8,7,6,1,9,0.85,9,2800798,100.0,High,1순위
RISK-0886,Service Disruption,Endpoint PC,DDoS,1.79,7,10,7,2,9,0.09,2,2259336,100.0,High,1순위
RISK-0887,External Attack,File Server,DDoS,6.53,9,8,10,3,8,0.11,2,1820616,100.0,High,1순위
RISK-0888,Credential Compromise,File Server,DDoS,2.38,2,10,10,7,6,0.34,4,1579892,72.99,High,1순위
RISK-0889,Credential Compromise,VPN Server,Brute Force,0.99,3,1,8,10,6,0.26,4,1010694,25.75,Low,3순위
RISK-0890,Malware Infection,File Server,DDoS,2.43,10,8,9,1,1,0.29,4,2604833,98.75,High,1순위
RISK-0891,External Attack,Web Server,Data Exfiltration,7.22,8,4,4,6,6,0.25,1,1963165,100.0,High,1순위
RISK-0892,Credential Compromise,VPN Server,C2 Communication,8.56,6,10,5,3,4,0.23,4,2016873,100.0,High,1순위
RISK-0893,Insider Threat,Web Server,DDoS,8.3,10,8,5,3,4,0.17,5,2919778,100.0,High,1순위
RISK-0894,Service Disruption,Web Server,Vulnerability Exploitation,3.97,9,6,8,4,2,0.89,9,3318352,100.0,High,1순위
RISK-0895,Data Leakage,Endpoint PC,DDoS,6.68,10,9,9,4,4,0.18,3,2967897,100.0,High,1순위
RISK-0896,Data Leakage,Cloud Service,Data Exfiltration,2.05,4,4,7,7,5,0.23,3,1256626,56.09,Medium,2순위
RISK-0897,Malware Infection,File Server,Data Exfiltration,2.93,8,2,5,3,5,0.27,5,2492308,92.43,High,1순위
RISK-0898,Credential Compromise,File Server,Data Exfiltration,8.96,10,2,3,8,5,0.89,10,2877249,100.0,High,1순위
RISK-0899,Data Leakage,File Server,Data Exfiltration,0.13,3,5,1,8,4,0.73,6,1839969,58.43,Medium,2순위
RISK-0900,Malware Infection,File Server,Data Exfiltration,0.86,3,10,9,7,1,0.76,3,865518,52.7,Medium,2순위
RISK-0901,Service Disruption,VPN Server,Vulnerability Exploitation,2.08,8,9,5,2,10,0.14,1,1862627,100.0,High,1순위
RISK-0902,External Attack,Database Server,Brute Force,0.27,5,3,9,5,8,0.8,10,2901666,80.7,High,1순위
RISK-0903,Insider Threat,Web Server,Phishing,1.81,3,8,10,6,3,0.42,8,1514825,62.99,Medium,2순위
RISK-0904,Service Disruption,Cloud Service,Brute Force,5.83,10,4,4,10,2,0.29,1,2663941,92.78,High,1순위
RISK-0905,Service Disruption,Cloud Service,Phishing,4.21,1,6,5,4,9,0.57,2,1261451,100.0,High,1순위
RISK-0906,Data Leakage,Database Server,C2 Communication,8.93,3,10,4,10,7,0.79,3,2470277,100.0,High,1순위
RISK-0907,Data Leakage,Database Server,Data Exfiltration,8.17,9,6,2,5,9,0.75,6,2551633,100.0,High,1순위
RISK-0908,Insider Threat,Database Server,C2 Communication,3.42,5,3,1,9,2,0.85,4,2046210,75.84,High,1순위
RISK-0909,External Attack,VPN Server,C2 Communication,2.59,10,5,8,7,9,0.89,4,2358885,100.0,High,1순위
RISK-0910,Service Disruption,Database Server,Phishing,3.8,2,3,4,2,10,0.26,9,2648321,100.0,High,1순위
RISK-0911,Credential Compromise,VPN Server,Vulnerability Exploitation,5.9,7,1,5,1,9,0.43,6,2266728,100.0,High,1순위
RISK-0912,Data Leakage,Endpoint PC,Data Exfiltration,2.68,2,7,6,2,9,0.06,2,1823089,95.02,High,1순위
RISK-0913,Service Disruption,Endpoint PC,DDoS,6.24,4,4,8,3,10,0.84,7,1441729,100.0,High,1순위
RISK-0914,External Attack,Cloud Service,C2 Communication,4.09,7,7,8,2,10,0.19,3,2223827,100.0,High,1순위
RISK-0915,Malware Infection,Endpoint PC,Brute Force,5.52,4,3,7,3,4,0.83,9,2738256,100.0,High,1순위
RISK-0916,External Attack,VPN Server,Data Exfiltration,4.36,7,5,4,10,10,0.35,6,2226373,100.0,High,1순위
RISK-0917,Service Disruption,VPN Server,Vulnerability Exploitation,2.94,7,5,6,9,3,0.38,8,2725942,91.19,High,1순위
RISK-0918,Service Disruption,Web Server,Data Exfiltration,9.48,1,2,4,4,6,0.09,1,892615,89.9,High,1순위
RISK-0919,Insider Threat,Database Server,DDoS,7.64,6,10,7,9,3,0.34,2,2707701,100.0,High,1순위
RISK-0920,Service Disruption,File Server,DDoS,1.4,9,2,1,3,9,0.85,6,3533990,100.0,High,1순위
RISK-0921,Data Leakage,File Server,C2 Communication,8.68,2,4,5,1,3,0.07,3,1733751,100.0,High,1순위
RISK-0922,Credential Compromise,Database Server,Brute Force,4.87,3,4,10,5,2,0.42,1,663063,39.48,Low,3순위
RISK-0923,Insider Threat,File Server,C2 Communication,8.95,10,4,10,10,8,0.08,6,2884209,100.0,High,1순위
RISK-0924,Service Disruption,File Server,Vulnerability Exploitation,8.0,5,6,4,10,6,0.38,5,1426182,100.0,High,1순위
RISK-0925,External Attack,File Server,Phishing,4.25,9,2,7,2,8,0.21,9,3100548,100.0,High,1순위
RISK-0926,Service Disruption,Cloud Service,DDoS,0.22,4,6,9,4,7,0.28,6,1480766,72.08,High,1순위
RISK-0927,External Attack,VPN Server,Brute Force,2.69,1,7,5,2,3,0.84,5,1562569,87.66,High,1순위
RISK-0928,External Attack,VPN Server,DDoS,5.42,4,10,4,2,8,0.44,1,1233888,100.0,High,1순위
RISK-0929,Service Disruption,VPN Server,Vulnerability Exploitation,6.33,6,3,9,3,10,0.3,1,1492964,100.0,High,1순위
RISK-0930,External Attack,Database Server,Vulnerability Exploitation,2.58,5,8,5,5,1,0.58,1,1059414,71.04,High,1순위
RISK-0931,Credential Compromise,Endpoint PC,DDoS,1.39,1,2,9,4,1,0.18,7,538766,14.75,Low,3순위
RISK-0932,Malware Infection,Cloud Service,C2 Communication,8.35,4,8,8,2,10,0.28,6,2009865,100.0,High,1순위
RISK-0933,Insider Threat,Cloud Service,DDoS,9.84,6,5,4,10,8,0.54,5,1998588,100.0,High,1순위
RISK-0934,Service Disruption,File Server,C2 Communication,5.26,10,2,7,2,9,0.26,4,2926187,100.0,High,1순위
RISK-0935,Malware Infection,Web Server,DDoS,1.72,10,7,5,6,10,0.66,8,3464641,100.0,High,1순위
RISK-0936,External Attack,VPN Server,C2 Communication,2.72,4,2,10,7,6,0.49,8,1493303,61.48,Medium,2순위
RISK-0937,External Attack,Cloud Service,Phishing,0.18,9,6,4,10,5,0.74,5,2404368,96.08,High,1순위
RISK-0938,Insider Threat,Cloud Service,Data Exfiltration,9.14,5,10,5,6,2,0.9,4,2170443,100.0,High,1순위
RISK-0939,Malware Infection,Web Server,Data Exfiltration,1.18,8,3,5,7,9,0.15,2,1423813,81.23,High,1순위
RISK-0940,Malware Infection,File Server,C2 Communication,5.77,9,9,9,1,6,0.35,7,2388763,100.0,High,1순위
RISK-0941,Service Disruption,Cloud Service,C2 Communication,2.74,10,3,9,6,8,0.34,5,2845406,95.58,High,1순위
RISK-0942,External Attack,Cloud Service,Phishing,5.54,5,3,6,3,9,0.19,3,2198730,99.89,High,1순위
RISK-0943,Data Leakage,Endpoint PC,Data Exfiltration,6.51,6,5,4,1,9,0.78,9,1876555,100.0,High,1순위
RISK-0944,Service Disruption,Web Server,Phishing,8.3,1,7,2,8,8,0.73,9,2786227,100.0,High,1순위
RISK-0945,Service Disruption,File Server,Vulnerability Exploitation,2.06,7,8,3,4,10,0.49,10,2701987,100.0,High,1순위
RISK-0946,Service Disruption,File Server,DDoS,0.11,4,7,2,10,8,0.53,8,2269410,95.45,High,1순위
RISK-0947,Insider Threat,VPN Server,Data Exfiltration,1.37,2,9,5,8,3,0.1,1,595361,41.64,Medium,2순위
RISK-0948,Insider Threat,Endpoint PC,C2 Communication,9.0,5,5,6,10,3,0.55,3,1568266,98.92,High,1순위
RISK-0949,Service Disruption,File Server,Brute Force,8.74,3,10,5,4,2,0.76,2,1836342,100.0,High,1순위
RISK-0950,Credential Compromise,Endpoint PC,Vulnerability Exploitation,5.97,6,3,2,4,1,0.57,4,2079606,100.0,High,1순위
RISK-0951,Data Leakage,VPN Server,DDoS,6.01,8,6,5,10,4,0.29,2,2283177,96.44,High,1순위
RISK-0952,Malware Infection,Web Server,Brute Force,6.65,7,5,9,4,2,0.65,8,2778287,100.0,High,1순위
RISK-0953,Malware Infection,Cloud Service,Phishing,1.75,3,4,4,6,2,0.38,1,626623,41.44,Medium,2순위
RISK-0954,External Attack,Cloud Service,DDoS,9.14,8,2,10,9,5,0.54,4,2523871,100.0,High,1순위
RISK-0955,Malware Infection,Database Server,Phishing,4.19,2,7,2,5,4,0.49,5,1429327,89.51,High,1순위
RISK-0956,Malware Infection,Database Server,Phishing,3.83,10,5,3,10,1,0.39,10,2319020,100.0,High,1순위
RISK-0957,Data Leakage,Database Server,C2 Communication,5.19,9,4,3,8,9,0.7,4,2661859,100.0,High,1순위
RISK-0958,Malware Infection,Cloud Service,Phishing,0.47,4,8,9,8,4,0.85,8,1758821,68.92,Medium,2순위
RISK-0959,Data Leakage,Endpoint PC,Brute Force,1.66,1,9,4,4,5,0.05,2,1495150,69.06,Medium,2순위
RISK-0960,Insider Threat,Database Server,Vulnerability Exploitation,7.38,8,9,1,10,7,0.89,9,3403121,100.0,High,1순위
RISK-0961,Data Leakage,Web Server,C2 Communication,0.83,7,3,1,9,2,0.51,2,1395405,57.24,Medium,2순위
RISK-0962,Insider Threat,File Server,Vulnerability Exploitation,6.03,5,3,7,9,8,0.68,2,1550464,92.56,High,1순위
RISK-0963,Data Leakage,Endpoint PC,Phishing,2.45,10,5,7,5,2,0.82,2,2127390,87.93,High,1순위
RISK-0964,Service Disruption,Cloud Service,Data Exfiltration,3.89,5,5,2,6,10,0.47,10,1786105,100.0,High,1순위
RISK-0965,Credential Compromise,Web Server,DDoS,2.89,7,10,9,5,5,0.8,8,2387065,100.0,High,1순위
RISK-0966,Insider Threat,Cloud Service,C2 Communication,3.56,5,2,9,3,2,0.21,3,1479804,54.15,Medium,2순위
RISK-0967,Insider Threat,Endpoint PC,Phishing,7.19,8,1,5,8,2,0.19,10,2572965,100.0,High,1순위
RISK-0968,Malware Infection,Endpoint PC,C2 Communication,2.97,6,8,3,9,4,0.64,10,2811192,100.0,High,1순위
RISK-0969,Insider Threat,Endpoint PC,Data Exfiltration,5.66,5,3,3,4,4,0.83,8,2601277,100.0,High,1순위
RISK-0970,Data Leakage,VPN Server,Brute Force,4.76,9,1,3,9,8,0.85,7,3445573,100.0,High,1순위
RISK-0971,Service Disruption,File Server,Brute Force,6.64,2,1,6,9,6,0.63,10,1779001,93.58,High,1순위
RISK-0972,Service Disruption,Database Server,DDoS,9.37,1,2,4,7,10,0.52,4,2188496,100.0,High,1순위
RISK-0973,Malware Infection,VPN Server,Brute Force,7.33,8,6,8,8,8,0.35,7,2441128,100.0,High,1순위
RISK-0974,Data Leakage,File Server,Data Exfiltration,2.15,3,6,5,3,7,0.93,8,1702116,100.0,High,1순위
RISK-0975,Data Leakage,Cloud Service,Vulnerability Exploitation,0.31,7,3,1,5,10,0.34,6,3298499,100.0,High,1순위
RISK-0976,External Attack,Database Server,Data Exfiltration,2.62,10,4,9,3,4,0.72,6,3029169,100.0,High,1순위
RISK-0977,Insider Threat,VPN Server,Data Exfiltration,5.95,8,2,1,7,2,0.53,3,2565193,100.0,High,1순위
RISK-0978,Malware Infection,VPN Server,Phishing,0.51,6,2,6,6,9,0.6,5,2350377,82.27,High,1순위
RISK-0979,Service Disruption,Web Server,Brute Force,4.96,10,7,1,3,2,0.4,10,2894712,100.0,High,1순위
RISK-0980,Credential Compromise,VPN Server,C2 Communication,5.97,9,1,3,9,1,0.92,2,2178017,84.56,High,1순위
RISK-0981,External Attack,Endpoint PC,DDoS,3.34,7,7,10,1,8,0.56,5,1893709,100.0,High,1순위
RISK-0982,Data Leakage,Cloud Service,Vulnerability Exploitation,7.71,10,1,5,10,10,0.89,5,2130029,100.0,High,1순위
RISK-0983,Insider Threat,VPN Server,C2 Communication,1.07,5,6,10,3,9,0.06,7,2260613,86.25,High,1순위
RISK-0984,Service Disruption,Endpoint PC,Phishing,0.75,8,3,7,10,1,0.57,4,1222018,40.0,Low,3순위
RISK-0985,External Attack,File Server,Phishing,7.28,2,8,10,7,7,0.7,6,2112680,100.0,High,1순위
RISK-0986,Data Leakage,File Server,Vulnerability Exploitation,4.95,7,6,8,3,2,0.72,9,2535092,100.0,High,1순위
RISK-0987,Service Disruption,Endpoint PC,C2 Communication,6.88,4,2,9,3,6,0.86,4,1514567,100.0,High,1순위
RISK-0988,Service Disruption,Web Server,Vulnerability Exploitation,4.35,9,8,6,2,5,0.05,6,2636879,100.0,High,1순위
RISK-0989,Data Leakage,Web Server,Vulnerability Exploitation,2.46,1,5,9,9,1,0.05,9,659892,16.93,Low,3순위
RISK-0990,Data Leakage,File Server,Brute Force,8.19,7,8,8,4,2,0.48,10,2246900,100.0,High,1순위
RISK-0991,Malware Infection,Cloud Service,C2 Communication,7.99,6,8,9,10,2,0.08,1,1594110,82.77,High,1순위
RISK-0992,Service Disruption,VPN Server,Brute Force,6.95,8,6,10,6,10,0.93,8,2459916,100.0,High,1순위
RISK-0993,Data Leakage,File Server,Brute Force,2.72,5,2,4,2,10,0.25,1,1479479,94.76,High,1순위
RISK-0994,Credential Compromise,File Server,DDoS,5.9,1,8,9,9,6,0.48,4,1380506,80.15,High,1순위
RISK-0995,Credential Compromise,Endpoint PC,Brute Force,3.61,1,6,7,7,1,0.11,3,924746,32.66,Low,3순위
RISK-0996,External Attack,Web Server,Data Exfiltration,0.92,9,6,5,10,4,0.52,4,1757390,79.56,High,1순위
RISK-0997,Insider Threat,Cloud Service,Phishing,9.17,10,8,5,5,10,0.39,7,2968859,100.0,High,1순위
RISK-0998,Credential Compromise,Endpoint PC,Phishing,1.37,6,1,1,7,5,0.09,9,2123902,82.52,High,1순위
RISK-0999,Malware Infection,File Server,Data Exfiltration,9.5,10,2,2,4,2,0.35,9,2819259,100.0,High,1순위
RISK-1000,Data Leakage,Database Server,Vulnerability Exploitation,4.46,5,9,10,10,2,0.4,10,2320062,86.57,High,1순위
RISK-1001,Insider Threat,VPN Server,C2 Communication,1.85,1,8,3,7,7,0.94,1,1739513,83.58,High,1순위
RISK-1002,Malware Infection,File Server,C2 Communication,5.42,6,7,8,2,7,0.24,10,2588947,100.0,High,1순위
RISK-1003,Service Disruption,Endpoint PC,C2 Communication,8.73,6,7,6,7,6,0.54,1,2317404,100.0,High,1순위
RISK-1004,Insider Threat,Database Server,Brute Force,7.32,3,5,10,4,1,0.94,9,2384173,100.0,High,1순위
RISK-1005,Credential Compromise,Database Server,C2 Communication,8.07,8,2,5,4,3,0.76,4,1803325,100.0,High,1순위
RISK-1006,Malware Infection,File Server,C2 Communication,6.59,1,6,1,1,9,0.94,3,2305368,100.0,High,1순위
RISK-1007,Data Leakage,Cloud Service,C2 Communication,6.92,1,10,9,3,10,0.92,9,2078083,100.0,High,1순위
RISK-1008,Data Leakage,Web Server,Phishing,8.49,6,3,3,5,1,0.49,5,1537680,100.0,High,1순위
RISK-1009,Malware Infection,Database Server,Data Exfiltration,2.5,10,4,3,5,2,0.68,6,2175272,100.0,High,1순위
RISK-1010,Service Disruption,VPN Server,DDoS,4.89,1,10,2,2,8,0.15,1,1357797,100.0,High,1순위
RISK-1011,Credential Compromise,Endpoint PC,Vulnerability Exploitation,2.21,6,2,4,4,7,0.45,1,1299307,80.86,High,1순위
RISK-1012,Malware Infection,Endpoint PC,Data Exfiltration,9.88,1,2,2,1,9,0.78,7,1975710,100.0,High,1순위
RISK-1013,External Attack,Endpoint PC,C2 Communication,9.44,6,8,9,9,10,0.5,10,2530031,100.0,High,1순위
RISK-1014,Malware Infection,File Server,Vulnerability Exploitation,0.39,3,8,10,1,4,0.68,8,1749340,77.59,High,1순위
RISK-1015,Malware Infection,Endpoint PC,Vulnerability Exploitation,7.06,8,10,7,6,4,0.72,8,2197201,100.0,High,1순위
RISK-1016,Credential Compromise,Endpoint PC,Data Exfiltration,9.25,6,6,8,7,7,0.28,7,2973796,100.0,High,1순위
RISK-1017,Data Leakage,VPN Server,Data Exfiltration,1.81,1,5,3,3,1,0.84,9,1354482,74.28,High,1순위
RISK-1018,Service Disruption,Web Server,Data Exfiltration,5.68,5,8,6,1,10,0.46,1,1918291,100.0,High,1순위
RISK-1019,Malware Infection,Cloud Service,DDoS,9.15,8,4,10,7,9,0.24,2,2569075,100.0,High,1순위
RISK-1020,Insider Threat,File Server,Data Exfiltration,0.34,3,4,6,3,2,0.83,3,856754,45.28,Medium,2순위
RISK-1021,Data Leakage,File Server,DDoS,6.97,6,5,1,10,1,0.43,5,2031942,97.18,High,1순위
RISK-1022,Data Leakage,Endpoint PC,Brute Force,2.97,5,1,6,6,7,0.73,4,1742603,85.25,High,1순위
RISK-1023,Malware Infection,VPN Server,Phishing,9.24,6,1,3,6,6,0.54,4,1836105,100.0,High,1순위
RISK-1024,Credential Compromise,Database Server,DDoS,9.71,10,2,3,4,3,0.39,8,2837750,100.0,High,1순위
RISK-1025,Insider Threat,Endpoint PC,Phishing,9.44,1,8,3,6,1,0.78,8,2248222,100.0,High,1순위
RISK-1026,Malware Infection,Endpoint PC,C2 Communication,4.74,7,7,10,10,5,0.58,7,2297518,95.98,High,1순위
RISK-1027,Insider Threat,File Server,Brute Force,8.62,9,10,10,4,10,0.4,1,2183219,100.0,High,1순위
RISK-1028,Data Leakage,File Server,Vulnerability Exploitation,8.45,2,9,8,8,4,0.15,10,1948075,100.0,High,1순위
RISK-1029,Insider Threat,Endpoint PC,Data Exfiltration,3.19,10,5,5,9,5,0.86,4,2750578,100.0,High,1순위
RISK-1030,Malware Infection,File Server,C2 Communication,8.29,5,2,4,2,1,0.08,1,1316940,86.15,High,1순위
RISK-1031,External Attack,VPN Server,Vulnerability Exploitation,0.37,10,7,9,7,1,0.83,5,2103626,81.31,High,1순위
RISK-1032,External Attack,Database Server,Phishing,5.96,4,8,9,9,5,0.37,3,1383716,89.35,High,1순위
RISK-1033,Insider Threat,Database Server,Vulnerability Exploitation,2.3,6,7,1,9,6,0.63,3,1553877,100.0,High,1순위
RISK-1034,Credential Compromise,Database Server,Data Exfiltration,1.21,6,7,2,5,5,0.88,4,2261252,100.0,High,1순위
RISK-1035,Malware Infection,Endpoint PC,Data Exfiltration,0.77,2,5,8,1,2,0.19,2,807812,32.78,Low,3순위
RISK-1036,Service Disruption,Cloud Service,DDoS,6.96,2,2,5,6,9,0.56,7,2211867,100.0,High,1순위
RISK-1037,External Attack,Endpoint PC,DDoS,3.4,4,6,7,8,5,0.74,4,1561744,79.91,High,1순위
RISK-1038,Data Leakage,Endpoint PC,Phishing,7.25,1,4,1,1,5,0.73,5,2240493,100.0,High,1순위
RISK-1039,Malware Infection,VPN Server,Data Exfiltration,0.65,9,10,10,2,10,0.52,2,2332322,100.0,High,1순위
RISK-1040,Malware Infection,Database Server,Brute Force,3.15,7,2,5,1,9,0.61,6,2033435,100.0,High,1순위
RISK-1041,External Attack,File Server,C2 Communication,5.39,7,9,3,5,3,0.73,9,2265406,100.0,High,1순위
RISK-1042,Service Disruption,File Server,Phishing,7.91,3,7,10,2,5,0.81,8,1640710,100.0,High,1순위
RISK-1043,Data Leakage,Web Server,Phishing,3.19,3,6,2,10,5,0.74,8,1744303,90.93,High,1순위
RISK-1044,Service Disruption,Web Server,Vulnerability Exploitation,6.26,1,5,2,10,2,0.37,2,844383,58.18,Medium,2순위
RISK-1045,Data Leakage,Cloud Service,Phishing,8.86,3,3,9,4,4,0.95,4,2147664,100.0,High,1순위
RISK-1046,External Attack,File Server,C2 Communication,6.16,3,10,4,1,2,0.44,8,2044298,100.0,High,1순위
RISK-1047,Malware Infection,Database Server,Brute Force,2.33,4,10,4,7,5,0.07,1,1868906,83.92,High,1순위
RISK-1048,Data Leakage,Endpoint PC,Vulnerability Exploitation,0.24,4,4,7,8,10,0.38,8,2202314,78.15,High,1순위
RISK-1049,Malware Infection,File Server,C2 Communication,8.7,3,3,10,5,2,0.17,3,1401847,72.74,High,1순위
RISK-1050,Insider Threat,Cloud Service,DDoS,0.21,10,8,10,2,10,0.16,8,2709790,100.0,High,1순위
RISK-1051,Insider Threat,Cloud Service,Phishing,8.75,8,3,2,8,9,0.3,6,3034050,100.0,High,1순위
RISK-1052,External Attack,File Server,Data Exfiltration,5.29,8,7,3,1,10,0.1,7,3224495,100.0,High,1순위
RISK-1053,External Attack,Web Server,DDoS,9.39,1,7,3,7,6,0.67,2,1450133,100.0,High,1순위
RISK-1054,Credential Compromise,Database Server,Data Exfiltration,7.99,7,7,6,1,8,0.12,1,2187625,100.0,High,1순위
RISK-1055,External Attack,File Server,C2 Communication,9.98,2,7,3,6,9,0.23,6,1609721,100.0,High,1순위
RISK-1056,Insider Threat,Endpoint PC,Brute Force,3.51,1,2,5,6,8,0.13,3,1238890,62.33,Medium,2순위
RISK-1057,Data Leakage,Endpoint PC,Data Exfiltration,7.67,3,10,4,5,5,0.11,4,2280621,100.0,High,1순위
RISK-1058,Service Disruption,VPN Server,C2 Communication,4.02,4,3,3,2,5,0.29,9,2841470,100.0,High,1순위
RISK-1059,External Attack,Endpoint PC,Vulnerability Exploitation,4.8,6,10,8,2,6,0.56,3,1899875,100.0,High,1순위
RISK-1060,Service Disruption,File Server,Phishing,6.28,10,9,10,9,1,0.92,2,2554934,100.0,High,1순위
RISK-1061,Service Disruption,File Server,Brute Force,8.74,5,3,3,5,8,0.84,2,1837241,100.0,High,1순위
RISK-1062,Insider Threat,Endpoint PC,Brute Force,9.84,4,2,6,5,2,0.84,2,1515403,100.0,High,1순위
RISK-1063,Credential Compromise,Web Server,Vulnerability Exploitation,7.68,8,9,7,7,6,0.21,6,2651756,100.0,High,1순위
RISK-1064,Data Leakage,Database Server,Brute Force,4.18,4,10,7,6,9,0.29,2,2187721,100.0,High,1순위
RISK-1065,Insider Threat,Cloud Service,C2 Communication,4.21,10,9,2,2,3,0.12,7,3316664,100.0,High,1순위
RISK-1066,External Attack,File Server,Brute Force,7.38,2,4,3,1,2,0.75,7,2411676,100.0,High,1순위
RISK-1067,Insider Threat,Endpoint PC,Brute Force,2.39,3,9,10,5,10,0.11,7,1673894,100.0,High,1순위
RISK-1068,Insider Threat,Cloud Service,Brute Force,1.1,6,3,10,4,5,0.55,2,1336058,54.01,Medium,2순위
RISK-1069,Insider Threat,Endpoint PC,C2 Communication,3.55,8,7,4,3,9,0.27,7,2112125,100.0,High,1순위
RISK-1070,External Attack,File Server,DDoS,2.87,8,7,7,2,6,0.27,10,2057150,100.0,High,1순위
RISK-1071,External Attack,VPN Server,Phishing,2.96,9,8,2,10,8,0.94,8,2634212,100.0,High,1순위
RISK-1072,Insider Threat,Database Server,Data Exfiltration,2.34,7,10,3,2,8,0.73,8,2272459,100.0,High,1순위
RISK-1073,Insider Threat,File Server,DDoS,0.42,2,4,7,4,7,0.8,2,900776,56.69,Medium,2순위
RISK-1074,Service Disruption,Cloud Service,Brute Force,0.18,8,3,7,2,5,0.56,5,2256849,76.81,High,1순위
RISK-1075,Data Leakage,Endpoint PC,Vulnerability Exploitation,9.88,7,3,10,4,2,0.83,6,2330686,100.0,High,1순위
RISK-1076,Service Disruption,VPN Server,Vulnerability Exploitation,4.28,8,5,3,3,10,0.63,9,3185598,100.0,High,1순위
RISK-1077,Credential Compromise,File Server,C2 Communication,3.84,3,1,1,9,10,0.9,6,1983742,100.0,High,1순위
RISK-1078,Data Leakage,Database Server,Phishing,6.8,7,10,3,7,5,0.3,10,2224861,100.0,High,1순위
RISK-1079,Credential Compromise,VPN Server,Brute Force,2.18,10,3,5,3,7,0.59,6,2157208,100.0,High,1순위
RISK-1080,Data Leakage,Cloud Service,C2 Communication,9.5,9,6,7,8,7,0.67,10,2763693,100.0,High,1순위
RISK-1081,Insider Threat,Endpoint PC,Data Exfiltration,7.86,3,3,4,9,2,0.4,10,2464970,96.77,High,1순위
RISK-1082,Service Disruption,Web Server,Phishing,0.89,10,5,1,7,7,0.84,6,2664901,100.0,High,1순위
RISK-1083,Data Leakage,Database Server,Phishing,4.18,6,9,6,6,6,0.93,9,2984144,100.0,High,1순위
RISK-1084,Credential Compromise,VPN Server,C2 Communication,8.79,2,2,2,4,7,0.49,10,2806313,100.0,High,1순위
RISK-1085,Data Leakage,File Server,DDoS,9.45,2,2,3,5,8,0.4,7,1831558,100.0,High,1순위
RISK-1086,External Attack,File Server,Vulnerability Exploitation,4.67,5,6,4,8,4,0.47,1,1453389,82.59,High,1순위
RISK-1087,Data Leakage,VPN Server,DDoS,6.13,5,6,6,3,1,0.82,1,2429130,97.13,High,1순위
RISK-1088,Insider Threat,File Server,Phishing,1.67,7,8,6,2,8,0.63,4,2444925,100.0,High,1순위
RISK-1089,Malware Infection,VPN Server,Vulnerability Exploitation,9.91,2,2,7,3,8,0.09,2,1857291,100.0,High,1순위
RISK-1090,External Attack,Database Server,Phishing,2.32,7,9,5,7,3,0.54,3,2140334,95.77,High,1순위
RISK-1091,Malware Infection,File Server,Phishing,9.43,5,2,7,8,3,0.07,7,1443947,88.31,High,1순위
RISK-1092,Insider Threat,Database Server,Phishing,6.5,6,1,2,1,5,0.75,7,1958329,100.0,High,1순위
RISK-1093,Malware Infection,Endpoint PC,Data Exfiltration,6.08,8,10,1,7,3,0.35,3,1995112,100.0,High,1순위
RISK-1094,Data Leakage,Endpoint PC,Vulnerability Exploitation,5.13,10,2,10,9,5,0.47,2,1445126,79.18,High,1순위
RISK-1095,Malware Infection,Endpoint PC,Data Exfiltration,2.31,4,7,8,3,8,0.77,1,1686716,94.81,High,1순위
RISK-1096,Service Disruption,Endpoint PC,Vulnerability Exploitation,1.77,7,8,1,3,1,0.09,9,2504064,100.0,High,1순위
RISK-1097,Insider Threat,File Server,Data Exfiltration,2.2,6,5,2,8,2,0.19,10,2849118,85.27,High,1순위
RISK-1098,Service Disruption,VPN Server,Data Exfiltration,1.86,10,6,10,4,2,0.41,3,2255758,83.7,High,1순위
RISK-1099,Malware Infection,File Server,Data Exfiltration,7.8,2,1,6,8,4,0.26,9,1900554,77.8,High,1순위
RISK-1100,Service Disruption,Cloud Service,C2 Communication,3.5,8,6,1,5,9,0.35,4,2005203,100.0,High,1순위
RISK-1101,External Attack,File Server,Data Exfiltration,0.58,10,8,10,3,2,0.95,10,3074103,100.0,High,1순위
RISK-1102,Malware Infection,Database Server,DDoS,9.69,9,3,3,4,9,0.79,6,2102749,100.0,High,1순위
RISK-1103,Credential Compromise,VPN Server,DDoS,8.84,5,1,7,4,7,0.85,7,2807581,100.0,High,1순위
RISK-1104,Service Disruption,Web Server,Phishing,9.28,10,4,8,8,10,0.89,10,2843235,100.0,High,1순위
RISK-1105,Data Leakage,Web Server,Brute Force,9.95,4,1,4,6,8,0.36,6,2257026,100.0,High,1순위
RISK-1106,Malware Infection,VPN Server,Data Exfiltration,1.74,6,8,3,7,1,0.32,1,1179424,62.83,Medium,2순위
RISK-1107,Credential Compromise,Web Server,Brute Force,3.96,8,5,1,9,5,0.26,6,2806076,100.0,High,1순위
RISK-1108,External Attack,VPN Server,Brute Force,7.58,3,1,9,6,9,0.8,6,1785058,100.0,High,1순위
RISK-1109,Data Leakage,Database Server,Phishing,6.96,10,8,10,3,4,0.66,5,1877204,100.0,High,1순위
RISK-1110,Malware Infection,Database Server,Brute Force,1.54,1,9,6,3,2,0.26,3,941505,50.95,Medium,2순위
RISK-1111,Data Leakage,File Server,Brute Force,8.16,4,10,6,3,6,0.39,10,3099852,100.0,High,1순위
RISK-1112,Malware Infection,Web Server,DDoS,2.24,4,2,9,10,2,0.51,3,826345,19.55,Low,3순위
RISK-1113,Malware Infection,VPN Server,Brute Force,2.24,1,9,1,2,3,0.53,10,2238456,100.0,High,1순위
RISK-1114,Insider Threat,Database Server,Vulnerability Exploitation,5.37,9,8,6,1,8,0.85,7,2409815,100.0,High,1순위
RISK-1115,Service Disruption,File Server,Data Exfiltration,5.93,3,7,5,10,3,0.39,8,1399492,89.41,High,1순위
RISK-1116,Malware Infection,Web Server,Data Exfiltration,5.8,5,3,6,1,2,0.87,3,2193573,93.95,High,1순위
RISK-1117,External Attack,Web Server,Brute Force,0.91,6,2,8,4,6,0.45,3,1415213,50.37,Medium,2순위
RISK-1118,Credential Compromise,Web Server,Phishing,8.77,8,7,5,3,3,0.72,7,2211009,100.0,High,1순위
RISK-1119,Service Disruption,Database Server,Vulnerability Exploitation,2.66,6,5,2,5,1,0.89,10,2209027,100.0,High,1순위
RISK-1120,Insider Threat,Database Server,Phishing,1.3,3,6,2,9,3,0.87,7,1903178,76.51,High,1순위
RISK-1121,Service Disruption,Web Server,Phishing,8.89,6,4,10,8,6,0.1,9,2467555,100.0,High,1순위
RISK-1122,Service Disruption,Database Server,Brute Force,9.56,1,2,5,9,3,0.24,6,1730246,74.22,High,1순위
RISK-1123,Malware Infection,Web Server,C2 Communication,8.62,4,9,3,5,9,0.48,7,2366168,100.0,High,1순위
RISK-1124,External Attack,Endpoint PC,Brute Force,8.1,6,3,10,8,7,0.44,10,3076652,100.0,High,1순위
RISK-1125,Malware Infection,Database Server,DDoS,6.55,7,7,3,4,5,0.63,1,2447042,100.0,High,1순위
RISK-1126,External Attack,VPN Server,C2 Communication,5.51,10,8,8,5,2,0.9,7,2763788,100.0,High,1순위
RISK-1127,External Attack,Database Server,Vulnerability Exploitation,0.87,3,2,7,3,9,0.15,2,1340669,54.44,Medium,2순위
RISK-1128,Data Leakage,Web Server,C2 Communication,4.08,9,6,1,5,5,0.46,7,3193778,100.0,High,1순위
RISK-1129,Malware Infection,VPN Server,Brute Force,3.73,7,8,5,3,7,0.22,3,2060945,100.0,High,1순위
RISK-1130,Insider Threat,File Server,Brute Force,2.6,1,7,9,5,9,0.85,9,1738500,100.0,High,1순위
RISK-1131,Credential Compromise,VPN Server,Phishing,7.23,2,3,4,5,4,0.92,5,2002259,100.0,High,1순위
RISK-1132,Service Disruption,VPN Server,Brute Force,4.96,1,1,1,6,9,0.48,7,1733020,100.0,High,1순위
RISK-1133,Data Leakage,Database Server,DDoS,0.81,9,6,8,9,1,0.14,8,2136410,64.76,Medium,2순위
RISK-1134,Insider Threat,Cloud Service,Brute Force,2.2,9,8,5,1,6,0.76,2,2210100,100.0,High,1순위
RISK-1135,Credential Compromise,VPN Server,Data Exfiltration,6.83,7,6,2,10,2,0.68,1,1632751,100.0,High,1순위
RISK-1136,Credential Compromise,VPN Server,Data Exfiltration,0.76,10,5,1,6,8,0.37,7,3028897,100.0,High,1순위
RISK-1137,Malware Infection,Web Server,Phishing,8.51,3,8,3,1,5,0.85,6,2063857,100.0,High,1순위
RISK-1138,External Attack,Database Server,C2 Communication,4.95,5,2,9,6,3,0.93,6,2067222,76.21,High,1순위
RISK-1139,Malware Infection,Web Server,C2 Communication,4.81,4,1,1,2,2,0.55,2,2073587,81.3,High,1순위
RISK-1140,Credential Compromise,Database Server,Data Exfiltration,5.92,7,1,4,8,8,0.56,3,2193485,100.0,High,1순위
RISK-1141,Malware Infection,File Server,DDoS,8.25,9,4,8,3,7,0.32,4,2071234,100.0,High,1순위
RISK-1142,Data Leakage,Cloud Service,Vulnerability Exploitation,3.48,2,6,8,10,9,0.58,3,1329920,78.46,High,1순위
RISK-1143,Insider Threat,VPN Server,DDoS,6.78,8,9,10,6,8,0.45,2,2153042,100.0,High,1순위
RISK-1144,Credential Compromise,Database Server,Data Exfiltration,5.66,9,1,8,6,4,0.32,3,2431361,77.27,High,1순위
RISK-1145,Data Leakage,VPN Server,DDoS,2.67,10,1,10,4,2,0.11,6,1774867,61.01,Medium,2순위
RISK-1146,Insider Threat,VPN Server,Vulnerability Exploitation,8.79,10,5,8,5,2,0.28,9,2469871,100.0,High,1순위
RISK-1147,Data Leakage,Endpoint PC,C2 Communication,7.97,9,10,4,2,2,0.23,4,1540130,100.0,High,1순위
RISK-1148,Service Disruption,Web Server,Data Exfiltration,6.58,10,5,8,10,6,0.54,6,2836961,100.0,High,1순위
RISK-1149,External Attack,Cloud Service,Brute Force,8.51,7,5,9,10,7,0.59,1,2335779,100.0,High,1순위
RISK-1150,External Attack,Database Server,Vulnerability Exploitation,8.67,9,10,7,8,6,0.6,6,1667687,100.0,High,1순위
RISK-1151,External Attack,File Server,Vulnerability Exploitation,7.08,9,6,2,10,2,0.4,3,1720013,100.0,High,1순위
RISK-1152,Service Disruption,Cloud Service,Vulnerability Exploitation,8.37,3,8,9,7,4,0.43,9,2398787,100.0,High,1순위
RISK-1153,Credential Compromise,Endpoint PC,C2 Communication,6.97,4,3,8,10,3,0.8,4,1704128,66.74,Medium,2순위
RISK-1154,Credential Compromise,Web Server,DDoS,6.8,2,9,5,6,4,0.48,7,2255932,100.0,High,1순위
RISK-1155,Service Disruption,File Server,Phishing,6.19,10,1,3,7,5,0.94,4,3108077,100.0,High,1순위
RISK-1156,External Attack,File Server,Brute Force,7.53,3,4,7,1,7,0.45,6,1611883,100.0,High,1순위
RISK-1157,External Attack,VPN Server,Data Exfiltration,1.59,5,9,2,5,9,0.63,7,2164921,100.0,High,1순위
RISK-1158,Insider Threat,Web Server,DDoS,8.81,5,8,3,7,2,0.1,2,2449716,100.0,High,1순위
RISK-1159,Insider Threat,Endpoint PC,Vulnerability Exploitation,8.72,6,10,9,1,8,0.64,10,2898386,100.0,High,1순위
RISK-1160,Malware Infection,Database Server,C2 Communication,0.29,7,9,4,2,3,0.82,6,2487149,100.0,High,1순위
RISK-1161,Data Leakage,Database Server,Vulnerability Exploitation,8.26,7,1,4,9,9,0.9,8,2605061,100.0,High,1순위
RISK-1162,Insider Threat,Endpoint PC,DDoS,1.29,1,9,3,3,10,0.95,6,2322809,100.0,High,1순위
RISK-1163,Insider Threat,VPN Server,Data Exfiltration,3.35,2,3,5,6,4,0.3,2,969398,47.42,Medium,2순위
RISK-1164,Insider Threat,VPN Server,Brute Force,7.44,9,10,3,7,3,0.57,4,2295359,100.0,High,1순위
RISK-1165,Insider Threat,File Server,Vulnerability Exploitation,1.61,10,9,9,9,10,0.46,1,2206996,100.0,High,1순위
RISK-1166,Service Disruption,Web Server,C2 Communication,8.18,2,1,3,5,6,0.56,7,2461318,100.0,High,1순위
RISK-1167,Malware Infection,File Server,C2 Communication,8.32,6,1,2,4,10,0.19,8,2734922,100.0,High,1순위
RISK-1168,Insider Threat,Database Server,Phishing,5.07,1,9,5,2,9,0.82,10,2519385,100.0,High,1순위
RISK-1169,Credential Compromise,Endpoint PC,C2 Communication,0.06,3,6,6,3,7,0.87,2,1350620,67.29,Medium,2순위
RISK-1170,Data Leakage,Web Server,Phishing,2.87,2,4,1,5,4,0.45,10,2030438,94.42,High,1순위
RISK-1171,Insider Threat,Endpoint PC,Brute Force,6.17,3,7,6,2,3,0.3,5,1309419,96.81,High,1순위
RISK-1172,Service Disruption,Web Server,Data Exfiltration,9.81,5,5,10,4,10,0.18,8,2924736,100.0,High,1순위
RISK-1173,Credential Compromise,Cloud Service,Phishing,6.32,10,10,3,1,4,0.67,8,2343453,100.0,High,1순위
RISK-1174,External Attack,Database Server,Vulnerability Exploitation,2.6,6,7,4,4,3,0.33,5,1306083,100.0,High,1순위
RISK-1175,External Attack,Database Server,DDoS,6.34,9,8,6,7,3,0.87,8,2806232,100.0,High,1순위
RISK-1176,Malware Infection,Cloud Service,Vulnerability Exploitation,5.4,10,8,8,3,9,0.65,6,2534497,100.0,High,1순위
RISK-1177,External Attack,Web Server,Data Exfiltration,7.8,4,1,9,10,4,0.63,5,1510414,59.07,Medium,2순위
RISK-1178,Insider Threat,VPN Server,C2 Communication,1.07,7,8,6,8,9,0.55,4,2290202,100.0,High,1순위
RISK-1179,Service Disruption,Web Server,DDoS,7.61,6,6,7,6,10,0.09,5,1877011,100.0,High,1순위
RISK-1180,Malware Infection,Database Server,Vulnerability Exploitation,5.41,2,4,5,6,5,0.89,4,1917744,88.85,High,1순위
RISK-1181,Credential Compromise,Endpoint PC,DDoS,9.63,10,8,9,1,7,0.62,1,2650054,100.0,High,1순위
RISK-1182,Insider Threat,File Server,Phishing,3.42,8,3,4,5,5,0.94,3,1449044,100.0,High,1순위
RISK-1183,External Attack,Endpoint PC,Data Exfiltration,6.33,7,4,10,3,1,0.53,8,2958748,99.51,High,1순위
RISK-1184,Data Leakage,Database Server,Vulnerability Exploitation,9.32,7,6,6,10,2,0.69,7,2115276,100.0,High,1순위
RISK-1185,Insider Threat,Endpoint PC,C2 Communication,1.03,8,7,5,1,5,0.1,7,2445031,100.0,High,1순위
RISK-1186,Data Leakage,VPN Server,DDoS,9.37,1,4,1,8,6,0.62,3,1654782,100.0,High,1순위
RISK-1187,Credential Compromise,VPN Server,C2 Communication,6.88,1,4,5,7,7,0.74,9,2480259,100.0,High,1순위
RISK-1188,Data Leakage,Web Server,DDoS,0.68,8,7,5,7,2,0.75,6,2145300,92.31,High,1순위
RISK-1189,Credential Compromise,Endpoint PC,Vulnerability Exploitation,3.01,4,6,9,10,10,0.74,8,2404279,100.0,High,1순위
RISK-1190,Malware Infection,Endpoint PC,Data Exfiltration,7.08,5,8,1,10,9,0.25,8,2828959,100.0,High,1순위
RISK-1191,Service Disruption,Database Server,Brute Force,0.67,8,1,5,10,6,0.93,3,1397192,56.79,Medium,2순위
RISK-1192,External Attack,Web Server,Vulnerability Exploitation,5.82,5,10,7,4,2,0.95,4,1512074,100.0,High,1순위
RISK-1193,External Attack,Web Server,C2 Communication,3.46,10,7,6,6,2,0.12,6,1875861,100.0,High,1순위
RISK-1194,Insider Threat,Endpoint PC,Brute Force,6.21,4,7,6,9,3,0.89,2,2203486,96.21,High,1순위
RISK-1195,External Attack,File Server,Data Exfiltration,0.46,6,7,7,3,1,0.31,7,1742946,70.8,High,1순위
RISK-1196,Malware Infection,Endpoint PC,C2 Communication,8.72,5,7,6,9,9,0.67,2,2518647,100.0,High,1순위
RISK-1197,External Attack,Endpoint PC,Data Exfiltration,9.73,7,10,5,4,10,0.35,5,2074747,100.0,High,1순위
RISK-1198,Insider Threat,Endpoint PC,DDoS,9.69,10,10,10,5,4,0.92,4,2248598,100.0,High,1순위
RISK-1199,External Attack,VPN Server,Vulnerability Exploitation,7.5,7,8,5,7,5,0.14,9,2816976,100.0,High,1순위
RISK-1200,Service Disruption,Cloud Service,Data Exfiltration,1.3,4,9,9,6,7,0.5,2,1386777,76.69,High,1순위
RISK-1201,Credential Compromise,Web Server,C2 Communication,7.58,5,9,8,10,1,0.44,7,2642249,100.0,High,1순위
RISK-1202,Data Leakage,Cloud Service,Vulnerability Exploitation,0.25,3,2,10,8,3,0.34,7,674505,3.24,Low,3순위
RISK-1203,Data Leakage,VPN Server,C2 Communication,0.22,4,7,4,8,3,0.63,7,1213896,66.64,Medium,2순위
RISK-1204,Credential Compromise,File Server,C2 Communication,3.24,4,7,4,8,2,0.17,1,1252391,51.72,Medium,2순위
RISK-1205,Data Leakage,Database Server,Brute Force,4.89,3,4,10,3,8,0.69,8,1594727,100.0,High,1순위
RISK-1206,Service Disruption,File Server,Phishing,7.7,10,9,5,10,5,0.93,2,1770278,100.0,High,1순위
RISK-1207,Malware Infection,Web Server,Data Exfiltration,6.83,5,8,3,6,1,0.77,5,2144661,100.0,High,1순위
RISK-1208,Insider Threat,Database Server,Data Exfiltration,4.46,5,1,8,7,2,0.82,2,1217678,51.44,Medium,2순위
RISK-1209,Service Disruption,Cloud Service,Brute Force,2.74,7,2,7,9,1,0.37,5,1045058,39.3,Low,3순위
RISK-1210,Insider Threat,File Server,DDoS,9.97,4,2,5,10,6,0.34,7,1972741,100.0,High,1순위
RISK-1211,Malware Infection,Web Server,Data Exfiltration,4.26,4,8,10,10,9,0.52,6,2133769,100.0,High,1순위
RISK-1212,Service Disruption,File Server,Brute Force,4.51,9,1,3,4,7,0.09,5,2525669,100.0,High,1순위
RISK-1213,External Attack,Database Server,Data Exfiltration,1.64,6,4,5,5,5,0.9,4,1290444,85.26,High,1순위
RISK-1214,Malware Infection,Database Server,Data Exfiltration,7.95,4,10,3,8,3,0.18,8,2211941,100.0,High,1순위
RISK-1215,Data Leakage,File Server,C2 Communication,6.94,2,5,10,1,8,0.86,8,2149745,100.0,High,1순위
RISK-1216,Service Disruption,VPN Server,Brute Force,2.21,6,9,5,6,10,0.13,1,2342334,100.0,High,1순위
RISK-1217,Malware Infection,File Server,DDoS,0.82,2,7,1,4,4,0.79,10,2101024,97.15,High,1순위
RISK-1218,Malware Infection,Cloud Service,Data Exfiltration,6.8,5,8,6,5,9,0.19,2,1643351,100.0,High,1순위
RISK-1219,Service Disruption,File Server,DDoS,6.55,6,9,10,5,5,0.08,3,2329690,100.0,High,1순위
RISK-1220,Data Leakage,File Server,Phishing,2.73,4,7,4,2,6,0.7,1,2187402,97.42,High,1순위
RISK-1221,Credential Compromise,VPN Server,Brute Force,9.51,3,5,4,8,5,0.3,3,1750631,100.0,High,1순위
RISK-1222,Data Leakage,Endpoint PC,Brute Force,1.51,7,5,8,2,10,0.69,10,2045742,100.0,High,1순위
RISK-1223,Malware Infection,Database Server,Brute Force,4.32,2,10,2,4,7,0.55,8,1790855,100.0,High,1순위
RISK-1224,Insider Threat,Cloud Service,C2 Communication,9.44,6,6,4,5,7,0.15,4,2578846,100.0,High,1순위
RISK-1225,Credential Compromise,Web Server,Brute Force,4.2,4,5,2,1,1,0.89,7,2650996,100.0,High,1순위
RISK-1226,Credential Compromise,Database Server,C2 Communication,6.39,6,9,1,6,2,0.46,7,2167253,100.0,High,1순위
RISK-1227,Malware Infection,Database Server,Phishing,3.98,4,3,10,2,7,0.71,5,1625370,86.84,High,1순위
RISK-1228,Service Disruption,Endpoint PC,Vulnerability Exploitation,2.74,4,3,3,5,8,0.5,1,2106084,86.79,High,1순위
RISK-1229,Service Disruption,Database Server,C2 Communication,9.84,4,7,8,6,4,0.59,10,1945958,100.0,High,1순위
RISK-1230,Service Disruption,Database Server,Data Exfiltration,4.09,9,7,6,8,6,0.32,4,2486594,100.0,High,1순위
RISK-1231,Data Leakage,VPN Server,Brute Force,8.94,7,6,7,9,10,0.23,7,3099932,100.0,High,1순위
RISK-1232,External Attack,VPN Server,Vulnerability Exploitation,2.3,3,3,2,6,3,0.54,5,1304387,52.31,Medium,2순위
RISK-1233,Service Disruption,VPN Server,C2 Communication,2.13,3,7,6,5,7,0.45,2,957694,76.52,High,1순위
RISK-1234,Service Disruption,VPN Server,DDoS,0.31,6,5,8,4,3,0.4,8,1768142,61.47,Medium,2순위
RISK-1235,Credential Compromise,VPN Server,DDoS,6.52,6,7,8,2,7,0.66,2,2574786,100.0,High,1순위
RISK-1236,Insider Threat,Cloud Service,Data Exfiltration,3.69,4,2,4,2,8,0.67,8,2125308,100.0,High,1순위
RISK-1237,Insider Threat,Web Server,Vulnerability Exploitation,8.64,9,6,6,7,3,0.09,2,2775077,100.0,High,1순위
RISK-1238,Malware Infection,Endpoint PC,Phishing,4.73,4,8,5,5,2,0.35,5,2211283,94.56,High,1순위
RISK-1239,Malware Infection,File Server,C2 Communication,9.68,9,1,9,7,6,0.42,4,2948707,100.0,High,1순위
RISK-1240,Malware Infection,Cloud Service,DDoS,1.86,4,4,8,1,4,0.14,1,1567283,57.59,Medium,2순위
RISK-1241,Service Disruption,VPN Server,DDoS,8.69,2,1,2,1,8,0.26,8,2211307,100.0,High,1순위
RISK-1242,Insider Threat,Endpoint PC,C2 Communication,7.77,2,1,7,5,2,0.1,10,1604206,80.98,High,1순위
RISK-1243,Malware Infection,File Server,DDoS,7.71,5,10,7,2,4,0.95,3,2360022,100.0,High,1순위
RISK-1244,Insider Threat,Database Server,Phishing,8.45,4,8,1,8,2,0.71,4,2369658,100.0,High,1순위
RISK-1245,Service Disruption,Cloud Service,DDoS,7.61,7,7,1,3,2,0.13,4,2211194,100.0,High,1순위
RISK-1246,Credential Compromise,Database Server,C2 Communication,6.26,5,10,4,1,2,0.07,5,2715872,100.0,High,1순위
RISK-1247,Service Disruption,Endpoint PC,Brute Force,1.31,6,1,5,2,1,0.7,3,1272081,47.31,Medium,2순위
RISK-1248,Malware Infection,Web Server,DDoS,0.33,10,2,4,10,4,0.45,9,2198168,76.3,High,1순위
RISK-1249,Service Disruption,Web Server,C2 Communication,9.21,4,4,7,10,2,0.76,4,2227688,91.78,High,1순위
RISK-1250,Service Disruption,Endpoint PC,Brute Force,6.17,2,1,3,7,9,0.88,10,1846885,100.0,High,1순위
RISK-1251,Insider Threat,Web Server,DDoS,7.97,10,3,7,6,9,0.59,4,2274279,100.0,High,1순위
RISK-1252,External Attack,Web Server,DDoS,4.82,9,8,8,8,7,0.22,6,3269279,100.0,High,1순위
RISK-1253,Data Leakage,Database Server,C2 Communication,1.17,10,8,6,7,6,0.75,8,2763885,100.0,High,1순위
RISK-1254,Malware Infection,Web Server,Data Exfiltration,1.25,7,8,6,10,3,0.91,7,2643363,82.86,High,1순위
RISK-1255,External Attack,Web Server,Data Exfiltration,6.86,4,6,8,8,7,0.57,4,2420172,100.0,High,1순위
RISK-1256,Credential Compromise,Endpoint PC,Vulnerability Exploitation,4.3,3,6,8,3,1,0.66,4,1887469,75.89,High,1순위
RISK-1257,Malware Infection,Web Server,Data Exfiltration,2.01,10,5,7,6,9,0.35,5,2745568,100.0,High,1순위
RISK-1258,External Attack,Cloud Service,Phishing,4.92,3,9,6,7,4,0.39,10,1801250,100.0,High,1순위
RISK-1259,Service Disruption,VPN Server,Vulnerability Exploitation,0.64,9,4,6,10,6,0.71,5,2051923,83.56,High,1순위
RISK-1260,Malware Infection,VPN Server,Data Exfiltration,5.82,5,10,10,1,6,0.88,1,1639196,100.0,High,1순위
RISK-1261,External Attack,Endpoint PC,Brute Force,2.69,3,7,6,1,3,0.62,8,2315757,93.87,High,1순위
RISK-1262,Data Leakage,VPN Server,C2 Communication,7.98,5,1,8,7,4,0.76,10,2533715,100.0,High,1순위
RISK-1263,Service Disruption,Database Server,Data Exfiltration,3.1,2,9,1,3,10,0.2,5,1674040,100.0,High,1순위
RISK-1264,Malware Infection,Cloud Service,Brute Force,4.55,4,7,5,3,3,0.24,3,1995480,92.41,High,1순위
RISK-1265,Credential Compromise,Cloud Service,Vulnerability Exploitation,0.12,10,10,3,5,6,0.53,3,2280019,100.0,High,1순위
RISK-1266,Credential Compromise,Endpoint PC,C2 Communication,0.72,2,9,8,6,1,0.21,4,667051,31.57,Low,3순위
RISK-1267,Malware Infection,Web Server,Data Exfiltration,3.92,2,7,6,2,8,0.62,7,1428067,100.0,High,1순위
RISK-1268,External Attack,VPN Server,Vulnerability Exploitation,4.8,8,2,2,3,8,0.31,5,3067481,100.0,High,1순위
RISK-1269,Malware Infection,Database Server,Data Exfiltration,6.0,1,6,7,6,9,0.76,1,1509666,100.0,High,1순위
RISK-1270,Service Disruption,Endpoint PC,Vulnerability Exploitation,2.92,7,10,7,3,6,0.78,5,1991143,100.0,High,1순위
RISK-1271,Insider Threat,Endpoint PC,Data Exfiltration,6.95,5,4,5,5,1,0.47,5,2054136,93.04,High,1순위
RISK-1272,Credential Compromise,Web Server,Brute Force,8.6,8,3,8,9,3,0.21,6,2074585,100.0,High,1순위
RISK-1273,External Attack,File Server,Phishing,7.8,1,2,5,3,1,0.63,7,1413473,82.96,High,1순위
RISK-1274,Data Leakage,VPN Server,Brute Force,0.4,7,6,1,6,5,0.94,5,2769098,100.0,High,1순위
RISK-1275,Malware Infection,Database Server,C2 Communication,4.81,5,8,9,5,3,0.61,2,1632899,86.85,High,1순위
RISK-1276,Service Disruption,Endpoint PC,Data Exfiltration,1.05,4,6,4,5,2,0.08,2,886728,45.43,Medium,2순위
RISK-1277,Malware Infection,VPN Server,Phishing,2.42,7,9,2,6,3,0.07,4,2956461,100.0,High,1순위
RISK-1278,Data Leakage,Database Server,Phishing,9.87,10,5,4,6,9,0.34,1,2855102,100.0,High,1순위
RISK-1279,Service Disruption,Cloud Service,C2 Communication,1.42,2,2,9,1,8,0.23,7,1537806,66.66,Medium,2순위
RISK-1280,Data Leakage,Cloud Service,C2 Communication,4.99,1,8,2,9,3,0.78,1,1115394,73.53,High,1순위
RISK-1281,Service Disruption,Database Server,Phishing,6.18,1,9,4,5,2,0.81,3,2041631,100.0,High,1순위
RISK-1282,Insider Threat,Cloud Service,C2 Communication,7.02,1,10,2,1,5,0.28,10,1842772,100.0,High,1순위
RISK-1283,Credential Compromise,Endpoint PC,C2 Communication,5.6,5,4,5,8,1,0.34,7,2038490,80.38,High,1순위
RISK-1284,Service Disruption,VPN Server,Data Exfiltration,0.1,10,6,3,7,4,0.26,6,2863939,100.0,High,1순위
RISK-1285,Data Leakage,Database Server,Brute Force,3.26,7,10,10,7,8,0.87,7,2650791,100.0,High,1순위
RISK-1286,External Attack,Endpoint PC,DDoS,5.18,2,8,2,5,1,0.5,5,1964360,89.26,High,1순위
RISK-1287,Credential Compromise,VPN Server,Vulnerability Exploitation,0.88,10,9,9,1,5,0.64,8,2941943,100.0,High,1순위
RISK-1288,Insider Threat,VPN Server,Phishing,3.51,8,5,5,9,4,0.42,6,2001583,91.83,High,1순위
RISK-1289,Malware Infection,Endpoint PC,Vulnerability Exploitation,0.33,4,6,10,9,6,0.62,4,1177401,37.23,Low,3순위
RISK-1290,Insider Threat,VPN Server,Phishing,0.79,3,4,5,8,7,0.4,1,808022,52.17,Medium,2순위
RISK-1291,Insider Threat,File Server,Phishing,3.97,10,5,1,5,9,0.36,2,2578313,100.0,High,1순위
RISK-1292,Malware Infection,Database Server,Brute Force,1.33,8,7,6,3,1,0.62,6,2195050,88.03,High,1순위
RISK-1293,Service Disruption,Database Server,Phishing,5.68,2,9,7,8,10,0.58,4,1951066,100.0,High,1순위
RISK-1294,Insider Threat,VPN Server,Phishing,6.89,3,10,1,1,4,0.31,3,1778509,100.0,High,1순위
RISK-1295,Credential Compromise,Endpoint PC,Brute Force,8.01,3,6,9,3,6,0.18,7,2339511,100.0,High,1순위
RISK-1296,Insider Threat,Web Server,C2 Communication,2.0,10,6,8,7,10,0.38,7,2349765,100.0,High,1순위
RISK-1297,External Attack,Cloud Service,DDoS,1.67,1,8,8,4,7,0.42,2,1091228,56.5,Medium,2순위
RISK-1298,Credential Compromise,VPN Server,Vulnerability Exploitation,1.05,6,4,7,7,7,0.62,8,2451430,79.43,High,1순위
RISK-1299,External Attack,Web Server,Phishing,6.36,2,3,5,5,8,0.87,1,2018334,96.18,High,1순위
RISK-1300,Credential Compromise,VPN Server,Brute Force,7.06,1,7,3,6,10,0.08,10,2274553,100.0,High,1순위
RISK-1301,Data Leakage,Web Server,Phishing,0.32,2,5,9,7,8,0.27,7,1000352,53.87,Medium,2순위
RISK-1302,Malware Infection,VPN Server,Brute Force,9.36,6,2,7,10,8,0.22,10,1838779,100.0,High,1순위
RISK-1303,Credential Compromise,Endpoint PC,Vulnerability Exploitation,0.52,4,2,10,7,8,0.5,1,768788,22.59,Low,3순위
RISK-1304,Credential Compromise,Cloud Service,Data Exfiltration,5.41,6,6,10,7,8,0.44,3,1987816,100.0,High,1순위
RISK-1305,Service Disruption,Web Server,C2 Communication,7.09,9,8,8,7,6,0.71,3,1757132,100.0,High,1순위
RISK-1306,Service Disruption,File Server,Data Exfiltration,8.71,10,1,6,7,9,0.27,10,3657242,100.0,High,1순위
RISK-1307,Data Leakage,Endpoint PC,Brute Force,7.14,10,6,5,3,3,0.59,2,2532697,100.0,High,1순위
RISK-1308,Service Disruption,Cloud Service,Phishing,8.02,8,2,8,3,6,0.85,10,2101010,100.0,High,1순위
RISK-1309,Service Disruption,VPN Server,C2 Communication,3.39,1,2,3,7,5,0.87,5,1463557,70.9,High,1순위
RISK-1310,External Attack,Web Server,Vulnerability Exploitation,8.15,8,7,7,2,8,0.91,4,2804929,100.0,High,1순위
RISK-1311,Service Disruption,Cloud Service,DDoS,0.8,9,10,2,2,4,0.75,6,2062359,100.0,High,1순위
RISK-1312,Service Disruption,Database Server,C2 Communication,8.95,6,1,3,3,4,0.87,2,2210864,100.0,High,1순위
RISK-1313,Data Leakage,Endpoint PC,Phishing,5.48,10,6,2,4,10,0.26,4,2537354,100.0,High,1순위
RISK-1314,Data Leakage,Web Server,Data Exfiltration,8.17,5,7,5,6,10,0.23,7,1802064,100.0,High,1순위
RISK-1315,Insider Threat,Endpoint PC,Brute Force,4.52,6,8,7,8,5,0.06,1,2094414,85.48,High,1순위
RISK-1316,Service Disruption,Web Server,Data Exfiltration,6.44,6,7,10,10,6,0.69,3,2352975,95.58,High,1순위
RISK-1317,Service Disruption,Database Server,C2 Communication,5.26,9,6,10,10,4,0.89,1,1910142,85.96,High,1순위
RISK-1318,Credential Compromise,File Server,DDoS,7.32,4,9,1,7,2,0.22,2,2137325,100.0,High,1순위
RISK-1319,Service Disruption,Database Server,Phishing,0.82,2,3,10,4,2,0.62,9,1071353,34.84,Low,3순위
RISK-1320,External Attack,VPN Server,Brute Force,0.6,9,6,9,2,3,0.72,10,3263625,100.0,High,1순위
RISK-1321,Credential Compromise,Endpoint PC,Phishing,2.47,2,4,1,2,2,0.88,5,1977130,75.21,High,1순위
RISK-1322,Service Disruption,File Server,Phishing,1.6,10,2,1,4,1,0.63,4,1736920,88.52,High,1순위
RISK-1323,External Attack,Endpoint PC,DDoS,8.72,9,1,10,6,8,0.92,4,2636571,100.0,High,1순위
RISK-1324,Insider Threat,Cloud Service,C2 Communication,2.19,2,1,8,3,5,0.36,8,1395535,53.48,Medium,2순위
RISK-1325,Credential Compromise,Web Server,Data Exfiltration,9.76,8,10,6,6,10,0.36,3,2102144,100.0,High,1순위
RISK-1326,Malware Infection,VPN Server,Phishing,3.37,9,3,6,5,1,0.54,4,2229621,78.0,High,1순위
RISK-1327,Service Disruption,VPN Server,Phishing,1.82,10,4,9,5,9,0.4,2,1957867,93.8,High,1순위
RISK-1328,Credential Compromise,Endpoint PC,Phishing,7.9,9,2,4,2,8,0.05,6,2332232,100.0,High,1순위
RISK-1329,Data Leakage,VPN Server,Brute Force,6.59,10,1,8,8,4,0.71,9,2769415,100.0,High,1순위
RISK-1330,Credential Compromise,Endpoint PC,Phishing,4.98,9,4,4,5,8,0.73,4,1686359,100.0,High,1순위
RISK-1331,Data Leakage,Web Server,Phishing,5.55,2,7,2,2,10,0.72,6,1709595,100.0,High,1순위
RISK-1332,Service Disruption,Web Server,C2 Communication,7.19,4,10,8,7,7,0.36,4,2088178,100.0,High,1순위
RISK-1333,External Attack,Endpoint PC,Phishing,2.28,7,6,7,9,7,0.52,2,1718540,81.94,High,1순위
RISK-1334,Data Leakage,Database Server,DDoS,9.96,2,6,4,9,1,0.37,6,1278549,90.82,High,1순위
RISK-1335,Credential Compromise,Database Server,DDoS,9.75,1,9,9,1,6,0.06,7,1530819,100.0,High,1순위
RISK-1336,Credential Compromise,Web Server,Phishing,6.5,3,2,9,7,4,0.56,4,1609664,58.02,Medium,2순위
RISK-1337,Data Leakage,File Server,DDoS,2.0,4,4,8,9,10,0.16,7,2288231,69.67,Medium,2순위
RISK-1338,Insider Threat,Database Server,C2 Communication,6.8,8,5,1,6,10,0.12,8,2253846,100.0,High,1순위
RISK-1339,Insider Threat,Endpoint PC,Brute Force,0.72,6,1,7,1,10,0.73,3,1707893,90.65,High,1순위
RISK-1340,Insider Threat,Web Server,DDoS,0.31,2,8,5,2,2,0.06,2,1038586,44.22,Medium,2순위
RISK-1341,Data Leakage,VPN Server,DDoS,2.58,9,8,7,4,10,0.91,5,3393951,100.0,High,1순위
RISK-1342,Data Leakage,VPN Server,Data Exfiltration,4.63,2,6,9,4,7,0.51,2,1279569,79.15,High,1순위
RISK-1343,Credential Compromise,Database Server,C2 Communication,8.68,5,5,2,2,9,0.93,10,3283635,100.0,High,1순위
RISK-1344,Service Disruption,File Server,DDoS,7.27,4,8,4,8,5,0.1,5,2012766,100.0,High,1순위
RISK-1345,Service Disruption,Cloud Service,Brute Force,7.43,7,3,4,2,8,0.58,10,3337340,100.0,High,1순위
RISK-1346,External Attack,Database Server,Data Exfiltration,4.25,8,3,2,3,5,0.36,6,2136275,100.0,High,1순위
RISK-1347,Data Leakage,File Server,Phishing,3.46,5,2,3,4,7,0.81,8,3170496,100.0,High,1순위
RISK-1348,Service Disruption,Database Server,C2 Communication,3.71,10,5,8,9,7,0.38,6,2989212,100.0,High,1순위
RISK-1349,Service Disruption,VPN Server,DDoS,9.88,5,3,9,10,9,0.28,4,2754610,100.0,High,1순위
RISK-1350,Insider Threat,File Server,Phishing,0.4,2,3,6,1,3,0.82,3,872007,45.82,Medium,2순위
RISK-1351,Insider Threat,VPN Server,C2 Communication,8.67,8,6,10,8,1,0.39,2,1921385,90.28,High,1순위
RISK-1352,Insider Threat,Endpoint PC,Data Exfiltration,5.79,2,8,2,5,2,0.07,1,1682103,81.81,High,1순위
RISK-1353,Malware Infection,Endpoint PC,DDoS,4.39,10,2,2,7,6,0.4,2,2979062,100.0,High,1순위
RISK-1354,Service Disruption,Web Server,Brute Force,7.25,6,4,7,8,10,0.64,2,2058923,100.0,High,1순위
RISK-1355,Insider Threat,VPN Server,C2 Communication,4.87,8,7,8,5,10,0.28,5,2288547,100.0,High,1순위
RISK-1356,Insider Threat,VPN Server,Brute Force,8.73,6,1,8,8,9,0.44,9,3076694,100.0,High,1순위
RISK-1357,Data Leakage,Web Server,Phishing,9.01,4,1,6,10,3,0.1,1,1497341,63.45,Medium,2순위
RISK-1358,Credential Compromise,Endpoint PC,Phishing,4.22,4,10,10,8,10,0.58,4,1279149,100.0,High,1순위
RISK-1359,Insider Threat,Endpoint PC,Data Exfiltration,2.77,6,7,8,9,2,0.73,10,2372990,84.93,High,1순위
RISK-1360,Data Leakage,File Server,Data Exfiltration,5.92,4,7,1,2,1,0.42,7,2701024,100.0,High,1순위
RISK-1361,External Attack,File Server,Vulnerability Exploitation,9.12,8,1,9,3,2,0.43,10,3019172,100.0,High,1순위
RISK-1362,Insider Threat,Cloud Service,Vulnerability Exploitation,2.11,9,1,1,1,3,0.13,3,2425858,95.96,High,1순위
RISK-1363,Credential Compromise,Endpoint PC,Data Exfiltration,6.23,1,4,3,4,7,0.23,8,2468754,100.0,High,1순위
RISK-1364,Data Leakage,Cloud Service,DDoS,6.32,4,5,9,5,2,0.19,3,1778786,69.47,Medium,2순위
RISK-1365,Credential Compromise,Database Server,Phishing,7.33,4,5,5,1,5,0.48,8,2477161,100.0,High,1순위
RISK-1366,Insider Threat,VPN Server,Brute Force,1.32,2,4,9,8,2,0.53,2,528335,6.74,Low,3순위
RISK-1367,External Attack,File Server,Data Exfiltration,7.16,6,8,9,2,7,0.9,5,2816531,100.0,High,1순위
RISK-1368,Insider Threat,Database Server,DDoS,9.09,3,7,6,1,10,0.12,4,2331557,100.0,High,1순위
RISK-1369,Data Leakage,File Server,Brute Force,1.8,7,9,1,2,8,0.59,9,2275151,100.0,High,1순위
RISK-1370,External Attack,Web Server,Vulnerability Exploitation,2.38,5,7,10,5,8,0.52,3,1755163,94.91,High,1순위
RISK-1371,External Attack,VPN Server,Brute Force,9.71,4,10,7,9,8,0.51,5,2107046,100.0,High,1순위
RISK-1372,External Attack,Cloud Service,Data Exfiltration,1.81,5,1,6,9,10,0.84,10,2907758,95.2,High,1순위
RISK-1373,Malware Infection,Cloud Service,Phishing,8.54,8,7,9,2,9,0.23,9,2314946,100.0,High,1순위
RISK-1374,Data Leakage,File Server,Data Exfiltration,4.92,3,1,7,2,1,0.09,6,1114496,38.12,Low,3순위
RISK-1375,Malware Infection,Endpoint PC,C2 Communication,2.47,7,7,4,3,1,0.66,2,1669395,95.8,High,1순위
RISK-1376,Credential Compromise,Cloud Service,DDoS,8.71,6,10,7,7,10,0.36,1,2411208,100.0,High,1순위
RISK-1377,External Attack,Web Server,DDoS,4.45,1,8,2,3,2,0.07,1,1416894,71.54,High,1순위
RISK-1378,Malware Infection,Web Server,DDoS,5.15,7,9,6,1,6,0.28,7,3006869,100.0,High,1순위
RISK-1379,Insider Threat,Endpoint PC,C2 Communication,3.59,7,3,6,6,1,0.33,2,1461626,55.44,Medium,2순위
RISK-1380,Malware Infection,Web Server,C2 Communication,5.93,1,4,2,3,5,0.61,7,1619736,100.0,High,1순위
RISK-1381,Service Disruption,VPN Server,Phishing,1.64,9,4,4,1,5,0.21,1,2326742,96.25,High,1순위
RISK-1382,Credential Compromise,File Server,DDoS,3.91,6,9,8,4,4,0.42,4,2167875,100.0,High,1순위
RISK-1383,External Attack,Web Server,Data Exfiltration,9.69,2,7,8,1,5,0.48,10,2456352,100.0,High,1순위
RISK-1384,External Attack,VPN Server,C2 Communication,2.58,5,3,8,1,1,0.46,4,1185194,48.32,Medium,2순위
RISK-1385,Credential Compromise,Endpoint PC,Data Exfiltration,6.57,4,10,8,2,6,0.93,5,1683778,100.0,High,1순위
RISK-1386,Credential Compromise,File Server,Vulnerability Exploitation,3.25,7,5,1,10,7,0.09,10,2256688,100.0,High,1순위
RISK-1387,Data Leakage,Endpoint PC,DDoS,7.73,8,7,2,8,8,0.91,1,2011983,100.0,High,1순위
RISK-1388,Insider Threat,File Server,C2 Communication,1.31,1,8,4,2,2,0.57,7,1256346,77.79,High,1순위
RISK-1389,Credential Compromise,Web Server,C2 Communication,9.7,5,1,9,2,7,0.77,2,1924103,100.0,High,1순위
RISK-1390,Credential Compromise,Web Server,Phishing,4.54,3,2,3,10,6,0.44,2,950108,58.47,Medium,2순위
RISK-1391,Data Leakage,File Server,Data Exfiltration,2.36,1,7,6,10,9,0.46,8,1831702,87.06,High,1순위
RISK-1392,Credential Compromise,VPN Server,Phishing,0.73,3,2,7,8,8,0.84,9,1744837,59.84,Medium,2순위
RISK-1393,Malware Infection,VPN Server,Phishing,1.7,6,7,8,6,4,0.86,6,2356917,97.99,High,1순위
RISK-1394,Service Disruption,VPN Server,Data Exfiltration,5.2,7,9,7,4,9,0.26,1,2649729,100.0,High,1순위
RISK-1395,Service Disruption,Database Server,Vulnerability Exploitation,3.37,8,2,3,3,1,0.23,1,1836990,68.22,Medium,2순위
RISK-1396,Service Disruption,Cloud Service,Data Exfiltration,8.29,4,7,6,1,6,0.5,7,2645078,100.0,High,1순위
RISK-1397,Credential Compromise,Cloud Service,Vulnerability Exploitation,4.31,3,4,5,3,8,0.86,8,2648634,100.0,High,1순위
RISK-1398,Service Disruption,Cloud Service,Phishing,2.49,5,2,10,9,4,0.34,3,853797,21.49,Low,3순위
RISK-1399,Insider Threat,VPN Server,Vulnerability Exploitation,6.17,9,7,4,5,2,0.64,9,1966791,100.0,High,1순위
RISK-1400,Malware Infection,Web Server,DDoS,7.07,6,5,1,6,2,0.69,4,1896997,100.0,High,1순위
RISK-1401,Service Disruption,Database Server,Vulnerability Exploitation,1.67,9,1,7,5,10,0.75,4,2166927,100.0,High,1순위
RISK-1402,External Attack,VPN Server,Vulnerability Exploitation,1.68,6,5,8,1,1,0.56,3,1599173,64.43,Medium,2순위
RISK-1403,Credential Compromise,Web Server,C2 Communication,0.37,2,3,2,10,5,0.41,8,849651,45.72,Medium,2순위
RISK-1404,Malware Infection,Database Server,C2 Communication,7.36,5,7,7,1,6,0.92,9,3049264,100.0,High,1순위
RISK-1405,Insider Threat,Web Server,Phishing,6.64,9,6,6,4,4,0.6,1,2058468,100.0,High,1순위
RISK-1406,Service Disruption,File Server,Data Exfiltration,4.75,8,8,5,3,4,0.71,2,2885066,100.0,High,1순위
RISK-1407,Insider Threat,Web Server,Vulnerability Exploitation,8.44,7,5,4,8,5,0.36,1,2665372,100.0,High,1순위
RISK-1408,Credential Compromise,Database Server,DDoS,8.06,1,2,2,7,5,0.65,4,2225743,88.11,High,1순위
RISK-1409,Service Disruption,VPN Server,C2 Communication,5.85,4,9,10,7,9,0.28,10,2595906,100.0,High,1순위
RISK-1410,External Attack,Cloud Service,Data Exfiltration,8.68,7,8,6,8,8,0.27,7,2048165,100.0,High,1순위
RISK-1411,Malware Infection,Database Server,DDoS,2.06,7,6,5,10,9,0.69,7,2345372,100.0,High,1순위
RISK-1412,External Attack,VPN Server,Vulnerability Exploitation,1.12,6,10,2,7,3,0.52,6,1999635,100.0,High,1순위
RISK-1413,Service Disruption,VPN Server,Data Exfiltration,2.7,8,7,10,10,3,0.66,5,2536461,72.6,High,1순위
RISK-1414,Data Leakage,Endpoint PC,DDoS,0.57,6,9,7,2,1,0.29,4,1793708,69.98,Medium,2순위
RISK-1415,Malware Infection,File Server,Brute Force,5.31,10,7,6,4,10,0.59,8,2585635,100.0,High,1순위
RISK-1416,Insider Threat,Endpoint PC,DDoS,9.37,3,3,9,6,6,0.45,7,2812969,100.0,High,1순위
RISK-1417,Service Disruption,Cloud Service,DDoS,0.39,4,6,10,3,4,0.59,10,1524046,66.29,Medium,2순위
RISK-1418,External Attack,Database Server,Vulnerability Exploitation,1.22,3,7,5,3,8,0.31,1,1106585,81.9,High,1순위
RISK-1419,Credential Compromise,Endpoint PC,Data Exfiltration,4.52,1,2,9,6,2,0.69,6,876298,36.88,Low,3순위
RISK-1420,Data Leakage,Cloud Service,Vulnerability Exploitation,9.34,10,3,9,1,2,0.78,2,2520585,100.0,High,1순위
RISK-1421,Credential Compromise,VPN Server,Vulnerability Exploitation,3.16,5,4,1,1,7,0.28,4,2400153,100.0,High,1순위
RISK-1422,Service Disruption,Database Server,Brute Force,5.07,1,10,5,5,5,0.32,5,1870891,100.0,High,1순위
RISK-1423,Insider Threat,Endpoint PC,DDoS,0.42,1,6,9,1,1,0.65,8,1240323,42.3,Medium,2순위
RISK-1424,External Attack,Web Server,Data Exfiltration,1.48,2,1,7,10,7,0.68,6,837942,44.67,Medium,2순위
RISK-1425,Malware Infection,Cloud Service,Phishing,9.87,4,9,6,8,7,0.68,2,1739426,100.0,High,1순위
RISK-1426,Data Leakage,Cloud Service,C2 Communication,9.65,6,5,6,2,10,0.66,5,2371029,100.0,High,1순위
RISK-1427,Service Disruption,File Server,Vulnerability Exploitation,0.05,8,7,7,6,6,0.4,5,2449065,94.03,High,1순위
RISK-1428,Service Disruption,Web Server,Vulnerability Exploitation,9.52,3,9,1,10,4,0.41,6,2248109,100.0,High,1순위
RISK-1429,Service Disruption,Database Server,Vulnerability Exploitation,6.39,1,9,4,10,8,0.28,1,889968,94.96,High,1순위
RISK-1430,Service Disruption,Endpoint PC,Vulnerability Exploitation,8.68,3,1,1,5,2,0.19,8,1862134,97.52,High,1순위
RISK-1431,External Attack,VPN Server,C2 Communication,4.55,3,1,6,10,2,0.67,3,756203,29.72,Low,3순위
RISK-1432,Malware Infection,Endpoint PC,Phishing,5.16,5,3,4,4,2,0.13,5,1689446,83.22,High,1순위
RISK-1433,Insider Threat,Database Server,Brute Force,4.89,4,6,1,1,3,0.89,7,2007344,100.0,High,1순위
RISK-1434,Data Leakage,Database Server,Phishing,6.67,4,2,9,3,6,0.79,3,1706026,94.27,High,1순위
RISK-1435,Service Disruption,Database Server,C2 Communication,1.4,9,10,4,4,1,0.82,10,2437100,100.0,High,1순위
RISK-1436,Credential Compromise,Database Server,Data Exfiltration,0.3,7,1,6,2,2,0.87,6,2267678,75.84,High,1순위
RISK-1437,Service Disruption,Cloud Service,Brute Force,3.08,4,1,7,2,10,0.42,5,2456119,93.03,High,1순위
RISK-1438,Malware Infection,Endpoint PC,Brute Force,7.05,3,5,8,2,2,0.81,7,1999950,99.99,High,1순위
RISK-1439,Malware Infection,Web Server,Data Exfiltration,2.02,6,4,9,1,1,0.19,10,1727072,64.14,Medium,2순위
RISK-1440,External Attack,VPN Server,DDoS,6.73,3,1,9,10,3,0.07,3,1011917,31.13,Low,3순위
RISK-1441,External Attack,VPN Server,Vulnerability Exploitation,9.7,6,4,8,2,10,0.76,2,2147135,100.0,High,1순위
RISK-1442,Credential Compromise,File Server,C2 Communication,0.94,9,3,10,6,7,0.12,4,2454645,56.43,Medium,2순위
RISK-1443,Credential Compromise,Cloud Service,Data Exfiltration,6.73,6,2,3,3,1,0.94,3,1577192,99.84,High,1순위
RISK-1444,External Attack,Database Server,Phishing,4.44,4,9,2,10,7,0.66,4,2201859,100.0,High,1순위
RISK-1445,Data Leakage,Database Server,Phishing,8.68,5,1,5,5,5,0.73,7,2506758,100.0,High,1순위
RISK-1446,Credential Compromise,Database Server,DDoS,1.77,6,7,1,1,9,0.27,5,1470594,100.0,High,1순위
RISK-1447,External Attack,Cloud Service,Data Exfiltration,6.93,3,4,3,8,2,0.66,4,2149724,77.92,High,1순위
RISK-1448,Service Disruption,Web Server,C2 Communication,8.38,8,5,1,4,1,0.09,6,2836040,100.0,High,1순위
RISK-1449,External Attack,Database Server,DDoS,9.45,4,10,3,9,9,0.8,7,2277461,100.0,High,1순위
RISK-1450,Data Leakage,File Server,DDoS,6.83,8,5,4,4,8,0.2,5,2894875,100.0,High,1순위
RISK-1451,External Attack,File Server,DDoS,4.97,10,1,7,2,10,0.68,7,2217741,100.0,High,1순위
RISK-1452,External Attack,Web Server,Brute Force,6.18,10,6,5,3,6,0.25,3,2706072,100.0,High,1순위
RISK-1453,Service Disruption,Cloud Service,Brute Force,8.69,3,9,5,5,5,0.11,7,1849063,100.0,High,1순위
RISK-1454,Credential Compromise,Database Server,Vulnerability Exploitation,5.71,10,2,1,10,8,0.48,3,1790721,100.0,High,1순위
RISK-1455,Service Disruption,Endpoint PC,C2 Communication,0.3,7,7,8,6,8,0.2,6,2722064,89.53,High,1순위
RISK-1456,Service Disruption,Endpoint PC,Phishing,9.31,9,6,4,7,5,0.71,8,2449915,100.0,High,1순위
RISK-1457,External Attack,VPN Server,Phishing,6.9,4,5,10,4,7,0.26,6,1414545,100.0,High,1순위
RISK-1458,Service Disruption,Web Server,Vulnerability Exploitation,6.77,8,4,5,7,1,0.36,10,2318688,100.0,High,1순위
RISK-1459,Malware Infection,Endpoint PC,Phishing,2.16,3,4,2,10,4,0.56,3,874034,49.06,Medium,2순위
RISK-1460,Insider Threat,VPN Server,DDoS,6.59,7,6,1,3,2,0.31,5,2439237,100.0,High,1순위
RISK-1461,Insider Threat,File Server,Vulnerability Exploitation,3.94,3,4,9,7,10,0.39,9,1913127,94.48,High,1순위
RISK-1462,Service Disruption,VPN Server,Vulnerability Exploitation,6.51,7,5,2,4,3,0.78,8,2535727,100.0,High,1순위
RISK-1463,Credential Compromise,Database Server,Data Exfiltration,1.07,10,6,6,8,1,0.21,6,2023859,79.72,High,1순위
RISK-1464,Data Leakage,Database Server,Brute Force,6.58,10,5,1,9,2,0.12,9,2801127,100.0,High,1순위
RISK-1465,Service Disruption,File Server,C2 Communication,9.99,6,7,1,7,1,0.35,2,1736946,100.0,High,1순위
RISK-1466,Credential Compromise,Web Server,C2 Communication,0.48,2,9,9,8,8,0.43,9,2291572,78.16,High,1순위
RISK-1467,Service Disruption,Cloud Service,Brute Force,9.77,3,10,4,8,4,0.54,10,2117568,100.0,High,1순위
RISK-1468,External Attack,Database Server,DDoS,4.07,6,7,9,2,3,0.39,10,2210092,100.0,High,1순위
RISK-1469,Credential Compromise,Database Server,C2 Communication,8.71,4,7,5,9,1,0.76,6,1951493,100.0,High,1순위
RISK-1470,Data Leakage,VPN Server,Phishing,7.82,6,4,7,6,2,0.09,9,3297831,100.0,High,1순위
RISK-1471,Service Disruption,VPN Server,Phishing,5.67,1,1,1,4,3,0.44,4,899575,71.47,High,1순위
RISK-1472,Malware Infection,VPN Server,C2 Communication,7.38,10,8,6,5,3,0.39,5,3462785,100.0,High,1순위
RISK-1473,Credential Compromise,Endpoint PC,Data Exfiltration,8.79,1,4,8,10,6,0.63,2,921556,80.66,High,1순위
RISK-1474,Insider Threat,File Server,C2 Communication,4.04,3,1,1,5,10,0.92,3,1342821,100.0,High,1순위
RISK-1475,Credential Compromise,Web Server,Vulnerability Exploitation,3.27,8,5,9,7,8,0.51,1,1828709,89.52,High,1순위
RISK-1476,Malware Infection,VPN Server,DDoS,6.68,8,8,3,9,6,0.94,4,2128499,100.0,High,1순위
RISK-1477,Malware Infection,Web Server,Vulnerability Exploitation,8.08,4,4,1,7,2,0.32,2,1692743,92.09,High,1순위
RISK-1478,Malware Infection,VPN Server,Brute Force,7.62,6,8,1,9,2,0.08,2,2705825,100.0,High,1순위
RISK-1479,Data Leakage,Database Server,DDoS,7.98,8,8,6,4,7,0.2,1,1478566,100.0,High,1순위
RISK-1480,Data Leakage,Web Server,DDoS,4.36,7,3,6,10,1,0.41,10,2208437,76.25,High,1순위
RISK-1481,Credential Compromise,Endpoint PC,Phishing,8.18,7,9,1,10,1,0.33,2,1982180,100.0,High,1순위
RISK-1482,Data Leakage,VPN Server,DDoS,1.2,4,3,3,4,7,0.14,4,1348329,67.68,Medium,2순위
RISK-1483,Insider Threat,Cloud Service,Data Exfiltration,5.44,9,1,7,6,9,0.44,6,2648026,100.0,High,1순위
RISK-1484,External Attack,File Server,C2 Communication,0.06,10,2,10,8,5,0.35,7,2501731,59.74,Medium,2순위
RISK-1485,Credential Compromise,Database Server,Vulnerability Exploitation,3.25,6,6,3,9,1,0.16,7,1723707,73.37,High,1순위
RISK-1486,Service Disruption,VPN Server,Phishing,3.66,3,10,3,1,5,0.32,7,2173344,100.0,High,1순위
RISK-1487,Service Disruption,Web Server,Phishing,3.96,5,2,3,1,1,0.85,4,1516388,86.02,High,1순위
RISK-1488,Credential Compromise,VPN Server,Data Exfiltration,6.95,5,6,7,8,10,0.32,5,1819247,100.0,High,1순위
RISK-1489,External Attack,Database Server,Data Exfiltration,3.89,5,1,4,7,9,0.69,3,1862626,96.45,High,1순위
RISK-1490,Service Disruption,File Server,Data Exfiltration,4.49,8,1,4,9,4,0.6,1,1692582,73.71,High,1순위
RISK-1491,Credential Compromise,File Server,Data Exfiltration,2.38,9,5,3,3,9,0.43,8,1856135,100.0,High,1순위
RISK-1492,Credential Compromise,File Server,Vulnerability Exploitation,3.73,9,10,10,10,2,0.27,10,2363162,100.0,High,1순위
RISK-1493,Malware Infection,Cloud Service,Data Exfiltration,2.27,6,9,9,5,7,0.38,7,2096117,100.0,High,1순위
RISK-1494,Insider Threat,Database Server,Phishing,0.73,6,8,2,3,2,0.58,9,2693308,100.0,High,1순위
RISK-1495,Service Disruption,Cloud Service,Phishing,6.03,9,3,4,5,4,0.37,10,2250239,100.0,High,1순위
RISK-1496,Insider Threat,Cloud Service,DDoS,6.68,4,3,8,10,6,0.24,4,1975400,74.93,High,1순위
RISK-1497,Credential Compromise,VPN Server,C2 Communication,6.19,6,1,6,1,2,0.15,5,1687114,78.19,High,1순위
RISK-1498,External Attack,Database Server,Phishing,4.63,4,3,7,4,2,0.84,5,2259831,75.5,High,1순위
RISK-1499,Credential Compromise,Database Server,Phishing,3.8,1,1,7,6,2,0.45,7,1053962,32.35,Low,3순위
RISK-1500,Service Disruption,VPN Server,Vulnerability Exploitation,8.63,7,8,2,2,3,0.61,9,1973965,100.0,High,1순위
RISK-1501,Insider Threat,Endpoint PC,DDoS,5.19,10,1,4,7,5,0.49,8,3479187,100.0,High,1순위
RISK-1502,Malware Infection,Cloud Service,Phishing,4.79,6,5,10,8,9,0.84,7,2043043,100.0,High,1순위
RISK-1503,Malware Infection,File Server,Brute Force,0.26,9,9,10,1,6,0.54,1,2505476,100.0,High,1순위
RISK-1504,Credential Compromise,Web Server,Phishing,3.41,7,7,6,4,9,0.48,10,2331090,100.0,High,1순위
RISK-1505,External Attack,Cloud Service,C2 Communication,3.8,7,4,3,4,10,0.88,6,2216097,100.0,High,1순위
RISK-1506,Data Leakage,Web Server,C2 Communication,3.99,2,9,9,5,5,0.7,10,2801207,100.0,High,1순위
RISK-1507,Service Disruption,VPN Server,DDoS,5.8,9,9,4,4,6,0.15,9,3398016,100.0,High,1순위
RISK-1508,Credential Compromise,Web Server,DDoS,5.34,10,2,10,9,10,0.21,7,3251541,100.0,High,1순위
RISK-1509,Malware Infection,Endpoint PC,Data Exfiltration,6.08,9,10,2,7,8,0.76,1,2459020,100.0,High,1순위
RISK-1510,Malware Infection,Database Server,Vulnerability Exploitation,7.65,6,10,6,2,3,0.8,9,2172408,100.0,High,1순위
RISK-1511,External Attack,File Server,C2 Communication,8.13,3,6,1,1,2,0.54,3,1340814,100.0,High,1순위
RISK-1512,Malware Infection,Web Server,Brute Force,7.18,1,4,6,9,3,0.55,9,2273051,75.12,High,1순위
RISK-1513,Service Disruption,Web Server,Brute Force,9.56,4,8,10,1,9,0.62,4,1835431,100.0,High,1순위
RISK-1514,External Attack,VPN Server,Data Exfiltration,0.18,3,7,1,6,6,0.45,9,2114927,92.06,High,1순위
RISK-1515,Insider Threat,VPN Server,Vulnerability Exploitation,1.96,1,7,8,2,10,0.66,8,1931749,100.0,High,1순위
RISK-1516,External Attack,Database Server,Vulnerability Exploitation,0.08,3,10,5,4,4,0.15,7,2390213,81.81,High,1순위
RISK-1517,Service Disruption,File Server,DDoS,6.47,4,9,6,6,10,0.92,4,1565112,100.0,High,1순위
RISK-1518,Service Disruption,Web Server,Phishing,8.98,8,5,2,5,3,0.73,9,3358246,100.0,High,1순위
RISK-1519,Insider Threat,Database Server,Brute Force,2.43,9,6,2,6,2,0.62,4,2292094,99.38,High,1순위
RISK-1520,Credential Compromise,File Server,Brute Force,9.27,3,1,9,3,4,0.33,1,1058705,77.96,High,1순위
RISK-1521,External Attack,Database Server,Brute Force,0.6,6,6,3,5,9,0.19,6,2787183,100.0,High,1순위
RISK-1522,Service Disruption,Web Server,Brute Force,9.34,10,2,6,2,4,0.42,4,3093316,100.0,High,1순위
RISK-1523,Service Disruption,VPN Server,C2 Communication,3.52,5,6,10,7,5,0.65,10,2033713,88.31,High,1순위
RISK-1524,Insider Threat,VPN Server,Vulnerability Exploitation,1.01,6,9,5,3,8,0.62,3,1836566,100.0,High,1순위
RISK-1525,Data Leakage,VPN Server,Phishing,4.86,4,8,4,1,2,0.39,5,1782152,100.0,High,1순위
RISK-1526,External Attack,Endpoint PC,C2 Communication,2.57,10,9,10,8,3,0.6,3,3000221,98.36,High,1순위
RISK-1527,Service Disruption,Database Server,Vulnerability Exploitation,2.85,6,10,2,8,6,0.78,9,1693364,100.0,High,1순위
RISK-1528,Malware Infection,Web Server,Data Exfiltration,3.07,7,8,8,3,7,0.07,6,1998008,100.0,High,1순위
RISK-1529,Insider Threat,Database Server,Brute Force,8.03,9,3,10,7,4,0.46,3,2771069,100.0,High,1순위
RISK-1530,Data Leakage,VPN Server,Phishing,5.39,10,8,7,9,1,0.73,5,2668592,100.0,High,1순위
RISK-1531,Data Leakage,Cloud Service,Vulnerability Exploitation,3.11,7,6,2,8,7,0.54,8,2225357,100.0,High,1순위
RISK-1532,Insider Threat,Cloud Service,Data Exfiltration,6.1,6,6,6,3,9,0.64,8,2985603,100.0,High,1순위
RISK-1533,Data Leakage,Database Server,Brute Force,7.16,1,6,8,2,1,0.52,6,1754790,76.17,High,1순위
RISK-1534,Service Disruption,File Server,Data Exfiltration,2.73,2,3,7,10,1,0.94,5,905955,25.81,Low,3순위
RISK-1535,Data Leakage,Cloud Service,Data Exfiltration,4.14,1,10,1,7,1,0.1,5,1466783,85.42,High,1순위
RISK-1536,External Attack,Cloud Service,C2 Communication,1.22,9,1,5,7,10,0.49,1,2103023,84.38,High,1순위
RISK-1537,Malware Infection,Database Server,Data Exfiltration,1.81,10,4,2,9,7,0.13,2,2330509,95.6,High,1순위
RISK-1538,Service Disruption,Endpoint PC,C2 Communication,6.81,10,10,6,5,9,0.19,4,1945813,100.0,High,1순위
RISK-1539,Insider Threat,Endpoint PC,DDoS,1.81,9,6,7,4,3,0.39,6,2473496,92.49,High,1순위
RISK-1540,Malware Infection,VPN Server,C2 Communication,5.25,7,10,7,8,8,0.19,7,1732934,100.0,High,1순위
RISK-1541,Credential Compromise,Web Server,Data Exfiltration,7.09,2,2,3,4,9,0.92,1,1882497,100.0,High,1순위
RISK-1542,Service Disruption,File Server,Vulnerability Exploitation,1.07,6,7,7,4,3,0.9,8,2596752,87.62,High,1순위
RISK-1543,Malware Infection,Web Server,Data Exfiltration,5.67,4,7,5,2,3,0.35,1,1918976,95.91,High,1순위
RISK-1544,Data Leakage,Web Server,Data Exfiltration,2.57,1,4,8,1,1,0.63,9,1130870,62.52,Medium,2순위
RISK-1545,Credential Compromise,File Server,Vulnerability Exploitation,9.63,1,4,8,4,2,0.53,4,1606803,83.28,High,1순위
RISK-1546,Insider Threat,Endpoint PC,Brute Force,4.84,5,1,7,7,7,0.78,7,1578864,81.9,High,1순위
RISK-1547,Insider Threat,Cloud Service,Phishing,8.06,2,2,6,9,3,0.61,6,2019100,81.02,High,1순위
RISK-1548,External Attack,VPN Server,DDoS,5.5,4,9,2,9,7,0.05,9,2935874,100.0,High,1순위
RISK-1549,Data Leakage,Database Server,Brute Force,0.43,1,10,6,10,5,0.74,2,707679,57.66,Medium,2순위
RISK-1550,External Attack,Endpoint PC,Data Exfiltration,6.33,4,8,9,1,10,0.72,7,1841554,100.0,High,1순위
RISK-1551,External Attack,VPN Server,Brute Force,9.51,6,8,2,5,8,0.51,5,2404959,100.0,High,1순위
RISK-1552,Data Leakage,Cloud Service,Phishing,6.02,10,9,1,7,5,0.86,7,3085479,100.0,High,1순위
RISK-1553,Service Disruption,Endpoint PC,Brute Force,8.19,4,7,5,7,3,0.87,1,2028016,100.0,High,1순위
RISK-1554,Credential Compromise,File Server,Phishing,8.84,1,9,6,10,9,0.52,10,2042859,100.0,High,1순위
RISK-1555,External Attack,Web Server,Brute Force,2.28,7,10,3,6,7,0.6,9,2681020,100.0,High,1순위
RISK-1556,Malware Infection,File Server,C2 Communication,2.12,2,2,8,10,5,0.95,1,382937,23.94,Low,3순위
RISK-1557,Credential Compromise,Cloud Service,Data Exfiltration,6.11,9,6,7,4,7,0.32,5,2470824,100.0,High,1순위
RISK-1558,Service Disruption,Database Server,Phishing,4.11,3,3,2,3,10,0.34,8,2474785,100.0,High,1순위
RISK-1559,Data Leakage,File Server,DDoS,8.4,8,6,7,9,9,0.21,1,2076190,100.0,High,1순위
RISK-1560,Insider Threat,Cloud Service,Data Exfiltration,9.0,8,3,1,10,5,0.86,7,1726721,100.0,High,1순위
RISK-1561,Service Disruption,Web Server,C2 Communication,3.53,3,8,9,4,7,0.72,2,2414543,100.0,High,1순위
RISK-1562,External Attack,Endpoint PC,Brute Force,2.37,4,4,7,8,9,0.15,7,1413918,71.77,High,1순위
RISK-1563,Malware Infection,VPN Server,Data Exfiltration,7.81,2,10,6,1,1,0.93,7,2399063,100.0,High,1순위
RISK-1564,Credential Compromise,Cloud Service,Brute Force,2.75,4,6,2,7,4,0.71,9,2438922,100.0,High,1순위
RISK-1565,Data Leakage,Cloud Service,Brute Force,8.23,9,9,3,6,1,0.82,6,2502040,100.0,High,1순위
RISK-1566,Insider Threat,Database Server,Data Exfiltration,4.24,2,2,1,1,8,0.09,4,1480395,100.0,High,1순위
RISK-1567,Credential Compromise,Endpoint PC,Phishing,6.68,3,2,10,4,3,0.5,7,1636338,71.57,High,1순위
RISK-1568,Malware Infection,Cloud Service,Phishing,0.96,4,7,5,5,2,0.68,7,2268683,78.47,High,1순위
RISK-1569,Insider Threat,Cloud Service,Data Exfiltration,6.24,5,2,9,8,4,0.54,4,1933813,77.3,High,1순위
RISK-1570,Data Leakage,VPN Server,Phishing,4.52,1,2,6,4,3,0.65,2,829471,47.81,Medium,2순위
RISK-1571,Credential Compromise,Web Server,Vulnerability Exploitation,5.87,7,4,5,3,5,0.79,9,2307339,100.0,High,1순위
RISK-1572,Service Disruption,File Server,Brute Force,1.68,10,9,3,2,8,0.39,8,2890505,100.0,High,1순위
RISK-1573,External Attack,Endpoint PC,Data Exfiltration,7.37,7,8,5,4,10,0.81,5,2013456,100.0,High,1순위
RISK-1574,Data Leakage,VPN Server,DDoS,8.63,9,2,8,10,8,0.2,5,2448855,100.0,High,1순위
RISK-1575,Malware Infection,VPN Server,C2 Communication,2.17,4,8,2,4,7,0.29,1,1692070,100.0,High,1순위
RISK-1576,Service Disruption,File Server,Data Exfiltration,0.96,6,4,5,10,8,0.09,9,2045890,80.41,High,1순위
RISK-1577,Credential Compromise,Endpoint PC,Data Exfiltration,0.24,2,2,6,5,5,0.38,10,1422254,41.18,Medium,2순위
RISK-1578,Insider Threat,Endpoint PC,Brute Force,6.42,4,10,10,7,10,0.39,8,2245358,100.0,High,1순위
RISK-1579,Service Disruption,Web Server,C2 Communication,6.07,2,7,8,9,10,0.77,5,1911034,100.0,High,1순위
RISK-1580,Service Disruption,Endpoint PC,Brute Force,5.47,10,6,8,2,6,0.64,10,3318211,100.0,High,1순위
RISK-1581,Malware Infection,Cloud Service,DDoS,2.32,5,10,5,5,8,0.44,6,1971154,100.0,High,1순위
RISK-1582,External Attack,File Server,Phishing,3.91,7,5,9,10,1,0.64,10,2544876,78.43,High,1순위
RISK-1583,Service Disruption,Endpoint PC,Data Exfiltration,5.94,1,1,4,9,6,0.1,10,1798027,75.19,High,1순위
RISK-1584,Service Disruption,Web Server,Brute Force,4.97,10,2,9,3,6,0.21,8,3114968,100.0,High,1순위
RISK-1585,External Attack,VPN Server,DDoS,9.88,10,8,7,1,5,0.61,6,2211270,100.0,High,1순위
RISK-1586,External Attack,Cloud Service,DDoS,1.36,7,1,6,2,4,0.63,10,2335413,88.95,High,1순위
RISK-1587,Insider Threat,Endpoint PC,Vulnerability Exploitation,6.95,10,3,4,6,1,0.75,4,3096116,100.0,High,1순위
RISK-1588,Credential Compromise,File Server,Data Exfiltration,4.04,6,2,2,5,10,0.41,3,1616415,100.0,High,1순위
RISK-1589,Insider Threat,Endpoint PC,DDoS,4.28,6,5,8,1,8,0.7,7,2750674,100.0,High,1순위
RISK-1590,External Attack,Database Server,Phishing,7.18,8,4,6,1,6,0.67,2,2700476,100.0,High,1순위
RISK-1591,Data Leakage,Web Server,Brute Force,6.92,8,7,3,4,3,0.92,7,2588140,100.0,High,1순위
RISK-1592,External Attack,VPN Server,Brute Force,9.91,6,5,7,4,3,0.24,1,1496523,100.0,High,1순위
RISK-1593,Insider Threat,Database Server,Vulnerability Exploitation,1.28,3,8,10,6,6,0.55,10,1454351,80.09,High,1순위
RISK-1594,Malware Infection,File Server,Phishing,1.04,5,4,7,6,7,0.59,5,1988099,74.93,High,1순위
RISK-1595,Malware Infection,Endpoint PC,DDoS,7.24,2,6,6,10,8,0.95,9,1996739,100.0,High,1순위
RISK-1596,Credential Compromise,Web Server,Vulnerability Exploitation,5.78,5,4,2,6,5,0.23,1,1953389,91.59,High,1순위
RISK-1597,Service Disruption,Cloud Service,DDoS,2.74,9,2,8,1,10,0.52,8,2571722,100.0,High,1순위
RISK-1598,Malware Infection,Endpoint PC,DDoS,0.79,10,1,1,10,6,0.36,9,2981696,100.0,High,1순위
RISK-1599,Insider Threat,Endpoint PC,Data Exfiltration,0.86,1,1,1,9,1,0.52,9,1252035,27.74,Low,3순위
RISK-1600,Malware Infection,Endpoint PC,C2 Communication,8.94,10,8,6,7,6,0.26,8,2733377,100.0,High,1순위
RISK-1601,Data Leakage,Cloud Service,DDoS,1.92,5,4,5,7,9,0.09,4,1735100,73.68,High,1순위
RISK-1602,External Attack,Endpoint PC,Brute Force,3.23,6,5,9,7,10,0.57,7,2791544,100.0,High,1순위
RISK-1603,External Attack,Web Server,DDoS,2.27,7,8,7,2,4,0.35,1,1695508,92.77,High,1순위
RISK-1604,Insider Threat,Cloud Service,Vulnerability Exploitation,3.55,9,7,2,2,10,0.21,7,2148974,100.0,High,1순위
RISK-1605,Service Disruption,Cloud Service,DDoS,0.69,6,8,7,6,1,0.34,6,1993537,61.27,Medium,2순위
RISK-1606,External Attack,Database Server,Brute Force,5.19,5,8,3,7,9,0.09,5,2299440,100.0,High,1순위
RISK-1607,Malware Infection,File Server,Brute Force,0.68,7,6,1,3,4,0.91,1,1898052,100.0,High,1순위
RISK-1608,Data Leakage,Cloud Service,Vulnerability Exploitation,8.0,1,10,8,4,2,0.57,8,2174432,100.0,High,1순위
RISK-1609,Service Disruption,Database Server,Brute Force,2.34,5,2,3,3,1,0.78,10,2131912,87.27,High,1순위
RISK-1610,Service Disruption,Web Server,Phishing,5.4,2,6,8,7,3,0.43,1,1240933,49.37,Medium,2순위
RISK-1611,Service Disruption,File Server,Phishing,8.8,4,1,7,7,7,0.86,1,2120802,100.0,High,1순위
RISK-1612,External Attack,Cloud Service,C2 Communication,6.51,7,1,2,4,10,0.48,3,2158103,100.0,High,1순위
RISK-1613,Credential Compromise,VPN Server,Phishing,5.33,5,3,1,7,2,0.57,8,2030759,98.65,High,1순위
RISK-1614,Service Disruption,Database Server,Vulnerability Exploitation,3.24,6,3,7,5,9,0.49,8,2822911,100.0,High,1순위
RISK-1615,Insider Threat,Web Server,DDoS,3.33,2,5,1,1,2,0.71,7,2603137,95.46,High,1순위
RISK-1616,Malware Infection,Web Server,Phishing,6.69,3,1,6,10,5,0.56,5,1235025,66.24,Medium,2순위
RISK-1617,Credential Compromise,Web Server,C2 Communication,9.94,7,10,10,4,8,0.29,8,2241611,100.0,High,1순위
RISK-1618,Data Leakage,File Server,Data Exfiltration,6.62,2,6,10,7,10,0.18,2,1135863,90.45,High,1순위
RISK-1619,Malware Infection,Endpoint PC,Data Exfiltration,5.58,6,7,8,2,8,0.6,8,2237542,100.0,High,1순위
RISK-1620,Insider Threat,VPN Server,Vulnerability Exploitation,7.31,5,10,7,2,3,0.49,2,2261981,100.0,High,1순위
RISK-1621,Insider Threat,File Server,C2 Communication,4.65,10,3,4,1,2,0.14,10,2307527,100.0,High,1순위
RISK-1622,Credential Compromise,File Server,Phishing,0.6,1,4,1,2,9,0.41,5,1810119,84.54,High,1순위
RISK-1623,Malware Infection,Cloud Service,C2 Communication,5.62,10,10,1,10,3,0.51,4,2877423,100.0,High,1순위
RISK-1624,External Attack,Database Server,Brute Force,9.58,4,10,4,8,8,0.79,1,2365626,100.0,High,1순위
RISK-1625,Insider Threat,VPN Server,C2 Communication,1.75,2,10,5,8,2,0.12,5,1147544,59.87,Medium,2순위
RISK-1626,Service Disruption,Web Server,Phishing,6.9,4,10,7,8,3,0.36,7,2645399,100.0,High,1순위
RISK-1627,Data Leakage,File Server,Vulnerability Exploitation,2.01,1,10,4,1,1,0.79,1,1690816,81.97,High,1순위
RISK-1628,Data Leakage,VPN Server,Brute Force,5.36,2,3,10,1,6,0.63,2,1032199,77.54,High,1순위
RISK-1629,Insider Threat,Database Server,C2 Communication,0.97,8,1,1,10,7,0.31,9,2239627,85.86,High,1순위
RISK-1630,Service Disruption,Endpoint PC,Data Exfiltration,4.5,6,8,10,4,4,0.81,5,2844739,100.0,High,1순위
RISK-1631,Malware Infection,VPN Server,Phishing,7.56,2,10,7,6,1,0.49,7,1892262,100.0,High,1순위
RISK-1632,Data Leakage,Web Server,Vulnerability Exploitation,3.48,6,10,2,8,3,0.5,2,2541525,100.0,High,1순위
RISK-1633,Service Disruption,File Server,DDoS,6.65,10,2,2,2,9,0.93,7,2982855,100.0,High,1순위
RISK-1634,Service Disruption,Endpoint PC,Phishing,7.95,9,1,8,3,5,0.9,7,2209590,100.0,High,1순위
RISK-1635,External Attack,Database Server,C2 Communication,9.27,7,8,10,6,6,0.37,7,2390655,100.0,High,1순위
RISK-1636,Insider Threat,Web Server,Vulnerability Exploitation,2.35,9,7,10,10,4,0.18,5,1968501,80.02,High,1순위
RISK-1637,Service Disruption,Endpoint PC,Data Exfiltration,3.99,5,7,10,4,1,0.34,9,1676737,82.3,High,1순위
RISK-1638,Malware Infection,Cloud Service,Brute Force,1.52,7,4,5,2,5,0.08,2,1645715,74.74,High,1순위
RISK-1639,Data Leakage,Cloud Service,C2 Communication,9.92,7,9,10,7,5,0.07,4,2230984,100.0,High,1순위
RISK-1640,External Attack,Database Server,Vulnerability Exploitation,9.27,3,6,2,4,5,0.41,2,1763840,100.0,High,1순위
RISK-1641,Malware Infection,Web Server,Brute Force,5.4,7,2,5,8,6,0.9,8,1897437,98.52,High,1순위
RISK-1642,Data Leakage,File Server,Vulnerability Exploitation,8.42,1,1,8,8,2,0.83,1,942753,44.61,Medium,2순위
RISK-1643,Insider Threat,Database Server,DDoS,5.21,9,1,6,7,1,0.51,9,2674842,84.25,High,1순위
RISK-1644,Malware Infection,Endpoint PC,C2 Communication,6.24,10,9,3,10,2,0.56,5,2694446,100.0,High,1순위
RISK-1645,Data Leakage,Web Server,Vulnerability Exploitation,0.89,6,4,8,9,10,0.06,3,2040522,63.71,Medium,2순위
RISK-1646,External Attack,Cloud Service,Data Exfiltration,7.55,5,5,9,4,6,0.24,4,2028816,100.0,High,1순위
RISK-1647,Data Leakage,Cloud Service,Vulnerability Exploitation,1.28,7,3,5,7,5,0.07,1,1268869,54.67,Medium,2순위
RISK-1648,Service Disruption,VPN Server,C2 Communication,8.26,5,4,2,10,5,0.73,3,2388502,100.0,High,1순위
RISK-1649,External Attack,Web Server,Vulnerability Exploitation,7.82,10,8,2,10,6,0.18,8,2504714,100.0,High,1순위
RISK-1650,Malware Infection,Endpoint PC,Brute Force,7.09,5,4,7,1,10,0.83,2,1336015,100.0,High,1순위
RISK-1651,Credential Compromise,Endpoint PC,Brute Force,0.36,10,9,1,4,7,0.63,2,2462674,100.0,High,1순위
RISK-1652,Insider Threat,VPN Server,DDoS,3.03,7,9,10,2,9,0.26,9,2070101,100.0,High,1순위
RISK-1653,External Attack,Endpoint PC,Phishing,2.63,10,6,2,9,7,0.19,5,2240145,100.0,High,1순위
RISK-1654,External Attack,Web Server,DDoS,3.6,7,2,10,5,2,0.61,5,1932444,59.45,Medium,2순위
RISK-1655,External Attack,Cloud Service,Phishing,0.88,3,10,4,3,6,0.86,1,1210589,90.33,High,1순위
RISK-1656,Data Leakage,Database Server,Data Exfiltration,9.37,3,7,1,4,9,0.7,6,2540428,100.0,High,1순위
RISK-1657,Service Disruption,Cloud Service,Brute Force,5.54,10,9,4,6,7,0.36,8,3075796,100.0,High,1순위
RISK-1658,Credential Compromise,Cloud Service,Phishing,3.06,3,6,10,10,2,0.58,6,1442632,57.19,Medium,2순위
RISK-1659,Insider Threat,Web Server,Vulnerability Exploitation,3.97,6,3,5,1,3,0.33,7,1904305,95.86,High,1순위
RISK-1660,Insider Threat,Endpoint PC,Data Exfiltration,4.47,6,7,9,7,8,0.95,4,1865916,100.0,High,1순위
RISK-1661,Service Disruption,VPN Server,C2 Communication,6.01,3,5,1,8,9,0.72,2,1519365,100.0,High,1순위
RISK-1662,Data Leakage,VPN Server,Phishing,5.16,3,1,5,7,4,0.6,1,938924,48.61,Medium,2순위
RISK-1663,Data Leakage,File Server,DDoS,9.19,8,3,2,7,9,0.43,6,2008186,100.0,High,1순위
RISK-1664,Service Disruption,VPN Server,Phishing,4.97,8,5,9,9,2,0.61,9,2339789,94.66,High,1순위
RISK-1665,Service Disruption,VPN Server,DDoS,9.92,7,7,6,4,5,0.36,10,3083302,100.0,High,1순위
RISK-1666,Malware Infection,Endpoint PC,DDoS,8.51,10,3,2,7,2,0.08,5,3232771,100.0,High,1순위
RISK-1667,Data Leakage,Database Server,Brute Force,2.09,4,6,3,9,1,0.41,2,1300478,43.81,Medium,2순위
RISK-1668,External Attack,Database Server,Data Exfiltration,9.31,4,5,8,5,5,0.89,1,1714556,100.0,High,1순위
RISK-1669,Insider Threat,Endpoint PC,DDoS,1.16,3,1,1,2,2,0.61,3,1395053,58.59,Medium,2순위
RISK-1670,Data Leakage,VPN Server,Brute Force,8.17,5,10,3,5,7,0.13,4,1637499,100.0,High,1순위
RISK-1671,Service Disruption,Web Server,Brute Force,3.81,3,6,10,4,8,0.85,7,1609725,100.0,High,1순위
RISK-1672,External Attack,Cloud Service,DDoS,8.78,8,8,1,8,2,0.29,9,2906455,100.0,High,1순위
RISK-1673,Malware Infection,Cloud Service,Data Exfiltration,8.68,7,1,8,5,7,0.27,8,3227785,100.0,High,1순위
RISK-1674,Credential Compromise,Database Server,Vulnerability Exploitation,8.06,3,2,1,9,4,0.32,9,1948426,100.0,High,1순위
RISK-1675,Malware Infection,Endpoint PC,Phishing,7.9,9,4,5,9,1,0.57,7,2775760,100.0,High,1순위
RISK-1676,External Attack,Web Server,Brute Force,3.05,5,2,4,3,3,0.54,10,2753552,88.81,High,1순위
RISK-1677,External Attack,VPN Server,Phishing,0.81,9,9,7,10,1,0.49,8,2322538,76.65,High,1순위
RISK-1678,Service Disruption,Endpoint PC,Data Exfiltration,4.03,7,10,5,6,5,0.7,8,1935390,100.0,High,1순위
RISK-1679,Credential Compromise,Database Server,Vulnerability Exploitation,1.74,7,8,8,6,8,0.33,1,2555177,88.76,High,1순위
RISK-1680,Service Disruption,Web Server,C2 Communication,6.95,6,8,1,4,1,0.75,9,2022381,100.0,High,1순위
RISK-1681,Insider Threat,Web Server,Vulnerability Exploitation,3.46,2,4,5,10,9,0.21,2,1149251,60.47,Medium,2순위
RISK-1682,Credential Compromise,Database Server,Data Exfiltration,9.76,9,5,4,3,3,0.75,7,1946026,100.0,High,1순위
RISK-1683,Credential Compromise,Web Server,Vulnerability Exploitation,6.41,6,4,3,1,5,0.65,10,3017855,100.0,High,1순위
RISK-1684,Insider Threat,Cloud Service,C2 Communication,8.22,8,9,5,7,9,0.66,10,2808646,100.0,High,1순위
RISK-1685,Malware Infection,Database Server,Brute Force,1.33,1,2,10,5,5,0.48,5,794096,26.91,Low,3순위
RISK-1686,External Attack,Cloud Service,Vulnerability Exploitation,8.62,5,8,3,10,9,0.65,4,1579418,100.0,High,1순위
RISK-1687,Malware Infection,Endpoint PC,DDoS,9.23,1,2,8,7,10,0.12,1,1390449,91.35,High,1순위
RISK-1688,Service Disruption,File Server,DDoS,4.87,10,1,3,1,8,0.82,1,1790837,100.0,High,1순위
RISK-1689,Data Leakage,VPN Server,Data Exfiltration,6.06,8,10,1,8,7,0.1,3,2013595,100.0,High,1순위
RISK-1690,Service Disruption,Endpoint PC,Vulnerability Exploitation,7.65,8,3,9,3,1,0.18,1,1851195,83.4,High,1순위
RISK-1691,Data Leakage,Cloud Service,C2 Communication,1.75,1,9,9,7,4,0.57,8,951846,66.77,Medium,2순위
RISK-1692,External Attack,VPN Server,Data Exfiltration,5.03,9,3,6,3,9,0.72,3,3224424,100.0,High,1순위
RISK-1693,External Attack,VPN Server,Vulnerability Exploitation,3.99,2,9,10,3,10,0.12,10,1376451,100.0,High,1순위
RISK-1694,Credential Compromise,Cloud Service,Data Exfiltration,1.46,9,7,1,10,8,0.88,2,2185344,100.0,High,1순위
RISK-1695,External Attack,Cloud Service,DDoS,3.68,1,10,8,9,4,0.93,6,1389410,78.31,High,1순위
RISK-1696,Insider Threat,Database Server,C2 Communication,0.68,10,1,2,2,1,0.6,4,2093211,82.73,High,1순위
RISK-1697,Insider Threat,File Server,Brute Force,0.26,9,10,9,4,10,0.48,4,1949772,100.0,High,1순위
RISK-1698,Data Leakage,Cloud Service,C2 Communication,1.35,4,5,8,6,4,0.72,2,1298358,47.35,Medium,2순위
RISK-1699,Malware Infection,VPN Server,Brute Force,9.63,9,9,3,3,3,0.35,2,2444966,100.0,High,1순위
RISK-1700,Credential Compromise,VPN Server,Phishing,5.5,7,3,5,10,6,0.49,6,2683640,98.42,High,1순위
RISK-1701,Malware Infection,Endpoint PC,DDoS,9.66,6,9,9,10,5,0.87,5,2629509,100.0,High,1순위
RISK-1702,Data Leakage,File Server,DDoS,4.32,5,5,1,7,5,0.91,9,2229261,100.0,High,1순위
RISK-1703,Insider Threat,File Server,DDoS,3.12,9,9,9,7,2,0.88,4,1983987,100.0,High,1순위
RISK-1704,Service Disruption,VPN Server,C2 Communication,5.06,2,10,4,5,3,0.29,5,2369822,100.0,High,1순위
RISK-1705,Credential Compromise,File Server,Brute Force,4.4,2,6,4,3,6,0.26,1,1197733,89.64,High,1순위
RISK-1706,Data Leakage,Endpoint PC,Phishing,1.06,9,9,4,2,2,0.32,2,2357846,100.0,High,1순위
RISK-1707,Malware Infection,Database Server,Phishing,6.41,3,7,10,4,4,0.45,3,2276542,86.98,High,1순위
RISK-1708,Data Leakage,VPN Server,Phishing,2.16,8,7,9,4,2,0.33,5,2336317,81.98,High,1순위
RISK-1709,Data Leakage,Web Server,Data Exfiltration,6.2,9,8,6,8,9,0.39,5,3223268,100.0,High,1순위
RISK-1710,External Attack,VPN Server,C2 Communication,6.5,8,7,8,8,3,0.61,4,2927002,100.0,High,1순위
RISK-1711,Insider Threat,VPN Server,C2 Communication,1.52,4,9,4,5,10,0.74,10,2236244,100.0,High,1순위
RISK-1712,Credential Compromise,Database Server,DDoS,0.61,1,9,3,6,10,0.71,3,1996123,97.6,High,1순위
RISK-1713,External Attack,Cloud Service,C2 Communication,7.81,4,6,1,8,6,0.78,9,1902615,100.0,High,1순위
RISK-1714,Insider Threat,Cloud Service,C2 Communication,4.6,9,7,10,1,1,0.08,1,2790539,100.0,High,1순위
RISK-1715,Data Leakage,Web Server,Data Exfiltration,0.58,2,2,7,5,10,0.09,6,1374108,53.72,Medium,2순위
RISK-1716,Insider Threat,Web Server,C2 Communication,9.95,3,9,4,4,3,0.76,7,2121383,100.0,High,1순위
RISK-1717,Malware Infection,Web Server,Brute Force,0.58,10,1,8,4,8,0.53,10,2632212,100.0,High,1순위
RISK-1718,Credential Compromise,Cloud Service,Phishing,6.95,8,1,3,2,5,0.57,4,1742652,100.0,High,1순위
RISK-1719,External Attack,Database Server,Data Exfiltration,9.84,6,3,1,10,8,0.1,10,2425206,100.0,High,1순위
RISK-1720,Credential Compromise,File Server,Data Exfiltration,2.39,8,6,5,1,2,0.28,3,2089209,96.26,High,1순위
RISK-1721,Data Leakage,Web Server,DDoS,1.42,7,5,2,6,7,0.62,8,2654655,100.0,High,1순위
RISK-1722,Malware Infection,File Server,C2 Communication,1.21,5,2,3,7,9,0.82,9,2573269,100.0,High,1순위
RISK-1723,Insider Threat,Endpoint PC,Phishing,3.03,9,9,6,5,7,0.88,1,2000629,100.0,High,1순위
RISK-1724,Insider Threat,Database Server,Brute Force,1.01,4,10,3,8,3,0.5,10,1546972,98.3,High,1순위
RISK-1725,Malware Infection,File Server,Phishing,6.92,6,4,3,9,7,0.54,9,2206328,100.0,High,1순위
RISK-1726,Insider Threat,Cloud Service,Vulnerability Exploitation,0.62,2,4,6,2,8,0.8,7,1940475,84.8,High,1순위
RISK-1727,External Attack,Cloud Service,Phishing,5.09,2,5,5,4,1,0.53,1,943762,57.45,Medium,2순위
RISK-1728,Service Disruption,Web Server,Brute Force,9.97,2,8,10,9,3,0.52,7,1998726,100.0,High,1순위
RISK-1729,Insider Threat,Web Server,Brute Force,8.14,10,10,9,5,5,0.86,5,2140087,100.0,High,1순위
RISK-1730,Data Leakage,File Server,Brute Force,6.15,7,4,1,3,6,0.76,10,2692138,100.0,High,1순위
RISK-1731,Insider Threat,Cloud Service,Data Exfiltration,3.06,2,5,3,6,3,0.87,7,1858017,80.32,High,1순위
RISK-1732,Credential Compromise,File Server,Data Exfiltration,6.24,2,4,3,3,4,0.25,9,1903070,100.0,High,1순위
RISK-1733,Data Leakage,Endpoint PC,Vulnerability Exploitation,5.27,9,6,6,5,5,0.52,8,2993282,100.0,High,1순위
RISK-1734,Insider Threat,Database Server,Phishing,4.26,7,3,8,3,3,0.81,6,2600269,100.0,High,1순위
RISK-1735,Insider Threat,Cloud Service,C2 Communication,1.31,3,8,3,6,4,0.15,2,1612436,66.73,Medium,2순위
RISK-1736,Data Leakage,VPN Server,DDoS,8.87,3,6,3,10,5,0.77,8,2465647,100.0,High,1순위
RISK-1737,External Attack,Cloud Service,Vulnerability Exploitation,4.5,7,10,6,5,2,0.21,4,2759670,100.0,High,1순위
RISK-1738,Service Disruption,Endpoint PC,C2 Communication,1.95,5,5,8,9,10,0.78,8,2542983,100.0,High,1순위
RISK-1739,Service Disruption,Cloud Service,C2 Communication,3.68,10,2,6,3,9,0.6,7,3137958,100.0,High,1순위
RISK-1740,External Attack,Endpoint PC,Vulnerability Exploitation,4.14,6,10,10,6,10,0.22,4,2853404,100.0,High,1순위
RISK-1741,Insider Threat,Cloud Service,Phishing,8.28,8,10,3,8,8,0.48,8,3218707,100.0,High,1순위
RISK-1742,Service Disruption,Endpoint PC,DDoS,7.34,9,7,4,7,6,0.66,2,2533331,100.0,High,1순위
RISK-1743,External Attack,Web Server,C2 Communication,7.69,1,2,1,6,10,0.62,9,2343422,100.0,High,1순위
RISK-1744,External Attack,File Server,Data Exfiltration,0.11,3,1,8,2,3,0.43,6,820730,27.34,Low,3순위
RISK-1745,Service Disruption,Cloud Service,Data Exfiltration,4.16,7,7,4,7,2,0.86,7,2069133,100.0,High,1순위
RISK-1746,Data Leakage,Database Server,Vulnerability Exploitation,4.81,6,5,6,8,7,0.52,10,2799843,100.0,High,1순위
RISK-1747,Malware Infection,Web Server,DDoS,0.19,7,1,3,1,8,0.51,1,2121754,86.41,High,1순위
RISK-1748,Data Leakage,Endpoint PC,DDoS,2.6,8,4,6,9,10,0.11,3,2064754,97.6,High,1순위
RISK-1749,Insider Threat,Database Server,C2 Communication,7.6,6,4,9,4,1,0.88,10,2824027,100.0,High,1순위
RISK-1750,Data Leakage,Web Server,Vulnerability Exploitation,1.37,3,10,9,8,6,0.21,5,1257516,69.98,Medium,2순위
RISK-1751,Credential Compromise,VPN Server,DDoS,5.35,2,7,10,10,7,0.53,7,1912164,87.12,High,1순위
RISK-1752,Malware Infection,Cloud Service,DDoS,2.15,7,9,3,7,9,0.77,1,2720652,100.0,High,1순위
RISK-1753,Malware Infection,Cloud Service,Data Exfiltration,0.12,1,2,3,10,3,0.24,9,1003800,24.43,Low,3순위
RISK-1754,External Attack,Endpoint PC,Vulnerability Exploitation,2.41,3,1,4,7,2,0.52,5,965711,32.06,Low,3순위
RISK-1755,Credential Compromise,Web Server,C2 Communication,9.76,4,2,7,2,5,0.27,3,2568266,100.0,High,1순위
RISK-1756,Insider Threat,Web Server,C2 Communication,8.02,1,7,3,1,10,0.73,7,1940370,100.0,High,1순위
RISK-1757,External Attack,Endpoint PC,Data Exfiltration,9.6,5,10,10,4,1,0.56,10,2542662,100.0,High,1순위
RISK-1758,Data Leakage,VPN Server,Brute Force,4.88,10,6,8,2,6,0.82,8,3066012,100.0,High,1순위
RISK-1759,Data Leakage,Cloud Service,Brute Force,1.1,3,4,8,8,9,0.86,10,2125774,81.67,High,1순위
RISK-1760,Service Disruption,File Server,DDoS,5.48,2,1,6,10,10,0.63,10,2270264,96.06,High,1순위
RISK-1761,External Attack,VPN Server,Phishing,4.54,3,1,4,7,9,0.7,3,1476159,74.77,High,1순위
RISK-1762,Credential Compromise,Endpoint PC,Data Exfiltration,8.44,8,5,5,8,7,0.54,7,2237940,100.0,High,1순위
RISK-1763,External Attack,File Server,Phishing,0.98,6,1,2,6,7,0.4,7,2294795,92.9,High,1순위
RISK-1764,External Attack,Web Server,DDoS,4.88,7,7,6,1,8,0.63,4,2387406,100.0,High,1순위
RISK-1765,External Attack,VPN Server,Data Exfiltration,1.5,6,1,3,9,10,0.87,10,2379035,100.0,High,1순위
RISK-1766,Malware Infection,VPN Server,C2 Communication,3.25,6,1,6,6,2,0.43,9,2061034,69.55,Medium,2순위
RISK-1767,Service Disruption,Cloud Service,Data Exfiltration,7.37,3,2,5,10,6,0.33,1,1305596,77.56,High,1순위
RISK-1768,Insider Threat,Cloud Service,Vulnerability Exploitation,4.76,8,10,2,1,5,0.4,1,2150280,100.0,High,1순위
RISK-1769,Insider Threat,File Server,Phishing,3.76,7,3,5,1,5,0.44,5,2768019,100.0,High,1순위
RISK-1770,Insider Threat,Web Server,Data Exfiltration,3.94,7,1,5,8,3,0.12,3,1769983,54.94,Medium,2순위
RISK-1771,Malware Infection,VPN Server,Phishing,4.59,6,9,9,6,3,0.5,10,2448120,100.0,High,1순위
RISK-1772,Service Disruption,File Server,DDoS,7.85,5,10,8,8,6,0.49,9,2230210,100.0,High,1순위
RISK-1773,Credential Compromise,VPN Server,Data Exfiltration,8.92,10,8,7,8,10,0.58,5,2003060,100.0,High,1순위
RISK-1774,Service Disruption,Cloud Service,Brute Force,9.55,8,5,3,8,10,0.38,7,1766541,100.0,High,1순위
RISK-1775,Malware Infection,Web Server,Phishing,7.87,5,2,10,10,7,0.6,1,1308324,73.7,High,1순위
RISK-1776,Credential Compromise,Web Server,C2 Communication,3.15,9,5,4,7,1,0.84,2,2175486,89.72,High,1순위
RISK-1777,External Attack,Database Server,C2 Communication,6.88,9,6,6,7,3,0.91,4,3017630,100.0,High,1순위
RISK-1778,Data Leakage,File Server,Data Exfiltration,4.38,1,1,3,10,1,0.58,9,1299889,37.14,Low,3순위
RISK-1779,External Attack,Cloud Service,C2 Communication,2.55,6,4,9,4,10,0.09,5,2387084,96.13,High,1순위
RISK-1780,Insider Threat,Cloud Service,C2 Communication,8.41,7,9,8,9,3,0.92,5,2714055,100.0,High,1순위
RISK-1781,External Attack,Cloud Service,Phishing,0.38,3,2,6,2,5,0.69,9,2422456,71.56,High,1순위
RISK-1782,Malware Infection,Endpoint PC,Data Exfiltration,9.02,7,5,4,9,9,0.35,8,3204911,100.0,High,1순위
RISK-1783,Insider Threat,VPN Server,Phishing,4.61,7,1,7,10,3,0.18,2,1134642,43.15,Medium,2순위
RISK-1784,Data Leakage,Web Server,Data Exfiltration,6.37,2,4,3,3,10,0.18,7,1618995,100.0,High,1순위
RISK-1785,Credential Compromise,VPN Server,C2 Communication,6.59,7,4,10,2,10,0.2,1,1736255,100.0,High,1순위
RISK-1786,Credential Compromise,VPN Server,Data Exfiltration,8.95,1,6,8,4,9,0.09,10,1960743,100.0,High,1순위
RISK-1787,Insider Threat,Endpoint PC,DDoS,6.37,5,10,1,5,1,0.86,9,2666513,100.0,High,1순위
RISK-1788,External Attack,Web Server,Data Exfiltration,6.14,9,9,3,2,6,0.54,3,2354742,100.0,High,1순위
RISK-1789,Service Disruption,Database Server,Vulnerability Exploitation,0.67,7,3,5,1,9,0.68,2,2397648,100.0,High,1순위
RISK-1790,Service Disruption,Cloud Service,Data Exfiltration,5.18,7,9,5,10,5,0.8,4,1932597,100.0,High,1순위
RISK-1791,Credential Compromise,File Server,Vulnerability Exploitation,1.5,2,6,10,5,10,0.76,4,1969255,83.2,High,1순위
RISK-1792,Service Disruption,VPN Server,Phishing,7.37,8,7,2,9,2,0.84,3,1800339,100.0,High,1순위
RISK-1793,Insider Threat,Endpoint PC,Vulnerability Exploitation,5.12,3,10,10,5,5,0.92,2,1235693,93.24,High,1순위
RISK-1794,Service Disruption,Endpoint PC,Phishing,6.8,8,2,8,10,1,0.45,5,1756264,58.19,Medium,2순위
RISK-1795,Malware Infection,File Server,Data Exfiltration,0.42,3,10,5,9,9,0.91,4,1197831,95.76,High,1순위
RISK-1796,Credential Compromise,File Server,Phishing,0.85,10,6,7,10,10,0.7,5,2783230,100.0,High,1순위
RISK-1797,Data Leakage,Web Server,C2 Communication,7.16,7,6,7,6,10,0.11,8,1912952,100.0,High,1순위
RISK-1798,Service Disruption,VPN Server,DDoS,0.72,2,2,5,3,9,0.66,2,1382428,60.15,Medium,2순위
RISK-1799,Malware Infection,VPN Server,Data Exfiltration,0.71,4,2,8,4,6,0.67,9,1442427,65.5,Medium,2순위
RISK-1800,Malware Infection,File Server,Vulnerability Exploitation,0.12,6,2,9,4,9,0.87,10,1899182,90.42,High,1순위
RISK-1801,Insider Threat,Cloud Service,DDoS,9.57,9,10,4,1,3,0.39,1,2897930,100.0,High,1순위
RISK-1802,Credential Compromise,Database Server,Brute Force,7.38,5,1,4,3,4,0.58,8,3231571,100.0,High,1순위
RISK-1803,Insider Threat,VPN Server,DDoS,3.53,9,5,8,3,6,0.06,5,2662887,100.0,High,1순위
RISK-1804,Data Leakage,Endpoint PC,Data Exfiltration,2.97,5,8,1,1,4,0.35,2,2408635,100.0,High,1순위
RISK-1805,Data Leakage,Cloud Service,DDoS,3.5,10,2,4,9,1,0.11,8,2460406,81.07,High,1순위
RISK-1806,External Attack,File Server,DDoS,7.75,8,5,6,1,7,0.52,5,2151485,100.0,High,1순위
RISK-1807,Data Leakage,VPN Server,C2 Communication,6.61,1,8,4,9,5,0.79,10,2572685,100.0,High,1순위
RISK-1808,Credential Compromise,Web Server,Phishing,1.85,7,10,6,1,8,0.24,10,2431397,100.0,High,1순위
RISK-1809,Credential Compromise,File Server,DDoS,1.74,4,5,5,2,9,0.52,3,1651496,100.0,High,1순위
RISK-1810,Insider Threat,Endpoint PC,Vulnerability Exploitation,0.98,5,2,9,2,5,0.23,7,1971720,58.75,Medium,2순위
RISK-1811,Malware Infection,Web Server,Vulnerability Exploitation,6.6,6,3,10,6,8,0.16,4,1635903,89.67,High,1순위
RISK-1812,External Attack,File Server,C2 Communication,7.64,5,6,9,7,1,0.51,10,2330167,100.0,High,1순위
RISK-1813,Data Leakage,File Server,DDoS,2.65,1,5,4,1,1,0.12,6,1091781,48.47,Medium,2순위
RISK-1814,Malware Infection,VPN Server,DDoS,0.21,9,4,4,3,7,0.58,10,2978983,100.0,High,1순위
RISK-1815,Insider Threat,Web Server,C2 Communication,0.82,2,4,8,2,6,0.08,8,1619457,61.12,Medium,2순위
RISK-1816,Service Disruption,File Server,Data Exfiltration,9.68,9,5,10,8,5,0.15,1,2365105,100.0,High,1순위
RISK-1817,External Attack,Cloud Service,Brute Force,2.95,10,2,4,9,5,0.54,2,2306748,86.26,High,1순위
RISK-1818,Credential Compromise,Endpoint PC,Brute Force,7.69,2,9,2,2,9,0.58,8,1958819,100.0,High,1순위
RISK-1819,Malware Infection,Web Server,Phishing,6.25,9,2,2,2,1,0.08,7,3054883,100.0,High,1순위
RISK-1820,Insider Threat,Cloud Service,Vulnerability Exploitation,3.82,6,10,1,10,8,0.57,10,3123560,100.0,High,1순위
RISK-1821,Insider Threat,VPN Server,Data Exfiltration,2.06,9,2,5,9,2,0.8,9,2807528,79.34,High,1순위
RISK-1822,External Attack,Database Server,Vulnerability Exploitation,1.21,6,10,6,4,7,0.7,2,2008027,100.0,High,1순위
RISK-1823,External Attack,File Server,Data Exfiltration,6.15,6,9,9,5,6,0.17,8,2783113,100.0,High,1순위
RISK-1824,Data Leakage,Database Server,C2 Communication,7.75,2,3,5,9,10,0.58,6,1983208,100.0,High,1순위
RISK-1825,Data Leakage,File Server,Phishing,6.44,8,10,6,6,2,0.66,1,2296756,100.0,High,1순위
RISK-1826,Credential Compromise,Cloud Service,C2 Communication,5.3,3,7,6,10,3,0.08,4,1016407,63.55,Medium,2순위
RISK-1827,Credential Compromise,VPN Server,Vulnerability Exploitation,0.42,7,4,3,9,4,0.82,2,1413413,61.69,Medium,2순위
RISK-1828,External Attack,VPN Server,Phishing,9.68,5,6,4,9,7,0.87,7,1781278,100.0,High,1순위
RISK-1829,External Attack,VPN Server,DDoS,7.99,3,4,1,7,8,0.82,9,1340861,100.0,High,1순위
RISK-1830,Malware Infection,VPN Server,Data Exfiltration,2.93,1,10,4,10,2,0.79,6,1391929,76.18,High,1순위
RISK-1831,Data Leakage,Web Server,Data Exfiltration,9.8,8,7,1,9,8,0.72,4,2995412,100.0,High,1순위
RISK-1832,Insider Threat,Web Server,Phishing,6.02,3,1,5,5,9,0.62,5,1341025,100.0,High,1순위
RISK-1833,Data Leakage,File Server,C2 Communication,5.82,2,3,8,5,7,0.66,1,1013863,78.41,High,1순위
RISK-1834,Data Leakage,Web Server,Phishing,7.48,1,3,8,8,1,0.78,4,1179780,50.96,Medium,2순위
RISK-1835,External Attack,File Server,C2 Communication,8.12,4,1,5,10,6,0.65,10,2643604,100.0,High,1순위
RISK-1836,External Attack,Web Server,Phishing,6.56,8,6,10,4,8,0.34,3,1786944,100.0,High,1순위
RISK-1837,Data Leakage,Web Server,C2 Communication,1.28,3,9,2,9,5,0.39,9,1635106,97.59,High,1순위
RISK-1838,Service Disruption,Web Server,Brute Force,3.38,1,8,6,7,2,0.86,6,1384252,74.0,High,1순위
RISK-1839,Service Disruption,Endpoint PC,Phishing,9.28,4,7,1,7,5,0.07,4,2316301,100.0,High,1순위
RISK-1840,Credential Compromise,VPN Server,C2 Communication,2.25,9,10,7,3,8,0.68,3,1716734,100.0,High,1순위
RISK-1841,Data Leakage,Endpoint PC,DDoS,3.72,1,8,4,4,2,0.91,4,1340856,85.88,High,1순위
RISK-1842,Service Disruption,Web Server,Vulnerability Exploitation,4.32,2,6,5,7,1,0.69,8,2173449,87.5,High,1순위
RISK-1843,Credential Compromise,Web Server,Vulnerability Exploitation,4.39,9,9,6,5,4,0.94,5,2135284,100.0,High,1순위
RISK-1844,Credential Compromise,Endpoint PC,Phishing,6.13,2,3,1,3,4,0.67,1,1185428,89.88,High,1순위
RISK-1845,Data Leakage,Cloud Service,Phishing,9.43,3,10,9,1,9,0.08,5,2025777,100.0,High,1순위
RISK-1846,Credential Compromise,File Server,Data Exfiltration,2.41,7,10,10,7,3,0.79,8,2933097,100.0,High,1순위
RISK-1847,External Attack,VPN Server,C2 Communication,1.22,3,9,4,6,4,0.31,4,1412294,80.03,High,1순위
RISK-1848,External Attack,File Server,Phishing,1.97,9,4,8,10,3,0.45,2,1411125,56.14,Medium,2순위
RISK-1849,External Attack,Cloud Service,Vulnerability Exploitation,8.87,6,7,5,7,2,0.33,3,1745337,100.0,High,1순위
RISK-1850,Insider Threat,VPN Server,Vulnerability Exploitation,6.46,3,9,8,2,4,0.29,9,2776846,100.0,High,1순위
RISK-1851,External Attack,Database Server,Vulnerability Exploitation,2.86,9,2,1,4,8,0.44,7,1842711,100.0,High,1순위
RISK-1852,External Attack,VPN Server,C2 Communication,8.16,1,2,8,2,1,0.39,3,1241459,66.27,Medium,2순위
RISK-1853,Data Leakage,File Server,Brute Force,8.61,10,9,4,8,8,0.62,5,3171614,100.0,High,1순위
RISK-1854,Service Disruption,VPN Server,Phishing,8.47,3,3,2,7,8,0.78,3,2357002,100.0,High,1순위
RISK-1855,Service Disruption,Database Server,Brute Force,9.19,1,9,6,1,3,0.32,10,2649971,100.0,High,1순위
RISK-1856,External Attack,Database Server,C2 Communication,2.52,2,5,2,2,10,0.24,4,1761178,100.0,High,1순위
RISK-1857,External Attack,Web Server,DDoS,7.55,8,6,5,2,10,0.65,8,2540564,100.0,High,1순위
RISK-1858,External Attack,Database Server,Phishing,4.61,7,2,2,4,6,0.65,3,2040579,100.0,High,1순위
RISK-1859,Credential Compromise,Endpoint PC,Data Exfiltration,8.42,2,8,3,3,4,0.86,3,2046083,100.0,High,1순위
RISK-1860,Data Leakage,File Server,Phishing,7.28,2,9,6,1,1,0.06,8,2394103,100.0,High,1순위
RISK-1861,Data Leakage,Endpoint PC,Phishing,7.76,9,2,1,2,1,0.82,10,3627847,100.0,High,1순위
RISK-1862,Data Leakage,Cloud Service,Phishing,6.56,6,6,6,9,5,0.52,10,2785965,100.0,High,1순위
RISK-1863,Service Disruption,Endpoint PC,Phishing,1.77,5,6,3,1,8,0.61,7,2596968,100.0,High,1순위
RISK-1864,Insider Threat,File Server,DDoS,5.45,10,8,7,9,1,0.13,7,3068282,100.0,High,1순위
RISK-1865,Service Disruption,Cloud Service,Phishing,9.85,6,10,2,7,2,0.44,10,3198464,100.0,High,1순위
RISK-1866,Data Leakage,Endpoint PC,C2 Communication,9.37,9,5,6,2,7,0.25,2,2540035,100.0,High,1순위
RISK-1867,Malware Infection,Endpoint PC,Phishing,0.43,7,9,8,2,8,0.28,7,2695756,100.0,High,1순위
RISK-1868,Insider Threat,Cloud Service,DDoS,1.65,10,1,1,5,3,0.5,10,2906205,100.0,High,1순위
RISK-1869,External Attack,Endpoint PC,C2 Communication,1.32,10,9,9,5,8,0.78,10,2573947,100.0,High,1순위
RISK-1870,Credential Compromise,Database Server,Phishing,7.26,9,10,5,4,1,0.72,3,1859716,100.0,High,1순위
RISK-1871,Service Disruption,File Server,Phishing,8.18,4,7,5,10,9,0.58,7,2218215,100.0,High,1순위
RISK-1872,Credential Compromise,File Server,C2 Communication,2.14,2,4,5,10,2,0.54,4,667781,21.79,Low,3순위
RISK-1873,Insider Threat,File Server,Phishing,5.06,8,3,6,3,2,0.43,8,2978136,100.0,High,1순위
RISK-1874,Malware Infection,Endpoint PC,DDoS,8.41,4,10,2,4,4,0.93,8,2244274,100.0,High,1순위
RISK-1875,Insider Threat,Database Server,Vulnerability Exploitation,7.33,9,6,6,10,10,0.55,6,2374334,100.0,High,1순위
RISK-1876,Service Disruption,File Server,Phishing,5.42,4,1,4,4,3,0.28,3,946767,61.16,Medium,2순위
RISK-1877,Data Leakage,VPN Server,Data Exfiltration,5.9,8,3,8,2,4,0.26,6,1936584,100.0,High,1순위
RISK-1878,External Attack,File Server,C2 Communication,5.08,9,2,9,5,6,0.6,6,2149818,100.0,High,1순위
RISK-1879,Data Leakage,Web Server,DDoS,2.98,9,9,9,5,7,0.52,3,2322630,100.0,High,1순위
RISK-1880,Data Leakage,VPN Server,Phishing,5.65,10,3,8,5,5,0.06,4,3199093,100.0,High,1순위
RISK-1881,Service Disruption,File Server,Phishing,6.89,4,2,3,10,2,0.8,2,1369958,70.78,High,1순위
RISK-1882,Data Leakage,Endpoint PC,C2 Communication,8.73,1,4,10,1,3,0.68,1,1017588,78.86,High,1순위
RISK-1883,Data Leakage,File Server,Brute Force,6.36,3,2,4,6,10,0.65,2,1166759,100.0,High,1순위
RISK-1884,Service Disruption,Database Server,DDoS,7.61,9,1,1,2,3,0.11,7,2528645,100.0,High,1순위
RISK-1885,Service Disruption,Database Server,DDoS,1.6,4,6,9,7,5,0.38,10,1975702,73.36,High,1순위
RISK-1886,Malware Infection,File Server,Vulnerability Exploitation,4.62,5,10,5,4,5,0.89,5,1780845,100.0,High,1순위
RISK-1887,Data Leakage,Endpoint PC,Vulnerability Exploitation,0.09,7,8,6,5,4,0.83,9,3177691,100.0,High,1순위
RISK-1888,Insider Threat,Endpoint PC,Phishing,2.47,5,10,3,5,8,0.31,3,2216467,100.0,High,1순위
RISK-1889,External Attack,Endpoint PC,C2 Communication,7.26,4,10,10,5,6,0.19,2,1618446,100.0,High,1순위
RISK-1890,Credential Compromise,File Server,Data Exfiltration,9.92,2,2,8,2,6,0.45,4,1810497,100.0,High,1순위
RISK-1891,External Attack,File Server,Phishing,0.99,2,9,7,5,1,0.37,2,802778,39.14,Low,3순위
RISK-1892,Service Disruption,Web Server,Vulnerability Exploitation,4.01,4,3,1,3,6,0.66,7,2043254,100.0,High,1순위
RISK-1893,Credential Compromise,Database Server,Phishing,8.0,10,8,10,4,3,0.92,10,3474144,100.0,High,1순위
RISK-1894,Service Disruption,VPN Server,C2 Communication,2.04,10,8,5,2,6,0.38,6,1993659,100.0,High,1순위
RISK-1895,Malware Infection,VPN Server,DDoS,5.55,9,3,10,4,10,0.11,8,2434741,100.0,High,1순위
RISK-1896,Data Leakage,Database Server,DDoS,7.33,8,3,9,9,6,0.86,5,2281289,100.0,High,1순위
RISK-1897,Service Disruption,Cloud Service,DDoS,6.16,3,6,6,8,2,0.08,2,1156678,60.6,Medium,2순위
RISK-1898,Service Disruption,Web Server,DDoS,1.88,9,1,8,3,1,0.91,4,2579567,75.87,High,1순위
RISK-1899,External Attack,Database Server,Data Exfiltration,3.55,5,4,10,1,3,0.65,1,1225186,64.37,Medium,2순위
RISK-1900,Data Leakage,Web Server,Brute Force,7.84,3,1,1,1,5,0.9,2,1277275,100.0,High,1순위
RISK-1901,Malware Infection,Cloud Service,Data Exfiltration,5.54,5,3,10,6,4,0.23,4,1868597,68.47,Medium,2순위
RISK-1902,Service Disruption,Web Server,Phishing,0.05,10,9,7,3,7,0.09,6,2102619,100.0,High,1순위
RISK-1903,Service Disruption,Endpoint PC,Vulnerability Exploitation,7.61,4,5,3,4,4,0.49,4,1606447,100.0,High,1순위
RISK-1904,Service Disruption,Database Server,C2 Communication,0.35,8,5,9,1,8,0.46,4,2345763,100.0,High,1순위
RISK-1905,External Attack,VPN Server,Phishing,7.46,5,4,6,8,7,0.35,10,2473138,100.0,High,1순위
RISK-1906,Service Disruption,File Server,Brute Force,2.02,10,3,5,1,10,0.91,10,3113250,100.0,High,1순위
RISK-1907,Service Disruption,Cloud Service,C2 Communication,9.58,8,5,8,5,9,0.79,2,1777620,100.0,High,1순위
RISK-1908,External Attack,Cloud Service,C2 Communication,3.68,9,4,8,6,1,0.65,9,1967056,89.16,High,1순위
RISK-1909,Service Disruption,File Server,C2 Communication,3.27,4,8,3,2,5,0.2,10,2557275,100.0,High,1순위
RISK-1910,Data Leakage,Database Server,Phishing,1.49,7,4,2,7,4,0.71,8,2062058,100.0,High,1순위
RISK-1911,Data Leakage,File Server,Brute Force,3.06,2,8,2,7,6,0.7,8,2491202,100.0,High,1순위
RISK-1912,External Attack,Web Server,Phishing,8.77,6,6,5,1,1,0.43,5,2222534,100.0,High,1순위
RISK-1913,Data Leakage,File Server,C2 Communication,9.96,8,5,10,4,6,0.88,3,2266210,100.0,High,1순위
RISK-1914,Credential Compromise,Web Server,C2 Communication,3.68,7,4,7,4,1,0.2,6,2325277,73.56,High,1순위
RISK-1915,Credential Compromise,Web Server,Vulnerability Exploitation,4.49,7,4,8,5,1,0.29,9,2046668,80.26,High,1순위
RISK-1916,Credential Compromise,VPN Server,Data Exfiltration,7.22,8,4,10,1,8,0.11,8,2767050,100.0,High,1순위
RISK-1917,Malware Infection,File Server,Phishing,8.86,7,9,8,1,2,0.77,7,2900403,100.0,High,1순위
RISK-1918,Service Disruption,VPN Server,Brute Force,5.93,5,4,8,7,10,0.61,8,2205692,100.0,High,1순위
RISK-1919,Malware Infection,File Server,C2 Communication,3.92,7,9,10,9,6,0.33,4,3169375,100.0,High,1순위
RISK-1920,Data Leakage,Web Server,Phishing,4.13,10,10,3,1,6,0.2,6,2363300,100.0,High,1순위
RISK-1921,External Attack,File Server,Data Exfiltration,6.96,3,6,2,2,6,0.09,5,1618974,100.0,High,1순위
RISK-1922,Credential Compromise,Cloud Service,Phishing,0.03,5,10,4,6,8,0.2,2,2239954,100.0,High,1순위
RISK-1923,External Attack,Cloud Service,Data Exfiltration,6.2,7,7,1,6,4,0.46,8,2391344,100.0,High,1순위
RISK-1924,Malware Infection,VPN Server,Phishing,3.55,9,10,3,2,3,0.27,3,2706716,100.0,High,1순위
RISK-1925,Data Leakage,Endpoint PC,Vulnerability Exploitation,7.94,2,3,9,9,6,0.28,5,1795480,77.16,High,1순위
RISK-1926,Service Disruption,Cloud Service,Phishing,0.93,4,8,7,4,4,0.84,8,2904607,100.0,High,1순위
RISK-1927,Data Leakage,VPN Server,DDoS,5.88,7,3,7,7,2,0.51,9,2104897,100.0,High,1순위
RISK-1928,Credential Compromise,Endpoint PC,Vulnerability Exploitation,4.81,1,1,1,6,6,0.71,9,2804042,94.22,High,1순위
RISK-1929,Data Leakage,Database Server,Data Exfiltration,6.42,2,10,7,3,10,0.08,5,1820281,100.0,High,1순위
RISK-1930,External Attack,VPN Server,C2 Communication,0.65,9,5,10,8,5,0.38,2,1352945,45.3,Medium,2순위
RISK-1931,Insider Threat,Cloud Service,C2 Communication,5.8,10,2,7,7,9,0.48,7,2677790,100.0,High,1순위
RISK-1932,Credential Compromise,Cloud Service,Phishing,5.61,7,10,4,9,6,0.22,7,2835563,100.0,High,1순위
RISK-1933,Service Disruption,File Server,Brute Force,5.61,10,6,7,3,3,0.16,8,3188577,100.0,High,1순위
RISK-1934,Credential Compromise,Endpoint PC,Phishing,6.03,7,10,8,1,5,0.83,8,2499166,100.0,High,1순위
RISK-1935,Credential Compromise,Cloud Service,Vulnerability Exploitation,6.76,6,9,3,2,10,0.9,5,2381600,100.0,High,1순위
RISK-1936,Service Disruption,File Server,Vulnerability Exploitation,8.05,3,1,10,1,8,0.12,1,1559848,86.23,High,1순위
RISK-1937,Credential Compromise,Endpoint PC,Data Exfiltration,2.7,10,4,2,5,9,0.36,4,3164310,100.0,High,1순위
RISK-1938,External Attack,VPN Server,Phishing,8.25,3,1,7,10,8,0.91,4,1969938,93.03,High,1순위
RISK-1939,Data Leakage,VPN Server,Data Exfiltration,4.98,2,1,5,2,3,0.12,3,802796,48.33,Medium,2순위
RISK-1940,External Attack,File Server,Brute Force,0.77,6,8,5,3,9,0.63,8,2734370,100.0,High,1순위
RISK-1941,Data Leakage,VPN Server,C2 Communication,0.59,4,2,5,8,3,0.92,3,1008790,39.66,Low,3순위
RISK-1942,Insider Threat,File Server,C2 Communication,3.34,5,1,7,10,8,0.93,5,2258616,84.59,High,1순위
RISK-1943,Credential Compromise,Web Server,Phishing,7.85,3,8,9,5,10,0.47,2,1096247,100.0,High,1순위
RISK-1944,Insider Threat,Endpoint PC,Data Exfiltration,7.08,6,4,8,4,9,0.2,6,1825212,100.0,High,1순위
RISK-1945,Malware Infection,File Server,Data Exfiltration,7.89,3,3,6,5,7,0.23,6,1550724,100.0,High,1순위
RISK-1946,Data Leakage,Endpoint PC,Brute Force,5.17,8,4,7,10,4,0.85,8,1784549,100.0,High,1순위
RISK-1947,External Attack,Web Server,Data Exfiltration,4.4,9,5,9,6,10,0.87,8,2776851,100.0,High,1순위
RISK-1948,External Attack,Endpoint PC,DDoS,1.47,4,1,6,7,9,0.6,1,1129604,54.91,Medium,2순위
RISK-1949,Credential Compromise,File Server,DDoS,3.28,9,1,1,9,3,0.74,5,3018664,83.67,High,1순위
RISK-1950,External Attack,VPN Server,Vulnerability Exploitation,4.34,7,3,4,1,3,0.72,2,2204228,98.22,High,1순위
RISK-1951,Malware Infection,Endpoint PC,DDoS,0.89,3,6,8,4,2,0.65,10,2076759,76.76,High,1순위
RISK-1952,Service Disruption,Endpoint PC,DDoS,2.21,7,1,7,9,10,0.79,5,2423655,89.46,High,1순위
RISK-1953,External Attack,Cloud Service,Vulnerability Exploitation,5.98,1,2,3,5,3,0.67,10,2271481,89.38,High,1순위
RISK-1954,Credential Compromise,Cloud Service,DDoS,7.36,3,7,10,8,1,0.53,9,2166167,95.68,High,1순위
RISK-1955,Insider Threat,Web Server,DDoS,9.98,6,1,3,1,4,0.26,4,2348432,100.0,High,1순위
RISK-1956,External Attack,Database Server,Vulnerability Exploitation,9.33,4,7,3,4,8,0.72,8,1877682,100.0,High,1순위
RISK-1957,External Attack,VPN Server,Phishing,6.43,7,4,1,9,5,0.48,1,2389240,100.0,High,1순위
RISK-1958,External Attack,File Server,Vulnerability Exploitation,4.21,3,10,10,1,2,0.32,8,1908187,96.37,High,1순위
RISK-1959,Credential Compromise,Web Server,Vulnerability Exploitation,6.36,1,6,1,1,3,0.77,6,1662729,100.0,High,1순위
RISK-1960,Service Disruption,File Server,DDoS,7.86,9,8,6,4,1,0.68,8,3507117,100.0,High,1순위
RISK-1961,External Attack,File Server,C2 Communication,1.18,6,9,1,3,2,0.89,6,2221065,100.0,High,1순위
RISK-1962,Service Disruption,Endpoint PC,DDoS,4.1,8,6,5,7,1,0.2,3,2149309,77.47,High,1순위
RISK-1963,Service Disruption,Web Server,Phishing,8.4,3,9,4,3,2,0.63,8,2277761,100.0,High,1순위
RISK-1964,Malware Infection,Web Server,Vulnerability Exploitation,3.84,8,4,5,1,3,0.27,5,1660672,100.0,High,1순위
RISK-1965,Insider Threat,Cloud Service,Brute Force,5.72,2,6,7,10,1,0.86,10,2148184,89.53,High,1순위
RISK-1966,External Attack,VPN Server,Vulnerability Exploitation,5.88,4,8,6,2,9,0.14,5,2238934,100.0,High,1순위
RISK-1967,External Attack,Database Server,Phishing,1.84,3,9,9,10,10,0.64,7,1772024,100.0,High,1순위
RISK-1968,External Attack,File Server,Data Exfiltration,3.62,10,3,6,4,5,0.76,6,2242018,100.0,High,1순위
RISK-1969,Service Disruption,VPN Server,DDoS,3.35,1,2,9,1,8,0.37,9,2054747,82.88,High,1순위
RISK-1970,Data Leakage,Cloud Service,C2 Communication,0.26,7,6,4,1,5,0.91,7,1879380,100.0,High,1순위
RISK-1971,Insider Threat,VPN Server,C2 Communication,0.24,10,4,1,8,8,0.82,3,2313182,100.0,High,1순위
RISK-1972,Credential Compromise,File Server,DDoS,8.32,2,1,1,7,7,0.32,5,2345389,100.0,High,1순위
RISK-1973,External Attack,Endpoint PC,DDoS,2.73,4,8,10,8,4,0.06,9,2622611,69.0,Medium,2순위
RISK-1974,Data Leakage,Endpoint PC,Phishing,5.18,9,9,7,4,7,0.32,10,2750133,100.0,High,1순위
RISK-1975,Data Leakage,File Server,Vulnerability Exploitation,2.99,6,9,3,6,6,0.3,2,2399367,100.0,High,1순위
RISK-1976,Data Leakage,Cloud Service,Brute Force,9.41,8,2,2,3,3,0.85,1,1829309,100.0,High,1순위
RISK-1977,Insider Threat,Cloud Service,Vulnerability Exploitation,2.59,2,9,6,8,9,0.92,8,1931239,100.0,High,1순위
RISK-1978,Data Leakage,Web Server,Vulnerability Exploitation,4.3,7,7,6,4,10,0.11,8,2470246,100.0,High,1순위
RISK-1979,Credential Compromise,Database Server,Brute Force,8.73,6,5,7,3,9,0.47,2,2657216,100.0,High,1순위
RISK-1980,External Attack,Endpoint PC,C2 Communication,8.42,9,7,5,4,5,0.54,8,2332564,100.0,High,1순위
RISK-1981,Credential Compromise,Database Server,Vulnerability Exploitation,1.86,7,9,8,6,8,0.13,5,1961711,100.0,High,1순위
RISK-1982,External Attack,VPN Server,Data Exfiltration,8.03,1,8,7,7,7,0.39,2,1098594,100.0,High,1순위
RISK-1983,Malware Infection,VPN Server,Data Exfiltration,4.58,8,6,2,7,9,0.34,7,2212850,100.0,High,1순위
RISK-1984,Service Disruption,File Server,Phishing,4.83,10,4,1,4,7,0.53,7,3309551,100.0,High,1순위
RISK-1985,Data Leakage,File Server,Phishing,1.33,3,1,9,8,4,0.65,3,828948,30.62,Low,3순위
RISK-1986,Credential Compromise,File Server,Brute Force,0.81,2,6,5,7,4,0.68,1,754971,41.07,Medium,2순위
RISK-1987,Service Disruption,Cloud Service,Brute Force,7.28,3,3,5,2,8,0.17,4,1931048,100.0,High,1순위
RISK-1988,Service Disruption,Endpoint PC,Phishing,4.96,6,6,10,8,6,0.78,2,2528388,93.12,High,1순위
RISK-1989,Service Disruption,Database Server,DDoS,4.37,3,6,4,9,9,0.66,4,1492215,100.0,High,1순위
RISK-1990,Service Disruption,VPN Server,Vulnerability Exploitation,7.3,10,4,2,5,10,0.85,8,2887106,100.0,High,1순위
RISK-1991,Service Disruption,Database Server,DDoS,7.66,5,2,5,4,7,0.45,2,2610393,100.0,High,1순위
RISK-1992,External Attack,Endpoint PC,C2 Communication,1.59,6,9,2,4,7,0.85,1,1695920,100.0,High,1순위
RISK-1993,Insider Threat,Database Server,Data Exfiltration,6.1,8,2,7,4,4,0.83,3,2840800,100.0,High,1순위
RISK-1994,Data Leakage,Database Server,Brute Force,1.35,7,3,9,6,3,0.44,10,2415130,67.83,Medium,2순위
RISK-1995,Data Leakage,Cloud Service,Phishing,7.51,8,10,9,4,8,0.39,7,2288073,100.0,High,1순위
RISK-1996,External Attack,File Server,Data Exfiltration,6.57,3,1,6,7,7,0.89,6,1867868,99.61,High,1순위
RISK-1997,Credential Compromise,Cloud Service,DDoS,9.57,4,7,1,7,4,0.69,6,2364778,100.0,High,1순위
RISK-1998,External Attack,Cloud Service,Brute Force,0.69,6,1,6,5,4,0.89,7,1742635,70.87,High,1순위
RISK-1999,Service Disruption,Database Server,Brute Force,0.57,7,9,5,5,1,0.77,8,3007695,100.0,High,1순위
RISK-2000,Insider Threat,Database Server,Vulnerability Exploitation,2.82,9,1,4,10,7,0.6,3,2000662,87.47,High,1순위
RISK-2001,Data Leakage,Cloud Service,Brute Force,2.62,1,5,6,8,1,0.15,3,763637,24.81,Low,3순위
RISK-2002,Credential Compromise,Database Server,C2 Communication,2.47,8,7,6,7,10,0.31,10,2398423,100.0,High,1순위
RISK-2003,Malware Infection,Cloud Service,Brute Force,9.06,8,3,6,7,10,0.92,8,2237645,100.0,High,1순위
RISK-2004,External Attack,Web Server,C2 Communication,2.5,6,9,2,6,4,0.34,7,2100488,100.0,High,1순위
RISK-2005,Malware Infection,Cloud Service,DDoS,2.72,4,8,7,7,3,0.13,10,2169421,84.21,High,1순위
RISK-2006,Data Leakage,VPN Server,Vulnerability Exploitation,7.59,3,3,4,7,3,0.69,5,1606361,92.99,High,1순위
RISK-2007,External Attack,VPN Server,C2 Communication,4.5,3,5,9,10,1,0.71,4,772590,44.86,Medium,2순위
RISK-2008,Data Leakage,Database Server,DDoS,7.77,6,7,10,2,4,0.31,6,1724151,100.0,High,1순위
RISK-2009,External Attack,Cloud Service,Data Exfiltration,0.65,8,4,2,10,1,0.32,9,1824774,75.6,High,1순위
RISK-2010,Credential Compromise,Cloud Service,Brute Force,4.88,7,5,5,2,8,0.47,6,1750676,100.0,High,1순위
RISK-2011,Data Leakage,File Server,Phishing,0.34,1,3,4,10,1,0.07,8,772172,10.03,Low,3순위
RISK-2012,Malware Infection,File Server,Phishing,0.63,6,9,9,7,6,0.76,1,1969094,74.62,High,1순위
RISK-2013,Insider Threat,File Server,C2 Communication,9.06,7,10,4,10,7,0.34,6,2571860,100.0,High,1순위
RISK-2014,Credential Compromise,Cloud Service,Vulnerability Exploitation,1.39,7,9,8,7,10,0.82,2,1879180,100.0,High,1순위
RISK-2015,Credential Compromise,Cloud Service,C2 Communication,5.32,9,7,8,7,2,0.77,3,1959978,100.0,High,1순위
RISK-2016,External Attack,VPN Server,DDoS,4.11,10,10,6,5,4,0.65,6,3168841,100.0,High,1순위
RISK-2017,Malware Infection,Endpoint PC,DDoS,3.47,5,2,6,1,3,0.34,2,1219898,68.74,Medium,2순위
RISK-2018,Data Leakage,Database Server,C2 Communication,9.0,1,7,8,2,9,0.51,4,2016824,100.0,High,1순위
RISK-2019,Malware Infection,VPN Server,C2 Communication,0.22,2,7,10,9,7,0.45,6,1575526,49.98,Medium,2순위
RISK-2020,Credential Compromise,File Server,Data Exfiltration,6.64,4,5,9,8,2,0.35,5,2076373,70.44,High,1순위
RISK-2021,External Attack,VPN Server,DDoS,9.63,5,9,5,8,6,0.81,6,2041192,100.0,High,1순위
RISK-2022,Malware Infection,VPN Server,Data Exfiltration,5.6,9,3,1,10,9,0.49,6,2368956,100.0,High,1순위
RISK-2023,Data Leakage,VPN Server,C2 Communication,9.37,1,4,1,1,3,0.8,8,1420456,100.0,High,1순위
RISK-2024,Service Disruption,File Server,Vulnerability Exploitation,0.52,3,1,2,6,6,0.14,9,1875385,57.0,Medium,2순위
RISK-2025,Credential Compromise,Endpoint PC,Brute Force,4.19,5,6,10,9,3,0.18,5,1453365,53.14,Medium,2순위
RISK-2026,Insider Threat,Web Server,DDoS,2.6,3,4,10,8,3,0.93,6,1232333,44.58,Medium,2순위
RISK-2027,Insider Threat,Database Server,Phishing,7.31,4,1,5,3,4,0.58,6,1438681,100.0,High,1순위
RISK-2028,Credential Compromise,Database Server,Data Exfiltration,9.81,3,2,4,4,9,0.51,6,2666325,100.0,High,1순위
RISK-2029,Service Disruption,VPN Server,DDoS,2.57,4,3,1,3,8,0.52,2,2242865,100.0,High,1순위
RISK-2030,External Attack,Endpoint PC,Brute Force,6.54,1,9,4,6,1,0.24,4,1091870,85.48,High,1순위
RISK-2031,Malware Infection,File Server,Data Exfiltration,1.98,8,8,4,9,1,0.7,1,1524519,77.57,High,1순위
RISK-2032,Malware Infection,Web Server,DDoS,5.65,4,7,10,8,7,0.13,1,1557708,77.78,High,1순위
RISK-2033,Service Disruption,Web Server,Data Exfiltration,4.64,7,4,4,10,3,0.57,1,1922321,75.92,High,1순위
RISK-2034,Service Disruption,VPN Server,Data Exfiltration,9.72,2,1,1,4,7,0.56,7,1784044,100.0,High,1순위
RISK-2035,Data Leakage,VPN Server,C2 Communication,6.09,2,8,9,2,9,0.87,1,1178599,100.0,High,1순위
RISK-2036,Data Leakage,File Server,C2 Communication,3.5,6,4,3,8,3,0.52,6,2177172,88.91,High,1순위
RISK-2037,Insider Threat,File Server,Data Exfiltration,1.14,2,3,4,8,3,0.17,2,567589,25.65,Low,3순위
RISK-2038,External Attack,Cloud Service,Data Exfiltration,1.51,6,9,5,6,2,0.57,6,1652280,100.0,High,1순위
RISK-2039,External Attack,File Server,Phishing,2.25,2,10,7,8,10,0.13,6,2440522,96.68,High,1순위
RISK-2040,Service Disruption,VPN Server,Brute Force,2.51,4,4,6,9,1,0.23,3,1129242,28.41,Low,3순위
RISK-2041,Insider Threat,Endpoint PC,Brute Force,8.51,7,4,5,1,9,0.08,8,2699487,100.0,High,1순위
RISK-2042,Insider Threat,VPN Server,Vulnerability Exploitation,5.61,8,9,8,9,6,0.51,4,2340400,100.0,High,1순위
RISK-2043,Data Leakage,VPN Server,Vulnerability Exploitation,5.23,3,2,1,2,6,0.13,7,2400250,100.0,High,1순위
RISK-2044,Malware Infection,Web Server,Vulnerability Exploitation,1.15,9,5,7,1,8,0.47,4,2527055,100.0,High,1순위
RISK-2045,External Attack,File Server,C2 Communication,8.6,2,4,6,8,5,0.89,1,1882073,87.49,High,1순위
RISK-2046,Insider Threat,Database Server,C2 Communication,7.23,8,9,5,8,9,0.7,6,2342902,100.0,High,1순위
RISK-2047,Data Leakage,File Server,Phishing,0.68,8,5,7,4,5,0.12,5,1480969,81.58,High,1순위
RISK-2048,Data Leakage,Cloud Service,C2 Communication,7.08,4,9,3,8,2,0.25,9,1572004,100.0,High,1순위
RISK-2049,Data Leakage,Endpoint PC,Vulnerability Exploitation,5.44,1,9,1,7,6,0.66,9,2429517,100.0,High,1순위
RISK-2050,Malware Infection,Endpoint PC,DDoS,0.82,1,2,9,2,9,0.86,8,1672862,60.55,Medium,2순위
RISK-2051,Insider Threat,File Server,Data Exfiltration,4.58,2,9,2,5,3,0.08,7,1720510,99.29,High,1순위
RISK-2052,Service Disruption,File Server,Vulnerability Exploitation,4.85,9,3,10,10,10,0.78,2,1759744,100.0,High,1순위
RISK-2053,Service Disruption,VPN Server,Phishing,1.66,2,4,3,4,4,0.56,8,1300659,85.88,High,1순위
RISK-2054,Data Leakage,Database Server,Data Exfiltration,9.46,2,1,8,3,10,0.54,3,1666014,100.0,High,1순위
RISK-2055,Data Leakage,VPN Server,C2 Communication,8.5,6,1,10,1,8,0.91,6,2812091,100.0,High,1순위
RISK-2056,Malware Infection,Web Server,Data Exfiltration,6.69,7,1,9,5,6,0.72,10,2792645,100.0,High,1순위
RISK-2057,Data Leakage,Web Server,DDoS,4.62,7,9,3,10,7,0.82,7,2200235,100.0,High,1순위
RISK-2058,Credential Compromise,Endpoint PC,Phishing,4.12,9,8,6,8,7,0.37,6,2429238,100.0,High,1순위
RISK-2059,Insider Threat,Endpoint PC,C2 Communication,6.51,6,5,7,9,4,0.55,5,1469734,100.0,High,1순위
RISK-2060,Data Leakage,Database Server,Brute Force,5.45,8,5,1,7,6,0.6,4,2264909,100.0,High,1순위
RISK-2061,Data Leakage,Endpoint PC,Vulnerability Exploitation,0.62,6,9,7,1,9,0.34,2,1867047,100.0,High,1순위
RISK-2062,Insider Threat,Cloud Service,DDoS,5.13,2,3,4,1,3,0.56,9,3071292,100.0,High,1순위
RISK-2063,External Attack,Web Server,DDoS,8.06,1,3,5,1,8,0.26,7,1967319,100.0,High,1순위
RISK-2064,Credential Compromise,Database Server,Vulnerability Exploitation,4.59,5,7,8,2,7,0.18,7,2411745,100.0,High,1순위
RISK-2065,Credential Compromise,Web Server,Phishing,0.52,9,9,4,1,4,0.39,4,2857668,100.0,High,1순위
RISK-2066,Service Disruption,File Server,Phishing,7.86,8,6,4,4,10,0.72,5,2531682,100.0,High,1순위
RISK-2067,Data Leakage,File Server,DDoS,2.01,4,2,8,10,3,0.87,6,1135261,32.59,Low,3순위
RISK-2068,Insider Threat,Database Server,Vulnerability Exploitation,2.59,5,1,5,9,7,0.46,2,1352388,52.89,Medium,2순위
RISK-2069,Service Disruption,VPN Server,Data Exfiltration,1.65,5,2,6,4,10,0.63,4,2137118,88.57,High,1순위
RISK-2070,Malware Infection,Cloud Service,Brute Force,3.3,6,1,5,4,9,0.14,4,2184060,91.97,High,1순위
RISK-2071,External Attack,Cloud Service,Brute Force,7.57,3,10,1,7,10,0.86,4,1566648,100.0,High,1순위
RISK-2072,Data Leakage,Endpoint PC,Phishing,5.19,5,10,7,9,3,0.56,7,1891743,100.0,High,1순위
RISK-2073,External Attack,Database Server,Phishing,2.05,2,9,6,7,10,0.75,7,1880448,100.0,High,1순위
RISK-2074,Data Leakage,Cloud Service,Data Exfiltration,8.78,10,10,2,1,9,0.76,7,2242870,100.0,High,1순위
RISK-2075,Data Leakage,Endpoint PC,Phishing,8.8,1,8,7,1,8,0.28,7,2281265,100.0,High,1순위
RISK-2076,Data Leakage,Web Server,Brute Force,8.71,1,7,6,4,3,0.53,2,1862099,100.0,High,1순위
RISK-2077,External Attack,VPN Server,Vulnerability Exploitation,2.39,10,3,5,4,8,0.91,5,2597716,100.0,High,1순위
RISK-2078,Credential Compromise,Endpoint PC,DDoS,4.51,7,8,8,1,4,0.13,10,2808965,100.0,High,1순위
RISK-2079,Malware Infection,File Server,Brute Force,9.85,2,2,5,6,6,0.66,2,2038832,100.0,High,1순위
RISK-2080,Credential Compromise,File Server,Data Exfiltration,7.72,4,2,2,10,10,0.92,5,2712179,100.0,High,1순위
RISK-2081,Insider Threat,Web Server,Vulnerability Exploitation,0.27,5,10,6,2,2,0.32,6,1848710,80.93,High,1순위
RISK-2082,Insider Threat,Database Server,Vulnerability Exploitation,0.65,7,3,1,5,8,0.83,3,2491338,100.0,High,1순위
RISK-2083,Credential Compromise,Endpoint PC,DDoS,4.64,2,7,5,8,9,0.89,6,1630993,100.0,High,1순위
RISK-2084,Malware Infection,Web Server,Brute Force,9.09,6,1,6,3,7,0.72,5,2333281,100.0,High,1순위
RISK-2085,Malware Infection,File Server,Vulnerability Exploitation,5.39,1,8,7,9,8,0.26,4,2038068,87.53,High,1순위
RISK-2086,Data Leakage,File Server,Vulnerability Exploitation,4.98,7,7,2,7,7,0.35,10,2702432,100.0,High,1순위
RISK-2087,Data Leakage,File Server,Phishing,1.05,9,4,1,9,10,0.08,9,2097576,100.0,High,1순위
RISK-2088,Insider Threat,VPN Server,Vulnerability Exploitation,6.57,5,5,6,1,4,0.8,8,1814267,100.0,High,1순위
RISK-2089,Data Leakage,VPN Server,Data Exfiltration,8.22,5,10,3,5,1,0.81,7,1884875,100.0,High,1순위
RISK-2090,Data Leakage,File Server,Vulnerability Exploitation,3.8,4,1,5,3,3,0.62,1,1059604,58.58,Medium,2순위
RISK-2091,Malware Infection,Cloud Service,Phishing,7.76,3,4,2,4,7,0.37,9,1830171,100.0,High,1순위
RISK-2092,External Attack,Database Server,C2 Communication,9.64,9,1,1,4,7,0.12,9,2170372,100.0,High,1순위
RISK-2093,Credential Compromise,VPN Server,C2 Communication,2.04,5,1,1,7,3,0.73,6,1826838,69.22,Medium,2순위
RISK-2094,Service Disruption,Endpoint PC,Data Exfiltration,5.23,8,10,4,10,1,0.7,7,2322243,100.0,High,1순위
RISK-2095,Service Disruption,VPN Server,DDoS,2.87,9,1,10,8,10,0.87,3,2632146,84.12,High,1순위
RISK-2096,Data Leakage,Endpoint PC,DDoS,7.93,5,7,2,10,9,0.71,5,1998000,100.0,High,1순위
RISK-2097,Data Leakage,VPN Server,Data Exfiltration,5.78,10,7,1,5,6,0.8,7,2430782,100.0,High,1순위
RISK-2098,Credential Compromise,File Server,Vulnerability Exploitation,6.35,9,4,6,10,7,0.72,1,2076881,100.0,High,1순위
RISK-2099,Service Disruption,Endpoint PC,Vulnerability Exploitation,7.98,2,2,4,7,1,0.62,1,1223399,65.96,Medium,2순위
RISK-2100,Malware Infection,Database Server,C2 Communication,3.96,9,3,10,3,1,0.43,5,1874315,65.92,Medium,2순위
RISK-2101,Service Disruption,VPN Server,C2 Communication,9.15,4,8,7,3,4,0.86,9,2705800,100.0,High,1순위
RISK-2102,Service Disruption,VPN Server,Brute Force,5.33,6,8,6,3,7,0.64,7,2808408,100.0,High,1순위
RISK-2103,Service Disruption,File Server,C2 Communication,1.58,6,6,5,4,8,0.41,1,2175716,93.57,High,1순위
RISK-2104,Data Leakage,Endpoint PC,C2 Communication,6.96,6,10,10,6,10,0.13,5,2662203,100.0,High,1순위
RISK-2105,Data Leakage,Cloud Service,Data Exfiltration,7.93,2,9,2,5,9,0.31,8,2369828,100.0,High,1순위
RISK-2106,Credential Compromise,File Server,Brute Force,3.17,7,9,5,8,1,0.54,8,3274828,93.94,High,1순위
RISK-2107,Service Disruption,Endpoint PC,DDoS,8.57,6,4,9,5,4,0.3,2,2364886,100.0,High,1순위
RISK-2108,Data Leakage,VPN Server,Brute Force,9.06,1,1,9,5,4,0.25,7,1868603,72.81,High,1순위
RISK-2109,Credential Compromise,VPN Server,Vulnerability Exploitation,2.77,2,1,2,10,3,0.52,10,2093873,52.43,Medium,2순위
RISK-2110,Service Disruption,VPN Server,Vulnerability Exploitation,9.84,7,10,7,2,7,0.2,5,2859015,100.0,High,1순위
RISK-2111,Malware Infection,VPN Server,Brute Force,1.41,1,5,10,5,1,0.77,9,1001198,37.84,Low,3순위
RISK-2112,Data Leakage,Web Server,Brute Force,2.02,1,2,4,7,9,0.49,3,937885,61.71,Medium,2순위
RISK-2113,External Attack,VPN Server,Vulnerability Exploitation,1.84,1,6,3,2,8,0.57,1,1716151,86.02,High,1순위
RISK-2114,Credential Compromise,VPN Server,Data Exfiltration,8.94,8,7,1,6,2,0.18,4,3010330,100.0,High,1순위
RISK-2115,Data Leakage,Cloud Service,Data Exfiltration,6.54,4,1,3,7,2,0.34,7,1630934,81.96,High,1순위
RISK-2116,Malware Infection,Cloud Service,Data Exfiltration,1.52,4,6,9,5,8,0.42,1,1108007,70.03,High,1순위
RISK-2117,Malware Infection,Endpoint PC,Data Exfiltration,4.4,2,8,9,9,1,0.78,2,1073130,50.93,Medium,2순위
RISK-2118,Data Leakage,VPN Server,Vulnerability Exploitation,6.15,1,5,7,4,7,0.74,5,1974824,100.0,High,1순위
RISK-2119,Insider Threat,VPN Server,Phishing,0.83,10,7,3,10,9,0.25,9,2235649,100.0,High,1순위
RISK-2120,Credential Compromise,Endpoint PC,C2 Communication,8.82,9,10,3,1,3,0.6,1,1776504,100.0,High,1순위
RISK-2121,Service Disruption,VPN Server,C2 Communication,8.04,7,6,4,8,7,0.27,4,2313544,100.0,High,1순위
RISK-2122,Service Disruption,VPN Server,C2 Communication,5.05,4,4,7,8,6,0.94,3,1402382,89.56,High,1순위
RISK-2123,Malware Infection,File Server,C2 Communication,9.67,6,7,7,7,7,0.91,5,2140783,100.0,High,1순위
RISK-2124,Data Leakage,Web Server,Vulnerability Exploitation,4.18,2,10,2,8,7,0.56,5,2204604,100.0,High,1순위
RISK-2125,Insider Threat,Endpoint PC,Phishing,9.84,7,9,5,2,10,0.68,10,3049998,100.0,High,1순위
RISK-2126,Credential Compromise,File Server,Vulnerability Exploitation,6.68,2,10,7,3,1,0.77,2,1252326,93.17,High,1순위
RISK-2127,External Attack,Cloud Service,Phishing,6.35,10,10,7,9,3,0.7,5,2361446,100.0,High,1순위
RISK-2128,Service Disruption,Database Server,Vulnerability Exploitation,1.66,8,7,6,1,10,0.68,9,2300096,100.0,High,1순위
RISK-2129,Credential Compromise,Database Server,Brute Force,8.82,8,5,10,8,1,0.91,5,2825441,100.0,High,1순위
RISK-2130,Credential Compromise,Cloud Service,Phishing,4.27,1,7,10,8,5,0.59,10,1429933,82.55,High,1순위
RISK-2131,Insider Threat,Web Server,C2 Communication,1.62,8,3,8,7,3,0.62,2,1608097,56.62,Medium,2순위
RISK-2132,Credential Compromise,Database Server,Phishing,0.13,2,2,3,5,1,0.81,7,1055870,35.05,Low,3순위
RISK-2133,Service Disruption,Web Server,DDoS,5.6,6,5,1,4,2,0.65,6,2664217,100.0,High,1순위
RISK-2134,Data Leakage,Database Server,Data Exfiltration,5.27,1,4,3,10,10,0.71,7,1756967,100.0,High,1순위
RISK-2135,Service Disruption,Database Server,Phishing,7.19,5,5,2,10,5,0.26,8,1772815,100.0,High,1순위
RISK-2136,External Attack,File Server,DDoS,8.9,7,8,2,10,3,0.38,10,2686206,100.0,High,1순위
RISK-2137,Data Leakage,Database Server,Data Exfiltration,0.79,10,4,2,10,6,0.18,5,2110549,94.31,High,1순위
RISK-2138,Malware Infection,Cloud Service,DDoS,7.31,1,9,5,6,9,0.51,2,1265263,100.0,High,1순위
RISK-2139,Insider Threat,Web Server,Data Exfiltration,1.87,2,7,1,1,6,0.46,7,2178449,100.0,High,1순위
RISK-2140,Service Disruption,VPN Server,Brute Force,8.58,7,10,10,5,2,0.95,7,2227695,100.0,High,1순위
RISK-2141,Data Leakage,VPN Server,Phishing,8.19,6,7,4,4,2,0.6,8,2014087,100.0,High,1순위
RISK-2142,Credential Compromise,VPN Server,DDoS,5.41,3,8,10,4,8,0.76,7,2492216,100.0,High,1순위
RISK-2143,Data Leakage,Web Server,Brute Force,7.1,10,6,5,7,8,0.35,10,2923932,100.0,High,1순위
RISK-2144,Service Disruption,Web Server,C2 Communication,3.14,2,8,2,9,6,0.8,7,2153657,100.0,High,1순위
RISK-2145,Malware Infection,VPN Server,Phishing,4.71,10,3,5,8,10,0.6,9,3337382,100.0,High,1순위
RISK-2146,Service Disruption,Cloud Service,Vulnerability Exploitation,8.22,4,10,10,8,7,0.68,8,2607699,100.0,High,1순위
RISK-2147,Malware Infection,Database Server,Vulnerability Exploitation,4.59,3,10,4,5,1,0.31,2,2135656,97.82,High,1순위
RISK-2148,Credential Compromise,VPN Server,Vulnerability Exploitation,3.58,7,1,8,6,9,0.54,2,1931501,86.08,High,1순위
RISK-2149,Service Disruption,Endpoint PC,DDoS,4.94,8,6,1,2,5,0.62,7,2282532,100.0,High,1순위
RISK-2150,Data Leakage,Web Server,DDoS,8.28,2,1,5,3,9,0.58,10,1933395,100.0,High,1순위
RISK-2151,External Attack,Endpoint PC,Data Exfiltration,3.35,10,9,10,5,2,0.87,10,3420399,100.0,High,1순위
RISK-2152,External Attack,Endpoint PC,Vulnerability Exploitation,1.74,7,2,1,2,8,0.86,3,1798375,100.0,High,1순위
RISK-2153,Credential Compromise,Web Server,C2 Communication,7.12,8,2,10,3,7,0.92,1,2598512,100.0,High,1순위
RISK-2154,Data Leakage,VPN Server,DDoS,8.26,6,7,10,4,4,0.65,9,2288708,100.0,High,1순위
RISK-2155,External Attack,Cloud Service,Phishing,1.01,6,2,4,6,3,0.92,3,1572689,62.45,Medium,2순위
RISK-2156,Credential Compromise,File Server,DDoS,2.4,10,10,8,5,4,0.8,1,1978915,100.0,High,1순위
RISK-2157,Malware Infection,Endpoint PC,Phishing,1.42,1,8,1,10,4,0.29,6,1470282,65.31,Medium,2순위
RISK-2158,Data Leakage,VPN Server,DDoS,3.48,4,6,2,4,10,0.43,4,1868172,100.0,High,1순위
RISK-2159,Malware Infection,File Server,Data Exfiltration,4.5,1,7,1,2,10,0.26,1,2052998,100.0,High,1순위
RISK-2160,Data Leakage,Endpoint PC,Data Exfiltration,7.49,4,7,7,5,8,0.05,4,1931164,100.0,High,1순위
RISK-2161,Malware Infection,VPN Server,Data Exfiltration,6.51,2,6,2,5,4,0.22,8,2652710,100.0,High,1순위
RISK-2162,Malware Infection,Endpoint PC,C2 Communication,6.21,5,10,1,7,5,0.05,7,1616004,100.0,High,1순위
RISK-2163,External Attack,VPN Server,DDoS,3.52,10,9,6,1,2,0.7,1,2811198,100.0,High,1순위
RISK-2164,Data Leakage,Cloud Service,Phishing,8.41,9,9,6,4,4,0.43,10,2873467,100.0,High,1순위
RISK-2165,Service Disruption,Database Server,DDoS,4.71,10,7,10,5,7,0.33,9,3223441,100.0,High,1순위
RISK-2166,External Attack,Database Server,Brute Force,9.79,3,9,2,8,3,0.74,6,2241582,100.0,High,1순위
RISK-2167,Malware Infection,Web Server,Data Exfiltration,6.34,8,10,1,8,1,0.8,2,2627657,100.0,High,1순위
RISK-2168,Malware Infection,File Server,Vulnerability Exploitation,1.26,3,3,10,1,8,0.93,3,836393,59.18,Medium,2순위
RISK-2169,Service Disruption,Endpoint PC,Brute Force,6.76,6,3,3,5,8,0.63,7,2703608,100.0,High,1순위
RISK-2170,Service Disruption,Endpoint PC,Brute Force,3.25,4,1,10,10,6,0.47,3,1068082,34.4,Low,3순위
RISK-2171,Malware Infection,VPN Server,Data Exfiltration,6.86,8,5,5,1,7,0.32,3,1640380,100.0,High,1순위
RISK-2172,Service Disruption,File Server,Vulnerability Exploitation,0.7,6,4,6,1,10,0.25,5,2160367,97.29,High,1순위
RISK-2173,Insider Threat,Endpoint PC,Data Exfiltration,1.75,8,2,3,2,2,0.24,3,1446755,67.4,Medium,2순위
RISK-2174,External Attack,File Server,Data Exfiltration,8.56,1,9,9,2,5,0.42,3,2050001,100.0,High,1순위
RISK-2175,Data Leakage,File Server,Vulnerability Exploitation,2.27,6,3,5,9,7,0.94,5,1407490,82.65,High,1순위
RISK-2176,Service Disruption,Database Server,Brute Force,8.37,1,8,2,4,9,0.05,5,1441423,100.0,High,1순위
RISK-2177,Service Disruption,Endpoint PC,Brute Force,2.79,1,6,10,3,1,0.23,9,1820378,57.84,Medium,2순위
RISK-2178,Insider Threat,Endpoint PC,DDoS,6.43,8,5,6,1,3,0.22,1,2687226,100.0,High,1순위
RISK-2179,Data Leakage,Web Server,Vulnerability Exploitation,6.94,7,1,8,2,6,0.7,1,2196721,100.0,High,1순위
RISK-2180,Insider Threat,File Server,Brute Force,5.13,3,4,6,6,7,0.37,9,2600410,100.0,High,1순위
RISK-2181,Data Leakage,VPN Server,C2 Communication,3.05,6,3,4,9,6,0.46,5,1944786,76.42,High,1순위
RISK-2182,External Attack,Database Server,Data Exfiltration,2.13,9,1,6,5,1,0.18,4,2021674,62.61,Medium,2순위
RISK-2183,Service Disruption,Web Server,C2 Communication,0.33,7,5,8,4,4,0.41,2,1877399,67.03,Medium,2순위
RISK-2184,External Attack,Database Server,C2 Communication,3.04,3,6,8,5,6,0.14,9,1728567,83.76,High,1순위
RISK-2185,Data Leakage,VPN Server,DDoS,6.53,6,2,10,9,8,0.53,6,2050751,90.82,High,1순위
RISK-2186,Service Disruption,Web Server,DDoS,9.38,4,3,2,7,10,0.14,9,2881023,100.0,High,1순위
RISK-2187,Insider Threat,Database Server,DDoS,8.71,3,6,8,8,4,0.76,5,2324394,100.0,High,1순위
RISK-2188,Malware Infection,VPN Server,C2 Communication,7.66,9,4,6,4,7,0.56,4,2182530,100.0,High,1순위
RISK-2189,Insider Threat,Cloud Service,Phishing,7.88,10,9,2,8,3,0.7,7,2592468,100.0,High,1순위
RISK-2190,Malware Infection,Web Server,Phishing,6.65,2,5,1,6,8,0.43,5,2134753,100.0,High,1순위
RISK-2191,Insider Threat,VPN Server,C2 Communication,2.6,1,4,6,5,1,0.39,8,1288572,49.55,Medium,2순위
RISK-2192,Data Leakage,Web Server,Data Exfiltration,9.07,2,2,7,7,4,0.14,8,2056456,88.88,High,1순위
RISK-2193,External Attack,Endpoint PC,C2 Communication,6.71,7,6,10,6,8,0.52,2,2524808,100.0,High,1순위
RISK-2194,Malware Infection,Endpoint PC,C2 Communication,5.6,10,10,5,3,10,0.51,5,2348744,100.0,High,1순위
RISK-2195,Data Leakage,Database Server,DDoS,1.11,1,2,10,5,4,0.47,10,1045397,33.25,Low,3순위
RISK-2196,External Attack,File Server,DDoS,4.47,6,7,8,9,2,0.72,8,2558238,87.39,High,1순위
RISK-2197,External Attack,Cloud Service,DDoS,4.6,7,3,9,7,2,0.8,3,2039639,73.32,High,1순위
RISK-2198,Service Disruption,File Server,Phishing,8.65,9,9,4,4,4,0.73,7,3090444,100.0,High,1순위
RISK-2199,Service Disruption,VPN Server,C2 Communication,5.47,8,5,7,7,4,0.18,3,2619830,97.13,High,1순위
RISK-2200,Service Disruption,Web Server,Data Exfiltration,3.8,6,8,8,5,2,0.61,6,2508581,96.4,High,1순위
RISK-2201,Malware Infection,Endpoint PC,Data Exfiltration,9.77,3,6,6,2,7,0.12,2,2147551,100.0,High,1순위
RISK-2202,Malware Infection,File Server,DDoS,1.11,8,10,2,6,6,0.68,6,1964539,100.0,High,1순위
RISK-2203,External Attack,Endpoint PC,DDoS,4.23,7,8,7,7,3,0.39,6,2641277,100.0,High,1순위
RISK-2204,Malware Infection,Cloud Service,C2 Communication,0.42,3,3,9,8,8,0.17,8,1418143,40.38,Medium,2순위
RISK-2205,External Attack,VPN Server,Data Exfiltration,7.4,9,3,5,6,8,0.83,5,2939353,100.0,High,1순위
RISK-2206,Data Leakage,Cloud Service,C2 Communication,9.18,2,5,2,8,1,0.6,1,1040616,85.5,High,1순위
RISK-2207,Insider Threat,Cloud Service,Phishing,2.8,3,10,4,7,3,0.37,8,1968870,97.31,High,1순위
RISK-2208,External Attack,VPN Server,C2 Communication,8.58,2,3,3,2,5,0.08,9,2118872,100.0,High,1순위
RISK-2209,External Attack,Web Server,DDoS,2.92,1,8,4,6,2,0.53,1,882571,48.7,Medium,2순위
RISK-2210,Data Leakage,Cloud Service,Brute Force,9.11,4,10,10,9,5,0.88,5,2659176,100.0,High,1순위
RISK-2211,Service Disruption,File Server,Phishing,7.54,5,8,7,6,10,0.59,6,3029080,100.0,High,1순위
RISK-2212,Credential Compromise,VPN Server,Data Exfiltration,8.05,6,2,10,4,3,0.92,4,1887687,98.98,High,1순위
RISK-2213,Service Disruption,VPN Server,Data Exfiltration,0.18,5,4,8,7,9,0.17,2,1345122,55.22,Medium,2순위
RISK-2214,Service Disruption,Endpoint PC,DDoS,9.63,1,10,1,3,1,0.56,5,1185662,100.0,High,1순위
RISK-2215,External Attack,Database Server,DDoS,7.27,3,1,8,5,4,0.77,4,1461200,76.53,High,1순위
RISK-2216,External Attack,Cloud Service,Phishing,3.05,1,4,5,1,10,0.52,7,2121776,100.0,High,1순위
RISK-2217,Malware Infection,File Server,DDoS,8.29,5,4,7,10,6,0.13,6,2665444,100.0,High,1순위
RISK-2218,Malware Infection,Web Server,Brute Force,2.82,5,10,1,3,9,0.57,3,1974552,100.0,High,1순위
RISK-2219,Insider Threat,Cloud Service,Phishing,8.73,6,9,2,8,3,0.6,9,2171541,100.0,High,1순위
RISK-2220,Insider Threat,Web Server,DDoS,1.13,8,3,1,9,3,0.71,4,1765852,78.88,High,1순위
RISK-2221,Credential Compromise,Endpoint PC,Vulnerability Exploitation,7.04,10,2,5,9,5,0.74,5,2328569,100.0,High,1순위
RISK-2222,Malware Infection,Cloud Service,Brute Force,5.41,1,9,6,10,7,0.74,3,1965830,98.24,High,1순위
RISK-2223,External Attack,Web Server,Phishing,0.97,4,9,10,2,5,0.65,8,2193677,87.74,High,1순위
RISK-2224,Data Leakage,Cloud Service,Vulnerability Exploitation,2.42,10,1,9,4,8,0.24,7,3106218,98.76,High,1순위
RISK-2225,Malware Infection,VPN Server,C2 Communication,0.12,1,6,8,5,5,0.41,7,1240038,41.57,Medium,2순위
RISK-2226,External Attack,Cloud Service,Brute Force,4.69,9,10,7,3,7,0.75,8,2421406,100.0,High,1순위
RISK-2227,Malware Infection,File Server,C2 Communication,3.01,7,8,5,1,6,0.91,7,2181210,100.0,High,1순위
RISK-2228,Service Disruption,Cloud Service,Vulnerability Exploitation,5.98,7,3,3,6,10,0.12,3,1417509,100.0,High,1순위
RISK-2229,Malware Infection,Web Server,Data Exfiltration,2.97,5,9,9,10,2,0.53,3,1610918,53.68,Medium,2순위
RISK-2230,Credential Compromise,File Server,Data Exfiltration,3.0,7,2,5,2,3,0.33,2,2167829,78.48,High,1순위
RISK-2231,Service Disruption,Web Server,DDoS,7.43,2,6,3,9,4,0.25,1,1675961,84.17,High,1순위
RISK-2232,External Attack,Database Server,Data Exfiltration,0.48,4,1,3,1,5,0.51,5,1238351,64.81,Medium,2순위
RISK-2233,Service Disruption,Database Server,C2 Communication,9.03,7,7,3,9,9,0.6,4,2465976,100.0,High,1순위
RISK-2234,Malware Infection,File Server,Brute Force,8.52,3,3,6,7,6,0.06,2,1079571,85.16,High,1순위
RISK-2235,Service Disruption,Database Server,C2 Communication,6.68,2,7,1,10,1,0.75,1,1105044,85.85,High,1순위
RISK-2236,Credential Compromise,Database Server,C2 Communication,5.93,10,4,4,2,3,0.79,3,2651128,100.0,High,1순위
RISK-2237,Data Leakage,VPN Server,Data Exfiltration,8.92,2,9,8,6,7,0.92,6,1826330,100.0,High,1순위
RISK-2238,Service Disruption,Web Server,C2 Communication,1.85,1,5,3,8,8,0.21,2,1393738,63.87,Medium,2순위
RISK-2239,Credential Compromise,Database Server,Vulnerability Exploitation,0.79,5,3,5,2,7,0.59,10,2729670,100.0,High,1순위
RISK-2240,Service Disruption,File Server,Phishing,2.4,6,8,2,5,5,0.43,7,1837325,100.0,High,1순위
RISK-2241,Insider Threat,VPN Server,Phishing,7.95,6,6,2,6,10,0.35,7,2355441,100.0,High,1순위
RISK-2242,Data Leakage,Database Server,Phishing,0.35,9,2,7,3,8,0.56,3,1934505,87.65,High,1순위
RISK-2243,External Attack,Cloud Service,DDoS,5.83,4,3,10,2,9,0.75,1,1444144,99.97,High,1순위
RISK-2244,Credential Compromise,File Server,Data Exfiltration,9.95,1,8,3,6,7,0.07,9,1817928,100.0,High,1순위
RISK-2245,Service Disruption,Web Server,Data Exfiltration,8.56,6,10,5,3,9,0.92,5,2257344,100.0,High,1순위
RISK-2246,Data Leakage,Cloud Service,Phishing,5.21,5,7,3,2,1,0.78,2,1557479,100.0,High,1순위
RISK-2247,External Attack,Database Server,Brute Force,0.64,10,10,6,1,9,0.73,8,3627510,100.0,High,1순위
RISK-2248,Data Leakage,File Server,DDoS,8.31,6,6,10,8,3,0.73,10,2660900,100.0,High,1순위
RISK-2249,Credential Compromise,Cloud Service,Phishing,5.99,3,1,3,1,6,0.4,10,1831892,100.0,High,1순위
RISK-2250,Insider Threat,File Server,C2 Communication,1.15,2,9,8,5,8,0.73,4,1674177,95.4,High,1순위
RISK-2251,Credential Compromise,Endpoint PC,Phishing,0.94,6,3,2,6,3,0.4,10,2526278,78.01,High,1순위
RISK-2252,Credential Compromise,Cloud Service,Phishing,9.1,1,5,3,3,4,0.86,7,1968238,100.0,High,1순위
RISK-2253,External Attack,File Server,Brute Force,6.69,7,7,8,7,7,0.21,5,1446926,100.0,High,1순위
RISK-2254,External Attack,Cloud Service,Data Exfiltration,8.29,7,7,8,2,7,0.31,3,2528551,100.0,High,1순위
RISK-2255,Service Disruption,Endpoint PC,Data Exfiltration,8.79,10,3,1,7,4,0.55,10,2626174,100.0,High,1순위
RISK-2256,Malware Infection,Web Server,C2 Communication,5.72,7,4,8,2,9,0.34,8,3294208,100.0,High,1순위
RISK-2257,Credential Compromise,Web Server,Phishing,5.17,10,10,10,5,3,0.43,2,1703420,100.0,High,1순위
RISK-2258,External Attack,VPN Server,Vulnerability Exploitation,4.3,1,7,2,7,8,0.49,1,1931425,100.0,High,1순위
RISK-2259,Credential Compromise,Cloud Service,C2 Communication,3.17,4,8,7,3,8,0.82,5,1930071,100.0,High,1순위
RISK-2260,Credential Compromise,Endpoint PC,Data Exfiltration,4.35,7,2,6,4,4,0.52,4,2012471,85.3,High,1순위
RISK-2261,External Attack,File Server,Brute Force,7.74,9,9,2,1,7,0.38,10,2714935,100.0,High,1순위
RISK-2262,Insider Threat,VPN Server,Data Exfiltration,6.02,5,7,5,3,4,0.27,7,2062962,100.0,High,1순위
RISK-2263,Insider Threat,Cloud Service,Data Exfiltration,8.93,2,8,7,9,1,0.42,9,2398799,100.0,High,1순위
RISK-2264,Credential Compromise,VPN Server,Brute Force,4.43,7,6,8,10,1,0.51,6,2382659,74.59,High,1순위
RISK-2265,Insider Threat,Cloud Service,Phishing,6.07,10,6,3,5,1,0.72,1,2065404,100.0,High,1순위
RISK-2266,Credential Compromise,Web Server,Phishing,6.31,1,9,1,8,2,0.16,8,2067782,100.0,High,1순위
RISK-2267,Service Disruption,File Server,Data Exfiltration,5.92,7,4,7,2,6,0.25,2,1651670,100.0,High,1순위
RISK-2268,External Attack,Endpoint PC,C2 Communication,7.03,6,5,5,3,10,0.39,4,2633684,100.0,High,1순위
RISK-2269,Credential Compromise,Web Server,Vulnerability Exploitation,2.37,7,9,5,7,5,0.37,3,1861812,100.0,High,1순위
RISK-2270,Insider Threat,VPN Server,C2 Communication,5.12,10,1,7,10,2,0.4,6,1866114,66.04,Medium,2순위
RISK-2271,Insider Threat,Database Server,DDoS,1.04,3,4,1,4,8,0.76,2,1837982,93.32,High,1순위
RISK-2272,Data Leakage,VPN Server,C2 Communication,3.85,3,7,8,9,9,0.34,5,1803891,79.98,High,1순위
RISK-2273,Data Leakage,Database Server,Data Exfiltration,4.88,7,9,10,7,7,0.5,9,1964085,100.0,High,1순위
RISK-2274,Insider Threat,Cloud Service,Data Exfiltration,6.52,2,10,5,1,9,0.61,3,1143861,100.0,High,1순위
RISK-2275,Service Disruption,Web Server,Vulnerability Exploitation,9.51,1,6,8,4,4,0.26,2,1767771,91.25,High,1순위
RISK-2276,Malware Infection,Cloud Service,Vulnerability Exploitation,6.01,9,8,10,10,7,0.7,2,1623234,100.0,High,1순위
RISK-2277,Credential Compromise,Endpoint PC,Vulnerability Exploitation,7.44,9,9,10,6,5,0.54,9,3253808,100.0,High,1순위
RISK-2278,Data Leakage,File Server,Data Exfiltration,5.06,7,10,5,6,5,0.45,6,2301362,100.0,High,1순위
RISK-2279,Credential Compromise,Database Server,Data Exfiltration,6.34,7,4,7,10,3,0.78,2,1578210,75.07,High,1순위
RISK-2280,Data Leakage,File Server,C2 Communication,0.71,3,1,10,6,9,0.27,3,1106495,37.64,Low,3순위
RISK-2281,External Attack,Cloud Service,Data Exfiltration,2.54,10,8,3,5,10,0.84,1,2039639,100.0,High,1순위
RISK-2282,External Attack,Web Server,DDoS,3.62,2,2,2,3,5,0.55,2,1060305,72.69,High,1순위
RISK-2283,Insider Threat,Web Server,Phishing,4.72,7,1,6,2,6,0.6,2,1812179,100.0,High,1순위
RISK-2284,External Attack,Cloud Service,Phishing,0.46,9,7,5,3,3,0.84,2,1695294,87.89,High,1순위
RISK-2285,External Attack,Cloud Service,Vulnerability Exploitation,1.4,1,10,9,9,10,0.79,7,1964417,93.63,High,1순위
RISK-2286,Malware Infection,Web Server,Data Exfiltration,2.77,4,9,10,3,7,0.59,3,1854147,96.14,High,1순위
RISK-2287,Service Disruption,Endpoint PC,DDoS,9.72,6,9,4,3,9,0.73,4,2451444,100.0,High,1순위
RISK-2288,Insider Threat,Database Server,Phishing,3.31,7,3,3,1,9,0.44,2,2378785,100.0,High,1순위
RISK-2289,Malware Infection,File Server,C2 Communication,4.82,10,6,9,2,10,0.54,5,2722975,100.0,High,1순위
RISK-2290,Insider Threat,VPN Server,Brute Force,1.96,7,7,8,3,10,0.11,9,2869574,100.0,High,1순위
RISK-2291,Service Disruption,Cloud Service,C2 Communication,6.11,10,10,6,2,5,0.13,9,3017706,100.0,High,1순위
RISK-2292,Insider Threat,Cloud Service,Brute Force,2.81,2,9,1,8,7,0.8,7,1808065,100.0,High,1순위
RISK-2293,Credential Compromise,Web Server,DDoS,2.07,4,2,10,6,3,0.1,8,1474899,34.77,Low,3순위
RISK-2294,Credential Compromise,File Server,C2 Communication,5.17,5,8,1,7,6,0.2,5,1697887,100.0,High,1순위
RISK-2295,Credential Compromise,File Server,Phishing,0.06,1,7,6,1,8,0.77,5,1690168,81.25,High,1순위
RISK-2296,External Attack,Endpoint PC,Data Exfiltration,0.08,1,4,3,6,8,0.05,3,1143628,54.45,Medium,2순위
RISK-2297,Service Disruption,Database Server,Brute Force,2.19,10,2,3,2,2,0.3,6,2323264,90.27,High,1순위
RISK-2298,Malware Infection,Endpoint PC,Data Exfiltration,0.37,3,8,6,6,6,0.58,1,1470544,60.73,Medium,2순위
RISK-2299,Malware Infection,Endpoint PC,DDoS,1.08,10,5,3,3,7,0.59,3,2729865,100.0,High,1순위
RISK-2300,Data Leakage,File Server,Data Exfiltration,3.39,3,6,10,7,7,0.75,2,1521343,77.11,High,1순위
RISK-2301,Malware Infection,Database Server,Phishing,8.03,8,7,6,3,3,0.51,7,1853429,100.0,High,1순위
RISK-2302,Credential Compromise,Database Server,DDoS,5.72,9,10,5,9,9,0.51,9,2355182,100.0,High,1순위
RISK-2303,Credential Compromise,Database Server,Vulnerability Exploitation,5.13,1,1,4,3,2,0.7,4,1430203,61.64,Medium,2순위
RISK-2304,Data Leakage,Web Server,Vulnerability Exploitation,2.93,2,8,8,7,3,0.5,7,1169869,71.82,High,1순위
RISK-2305,External Attack,Database Server,Brute Force,9.32,10,4,2,4,2,0.6,8,2694432,100.0,High,1순위
RISK-2306,Malware Infection,File Server,Phishing,3.97,2,9,7,8,9,0.86,10,2523218,100.0,High,1순위
RISK-2307,Service Disruption,Web Server,Data Exfiltration,0.87,4,1,4,2,4,0.41,2,1263861,48.56,Medium,2순위
RISK-2308,Data Leakage,VPN Server,C2 Communication,6.17,2,2,2,8,2,0.4,7,1819631,68.94,Medium,2순위
RISK-2309,Malware Infection,Cloud Service,C2 Communication,1.14,7,6,7,9,3,0.05,3,1656311,58.35,Medium,2순위
RISK-2310,External Attack,Endpoint PC,DDoS,3.45,9,10,1,8,4,0.6,8,2053658,100.0,High,1순위
RISK-2311,Service Disruption,Database Server,Brute Force,5.07,7,1,4,6,10,0.08,6,2556740,100.0,High,1순위
RISK-2312,Service Disruption,VPN Server,Brute Force,8.74,6,4,9,10,6,0.5,3,2518520,100.0,High,1순위
RISK-2313,External Attack,Database Server,Brute Force,4.94,10,8,4,1,5,0.77,8,2644073,100.0,High,1순위
RISK-2314,Malware Infection,Endpoint PC,Phishing,7.02,1,10,3,7,3,0.54,3,1081593,100.0,High,1순위
RISK-2315,Insider Threat,File Server,C2 Communication,9.93,10,5,10,1,10,0.29,9,2481693,100.0,High,1순위
RISK-2316,Malware Infection,File Server,DDoS,1.31,9,9,10,7,8,0.76,3,2113468,100.0,High,1순위
RISK-2317,Data Leakage,Endpoint PC,Phishing,2.75,5,6,2,2,8,0.29,1,1855303,100.0,High,1순위
RISK-2318,Data Leakage,VPN Server,DDoS,3.95,5,1,3,8,7,0.71,2,1459365,84.89,High,1순위
RISK-2319,Malware Infection,Web Server,Phishing,4.22,6,6,1,2,3,0.6,4,2674407,100.0,High,1순위
RISK-2320,Credential Compromise,Cloud Service,Data Exfiltration,4.11,9,6,10,3,1,0.2,2,1917503,70.85,High,1순위
RISK-2321,Data Leakage,Cloud Service,Phishing,9.08,8,6,8,3,5,0.86,4,2115828,100.0,High,1순위
RISK-2322,Insider Threat,Cloud Service,Phishing,7.14,8,8,1,1,1,0.23,4,2517327,100.0,High,1순위
RISK-2323,Credential Compromise,Web Server,Data Exfiltration,6.08,8,6,3,5,6,0.94,4,1806801,100.0,High,1순위
RISK-2324,Insider Threat,Database Server,Vulnerability Exploitation,3.09,1,5,3,5,7,0.06,1,1253071,63.75,Medium,2순위
RISK-2325,Service Disruption,Endpoint PC,Data Exfiltration,8.24,1,2,2,10,5,0.29,9,1694170,92.6,High,1순위
RISK-2326,Data Leakage,Endpoint PC,Brute Force,9.55,8,4,5,5,4,0.23,10,2294304,100.0,High,1순위
RISK-2327,Credential Compromise,Web Server,Vulnerability Exploitation,8.21,5,10,10,9,2,0.06,7,1623424,100.0,High,1순위
RISK-2328,Malware Infection,VPN Server,C2 Communication,0.02,9,5,3,6,5,0.71,2,2837448,91.95,High,1순위
RISK-2329,Credential Compromise,Cloud Service,DDoS,6.36,2,10,3,6,9,0.67,3,1887109,100.0,High,1순위
RISK-2330,Service Disruption,Endpoint PC,Phishing,0.51,9,4,8,3,4,0.76,8,1985435,91.11,High,1순위
RISK-2331,Insider Threat,File Server,Vulnerability Exploitation,2.58,8,2,4,5,2,0.28,7,1881287,82.94,High,1순위
RISK-2332,Service Disruption,File Server,C2 Communication,0.6,9,7,4,10,6,0.45,4,2729491,89.55,High,1순위
RISK-2333,External Attack,Endpoint PC,Data Exfiltration,6.04,4,10,3,7,8,0.64,4,1627677,100.0,High,1순위
RISK-2334,Data Leakage,Cloud Service,Data Exfiltration,6.87,1,10,1,3,2,0.45,9,2523632,100.0,High,1순위
RISK-2335,Malware Infection,Cloud Service,Brute Force,1.14,1,2,8,2,9,0.68,5,1801427,61.74,Medium,2순위
RISK-2336,Insider Threat,Cloud Service,Brute Force,3.84,5,1,1,5,7,0.62,5,2675638,100.0,High,1순위
RISK-2337,Service Disruption,VPN Server,Vulnerability Exploitation,4.56,2,5,7,3,2,0.15,7,2039401,74.64,High,1순위
RISK-2338,Malware Infection,File Server,DDoS,3.69,8,1,5,5,5,0.75,1,1742641,80.58,High,1순위
RISK-2339,Data Leakage,VPN Server,Phishing,1.21,10,1,4,9,5,0.7,3,1871362,79.2,High,1순위
RISK-2340,Malware Infection,Web Server,Data Exfiltration,4.19,5,1,4,10,7,0.64,2,1437305,71.96,High,1순위
RISK-2341,Data Leakage,Database Server,Vulnerability Exploitation,7.51,5,6,8,1,5,0.19,10,1719694,100.0,High,1순위
RISK-2342,Data Leakage,Cloud Service,Vulnerability Exploitation,0.71,2,9,6,4,6,0.29,6,2180224,76.42,High,1순위
RISK-2343,Data Leakage,Web Server,DDoS,0.8,7,10,1,10,9,0.4,6,1940104,100.0,High,1순위
RISK-2344,Service Disruption,Database Server,Vulnerability Exploitation,3.55,8,1,10,5,3,0.3,10,2068110,71.86,High,1순위
RISK-2345,Data Leakage,File Server,Brute Force,9.42,10,5,8,2,3,0.26,1,2318429,100.0,High,1순위
RISK-2346,Malware Infection,Database Server,DDoS,6.69,1,9,2,2,8,0.77,6,1572562,100.0,High,1순위
RISK-2347,External Attack,Database Server,Data Exfiltration,6.79,2,9,6,1,10,0.62,10,1882135,100.0,High,1순위
RISK-2348,Malware Infection,Endpoint PC,Brute Force,3.62,10,1,9,8,6,0.56,2,1528003,76.41,High,1순위
RISK-2349,Service Disruption,Database Server,Brute Force,5.94,4,8,1,2,10,0.25,4,1672323,100.0,High,1순위
RISK-2350,Data Leakage,Endpoint PC,DDoS,0.1,5,1,6,3,3,0.88,6,1365194,40.86,Medium,2순위
RISK-2351,External Attack,Database Server,DDoS,6.36,2,8,8,2,2,0.22,3,1515117,85.0,High,1순위
RISK-2352,Service Disruption,Endpoint PC,Vulnerability Exploitation,9.13,1,1,10,4,2,0.77,3,1160410,58.08,Medium,2순위
RISK-2353,Insider Threat,File Server,C2 Communication,6.13,9,5,2,1,2,0.92,3,2754691,100.0,High,1순위
RISK-2354,Insider Threat,File Server,C2 Communication,8.74,1,8,5,3,5,0.7,4,1567202,100.0,High,1순위
RISK-2355,Insider Threat,Database Server,C2 Communication,7.24,4,6,6,5,5,0.94,9,2025862,100.0,High,1순위
RISK-2356,External Attack,VPN Server,Vulnerability Exploitation,1.21,2,9,5,10,1,0.64,4,1073444,38.16,Low,3순위
RISK-2357,Malware Infection,File Server,Phishing,9.02,4,1,3,1,2,0.25,4,1857431,100.0,High,1순위
RISK-2358,External Attack,Web Server,Data Exfiltration,0.66,8,9,4,4,2,0.23,4,2296472,93.19,High,1순위
RISK-2359,External Attack,Web Server,Vulnerability Exploitation,5.34,8,1,7,6,4,0.34,7,2851982,100.0,High,1순위
RISK-2360,External Attack,Endpoint PC,Vulnerability Exploitation,1.42,9,10,4,4,7,0.06,5,2913234,100.0,High,1순위
RISK-2361,Insider Threat,VPN Server,Brute Force,0.12,5,10,9,7,3,0.66,2,1813644,64.37,Medium,2순위
RISK-2362,Credential Compromise,Cloud Service,C2 Communication,4.22,7,3,10,7,5,0.29,7,1492252,75.91,High,1순위
RISK-2363,Malware Infection,Endpoint PC,DDoS,2.95,3,1,2,6,9,0.78,3,1583189,90.14,High,1순위
RISK-2364,Credential Compromise,Database Server,Vulnerability Exploitation,4.86,10,3,5,9,5,0.37,1,1685880,96.25,High,1순위
RISK-2365,Credential Compromise,File Server,Phishing,5.77,4,2,8,2,9,0.48,9,2565048,100.0,High,1순위
RISK-2366,External Attack,VPN Server,Data Exfiltration,0.44,10,2,5,10,1,0.92,5,1592265,51.19,Medium,2순위
RISK-2367,Malware Infection,Endpoint PC,Phishing,1.23,9,9,10,8,9,0.27,10,1988798,100.0,High,1순위
RISK-2368,Credential Compromise,Endpoint PC,Vulnerability Exploitation,5.59,10,8,8,8,5,0.7,1,2868782,100.0,High,1순위
RISK-2369,Data Leakage,Web Server,Vulnerability Exploitation,3.43,10,1,8,10,8,0.73,1,2468906,83.11,High,1순위
RISK-2370,External Attack,Database Server,Brute Force,7.29,1,4,9,4,5,0.25,1,1190091,63.03,Medium,2순위
RISK-2371,External Attack,Endpoint PC,Phishing,6.52,2,1,10,6,6,0.5,9,1739469,71.67,High,1순위
RISK-2372,External Attack,Web Server,Brute Force,8.46,5,1,6,6,8,0.37,8,2575086,100.0,High,1순위
RISK-2373,Data Leakage,VPN Server,DDoS,6.92,3,4,4,5,2,0.74,6,2263234,89.99,High,1순위
RISK-2374,Data Leakage,Endpoint PC,Phishing,4.3,2,2,3,1,3,0.61,10,2099275,98.75,High,1순위
RISK-2375,Insider Threat,Cloud Service,C2 Communication,6.73,1,3,5,3,9,0.48,6,1587905,100.0,High,1순위
RISK-2376,Service Disruption,Cloud Service,DDoS,2.75,10,9,6,7,5,0.75,6,2748623,100.0,High,1순위
RISK-2377,Malware Infection,Web Server,C2 Communication,3.06,3,2,3,8,5,0.26,4,1603263,64.73,Medium,2순위
RISK-2378,Service Disruption,Cloud Service,Phishing,7.89,1,4,2,2,9,0.73,5,1894078,100.0,High,1순위
RISK-2379,External Attack,Database Server,Brute Force,4.46,1,1,7,3,10,0.83,10,2531930,100.0,High,1순위
RISK-2380,Credential Compromise,File Server,C2 Communication,7.98,1,2,5,4,3,0.84,3,1324727,88.33,High,1순위
RISK-2381,External Attack,Cloud Service,Vulnerability Exploitation,8.22,8,5,9,5,4,0.76,3,2309793,100.0,High,1순위
RISK-2382,Credential Compromise,VPN Server,Data Exfiltration,8.58,3,10,3,3,7,0.42,10,2666721,100.0,High,1순위
RISK-2383,Insider Threat,Endpoint PC,Brute Force,9.17,1,1,8,5,2,0.93,7,1279503,76.51,High,1순위
RISK-2384,Service Disruption,Web Server,DDoS,4.31,7,7,6,8,8,0.39,5,2208590,100.0,High,1순위
RISK-2385,External Attack,Endpoint PC,DDoS,3.19,10,4,4,8,5,0.62,8,2251189,100.0,High,1순위
RISK-2386,Service Disruption,File Server,Phishing,5.82,3,6,9,2,1,0.19,5,1313369,81.74,High,1순위
RISK-2387,Insider Threat,Endpoint PC,DDoS,3.71,8,8,5,6,3,0.93,4,3035831,100.0,High,1순위
RISK-2388,Service Disruption,Endpoint PC,Data Exfiltration,6.01,4,6,10,4,9,0.68,3,2461123,100.0,High,1순위
RISK-2389,Credential Compromise,Web Server,Data Exfiltration,7.06,4,2,6,9,5,0.73,2,1591873,75.47,High,1순위
RISK-2390,Malware Infection,File Server,Vulnerability Exploitation,6.88,5,1,9,10,8,0.11,3,1152012,72.04,High,1순위
RISK-2391,Insider Threat,VPN Server,DDoS,3.75,6,8,7,2,1,0.74,7,2412599,100.0,High,1순위
RISK-2392,Service Disruption,Web Server,Brute Force,1.67,7,8,5,8,7,0.75,8,2752440,100.0,High,1순위
RISK-2393,External Attack,File Server,Data Exfiltration,4.31,4,9,2,1,7,0.65,5,1922669,100.0,High,1순위
RISK-2394,Data Leakage,File Server,Brute Force,1.43,8,6,4,6,8,0.31,1,2720024,99.63,High,1순위
RISK-2395,Data Leakage,Endpoint PC,Vulnerability Exploitation,8.9,6,1,2,10,3,0.49,3,1838025,99.02,High,1순위
RISK-2396,Insider Threat,Database Server,Phishing,3.46,1,9,3,1,1,0.15,4,1729669,76.18,High,1순위
RISK-2397,Data Leakage,Database Server,Data Exfiltration,1.54,1,3,10,2,9,0.47,10,1719626,70.26,High,1순위
RISK-2398,Malware Infection,VPN Server,Data Exfiltration,0.25,9,6,3,3,1,0.27,4,2103871,86.34,High,1순위
RISK-2399,Insider Threat,Endpoint PC,Data Exfiltration,6.46,10,10,4,9,6,0.36,1,2302316,100.0,High,1순위
RISK-2400,External Attack,Database Server,DDoS,6.37,6,10,6,5,9,0.2,10,2002388,100.0,High,1순위
RISK-2401,External Attack,Web Server,Brute Force,3.41,10,9,3,10,2,0.26,9,2888800,100.0,High,1순위
RISK-2402,Insider Threat,VPN Server,Data Exfiltration,0.72,8,3,10,10,4,0.12,10,2228784,55.23,Medium,2순위
RISK-2403,Data Leakage,Endpoint PC,Brute Force,4.1,7,5,1,2,2,0.88,4,2196589,100.0,High,1순위
RISK-2404,Data Leakage,Cloud Service,DDoS,3.11,6,5,1,10,4,0.53,2,1520005,78.1,High,1순위
RISK-2405,External Attack,Web Server,C2 Communication,6.77,4,10,9,5,2,0.41,9,2289457,100.0,High,1순위
RISK-2406,Malware Infection,Database Server,C2 Communication,6.06,7,7,9,5,1,0.53,4,1771994,93.57,High,1순위
RISK-2407,Credential Compromise,Database Server,Brute Force,3.65,9,4,5,1,3,0.62,4,1786218,100.0,High,1순위
RISK-2408,Data Leakage,Database Server,DDoS,2.18,10,4,9,3,8,0.88,6,2798986,100.0,High,1순위
RISK-2409,Malware Infection,Database Server,C2 Communication,9.88,10,7,7,5,5,0.21,8,2534326,100.0,High,1순위
RISK-2410,Data Leakage,File Server,Vulnerability Exploitation,4.54,7,9,9,9,4,0.32,5,2144360,100.0,High,1순위
RISK-2411,Credential Compromise,Cloud Service,Vulnerability Exploitation,6.88,1,4,7,10,5,0.93,8,1778480,80.16,High,1순위
RISK-2412,Insider Threat,VPN Server,C2 Communication,1.41,10,4,9,1,6,0.38,1,2801834,100.0,High,1순위
RISK-2413,Service Disruption,VPN Server,Phishing,4.86,9,6,2,8,6,0.07,4,2431942,100.0,High,1순위
RISK-2414,External Attack,Database Server,Brute Force,0.28,4,6,8,1,5,0.18,1,928194,58.18,Medium,2순위
RISK-2415,Insider Threat,VPN Server,C2 Communication,5.05,3,7,7,9,6,0.07,3,1527634,66.92,Medium,2순위
RISK-2416,Data Leakage,Cloud Service,Brute Force,9.64,4,1,6,6,9,0.94,7,2458705,100.0,High,1순위
RISK-2417,Credential Compromise,Web Server,DDoS,3.84,4,3,5,1,5,0.3,1,1541618,75.6,High,1순위
RISK-2418,External Attack,Web Server,C2 Communication,0.39,10,9,4,8,6,0.88,5,2732933,100.0,High,1순위
RISK-2419,Service Disruption,VPN Server,Vulnerability Exploitation,0.31,2,6,7,5,4,0.95,1,718252,40.9,Medium,2순위
RISK-2420,Service Disruption,Database Server,DDoS,3.88,1,6,3,7,3,0.59,6,1309700,69.64,Medium,2순위
RISK-2421,Credential Compromise,Endpoint PC,Phishing,1.6,10,5,8,7,6,0.08,9,2464177,94.39,High,1순위
RISK-2422,Credential Compromise,Cloud Service,Brute Force,0.23,1,3,2,7,5,0.12,3,617454,30.81,Low,3순위
RISK-2423,Data Leakage,Database Server,Phishing,7.56,8,5,1,6,4,0.48,6,2306414,100.0,High,1순위
RISK-2424,External Attack,File Server,Vulnerability Exploitation,4.59,2,1,2,8,5,0.42,4,1456419,64.2,Medium,2순위
RISK-2425,Data Leakage,Endpoint PC,Data Exfiltration,2.89,10,3,9,9,7,0.6,6,2578094,100.0,High,1순위
RISK-2426,Service Disruption,Cloud Service,Data Exfiltration,9.0,5,4,5,2,1,0.44,2,2213845,100.0,High,1순위
RISK-2427,Insider Threat,File Server,Brute Force,1.16,4,5,8,7,1,0.89,4,915995,29.7,Low,3순위
RISK-2428,Insider Threat,VPN Server,DDoS,9.56,8,10,3,2,1,0.53,7,3455979,100.0,High,1순위
RISK-2429,Malware Infection,File Server,Vulnerability Exploitation,3.14,2,9,7,6,2,0.67,6,1914657,82.85,High,1순위
RISK-2430,Service Disruption,VPN Server,Brute Force,8.88,10,4,2,2,9,0.86,9,2727554,100.0,High,1순위
RISK-2431,Service Disruption,File Server,DDoS,6.03,9,3,8,10,5,0.18,7,1949627,100.0,High,1순위
RISK-2432,Data Leakage,Endpoint PC,Brute Force,8.27,7,10,7,6,9,0.26,1,1448901,100.0,High,1순위
RISK-2433,Malware Infection,File Server,Brute Force,9.84,7,1,5,2,5,0.15,6,2941143,100.0,High,1순위
RISK-2434,Credential Compromise,Database Server,Phishing,2.88,1,10,4,1,7,0.18,3,1510507,100.0,High,1순위
RISK-2435,Malware Infection,VPN Server,C2 Communication,9.61,2,6,1,7,6,0.51,8,1899602,100.0,High,1순위
RISK-2436,External Attack,Web Server,Vulnerability Exploitation,3.89,4,7,5,3,2,0.34,1,1454067,82.93,High,1순위
RISK-2437,Data Leakage,File Server,Phishing,3.86,4,10,9,4,3,0.43,10,2083314,100.0,High,1순위
RISK-2438,Credential Compromise,VPN Server,DDoS,3.4,3,8,10,6,5,0.93,2,1725232,81.44,High,1순위
RISK-2439,Credential Compromise,Web Server,C2 Communication,5.41,7,1,4,5,4,0.19,3,2042805,87.37,High,1순위
RISK-2440,Insider Threat,VPN Server,Brute Force,1.54,8,4,9,4,6,0.54,3,2437945,84.46,High,1순위
RISK-2441,External Attack,VPN Server,Data Exfiltration,5.54,2,5,2,9,8,0.14,7,1865666,100.0,High,1순위
RISK-2442,Malware Infection,Web Server,Phishing,5.42,4,2,4,6,8,0.34,8,2270829,100.0,High,1순위
RISK-2443,Insider Threat,Web Server,Vulnerability Exploitation,7.62,3,1,9,6,3,0.52,9,1610946,77.95,High,1순위
RISK-2444,Service Disruption,Endpoint PC,Vulnerability Exploitation,8.34,2,8,4,2,4,0.9,7,2187559,100.0,High,1순위
RISK-2445,Data Leakage,Cloud Service,C2 Communication,4.4,6,6,5,6,1,0.4,8,2520107,89.28,High,1순위
RISK-2446,Malware Infection,File Server,Phishing,3.02,4,5,8,7,2,0.11,6,1397711,55.97,Medium,2순위
RISK-2447,Service Disruption,File Server,Brute Force,2.59,6,9,1,8,9,0.4,2,1739768,100.0,High,1순위
RISK-2448,Credential Compromise,VPN Server,C2 Communication,1.95,2,2,1,8,10,0.18,1,1208470,56.89,Medium,2순위
RISK-2449,Malware Infection,Database Server,DDoS,0.58,4,10,9,9,10,0.26,3,1415279,88.59,High,1순위
RISK-2450,Insider Threat,Database Server,Vulnerability Exploitation,3.42,6,8,9,10,2,0.61,9,1758632,83.1,High,1순위
RISK-2451,External Attack,Cloud Service,DDoS,2.7,5,10,4,3,6,0.11,7,2765202,100.0,High,1순위
RISK-2452,Insider Threat,VPN Server,Phishing,9.66,3,9,2,10,7,0.47,2,1725216,100.0,High,1순위
RISK-2453,Data Leakage,Endpoint PC,Data Exfiltration,5.58,8,1,9,7,6,0.6,1,2289291,80.3,High,1순위
RISK-2454,Data Leakage,Web Server,DDoS,3.47,7,7,4,7,8,0.43,2,2609365,100.0,High,1순위
RISK-2455,Malware Infection,VPN Server,Brute Force,5.8,3,8,6,1,9,0.07,3,1495609,100.0,High,1순위
RISK-2456,Insider Threat,File Server,Vulnerability Exploitation,1.39,6,3,1,8,8,0.94,6,1953205,98.37,High,1순위
RISK-2457,External Attack,Database Server,Phishing,4.44,4,4,9,4,5,0.38,9,2477768,87.78,High,1순위
RISK-2458,Credential Compromise,Database Server,Data Exfiltration,6.26,5,3,5,5,8,0.75,8,2432378,100.0,High,1순위
RISK-2459,Data Leakage,Database Server,Vulnerability Exploitation,4.89,5,7,3,6,10,0.34,10,1654810,100.0,High,1순위
RISK-2460,External Attack,Endpoint PC,Data Exfiltration,4.02,7,9,4,3,10,0.48,9,2203083,100.0,High,1순위
RISK-2461,Service Disruption,File Server,Vulnerability Exploitation,9.94,5,3,1,5,9,0.4,8,2428298,100.0,High,1순위
RISK-2462,Malware Infection,Endpoint PC,C2 Communication,8.8,3,6,9,10,8,0.36,7,2357960,100.0,High,1순위
RISK-2463,External Attack,Web Server,C2 Communication,6.23,10,8,8,5,2,0.07,6,2465955,100.0,High,1순위
RISK-2464,Malware Infection,VPN Server,C2 Communication,5.69,5,6,4,1,2,0.37,8,2859698,100.0,High,1순위
RISK-2465,Service Disruption,VPN Server,Phishing,6.21,7,2,2,3,3,0.85,6,3217127,100.0,High,1순위
RISK-2466,External Attack,Database Server,C2 Communication,2.01,5,7,9,3,7,0.67,2,1980927,83.55,High,1순위
RISK-2467,External Attack,Database Server,Phishing,3.95,5,2,4,1,9,0.18,9,2416638,100.0,High,1순위
RISK-2468,Credential Compromise,Web Server,Brute Force,0.39,9,2,9,7,8,0.58,9,2419705,87.41,High,1순위
RISK-2469,Service Disruption,Endpoint PC,C2 Communication,4.76,3,2,10,1,9,0.85,3,1229569,96.64,High,1순위
RISK-2470,Insider Threat,Cloud Service,Phishing,5.43,6,1,3,7,6,0.68,9,2840542,100.0,High,1순위
RISK-2471,External Attack,Cloud Service,Vulnerability Exploitation,2.28,1,1,7,4,1,0.18,2,253402,0.0,Low,3순위
RISK-2472,Credential Compromise,Cloud Service,Phishing,9.64,10,7,7,9,4,0.83,3,2578692,100.0,High,1순위
RISK-2473,External Attack,File Server,DDoS,9.09,5,5,10,7,6,0.32,6,2300557,100.0,High,1순위
RISK-2474,Credential Compromise,Web Server,Phishing,7.22,8,3,4,5,6,0.46,4,2240355,100.0,High,1순위
RISK-2475,Data Leakage,VPN Server,DDoS,5.33,5,1,2,7,8,0.52,8,2473646,100.0,High,1순위
RISK-2476,Insider Threat,VPN Server,Vulnerability Exploitation,8.7,9,10,9,9,1,0.82,1,1922623,100.0,High,1순위
RISK-2477,External Attack,Endpoint PC,Phishing,1.31,6,6,4,10,2,0.89,6,1537104,84.34,High,1순위
RISK-2478,Service Disruption,Web Server,Vulnerability Exploitation,7.91,8,1,8,6,2,0.89,2,1965233,90.32,High,1순위
RISK-2479,Malware Infection,File Server,DDoS,1.25,10,9,2,1,6,0.06,6,3063803,100.0,High,1순위
RISK-2480,Service Disruption,Web Server,Data Exfiltration,7.94,8,2,8,6,7,0.88,1,2403994,100.0,High,1순위
RISK-2481,Insider Threat,Web Server,C2 Communication,2.76,3,1,10,1,2,0.1,2,755897,20.76,Low,3순위
RISK-2482,Data Leakage,Endpoint PC,DDoS,8.77,7,7,5,4,5,0.29,9,2151315,100.0,High,1순위
RISK-2483,Data Leakage,File Server,Brute Force,9.44,7,6,7,8,6,0.51,6,2633673,100.0,High,1순위
RISK-2484,Data Leakage,Cloud Service,Phishing,1.49,10,6,7,5,4,0.48,8,1866921,100.0,High,1순위
RISK-2485,Credential Compromise,VPN Server,Vulnerability Exploitation,4.63,6,5,9,5,1,0.59,7,2147074,76.38,High,1순위
RISK-2486,Service Disruption,Database Server,C2 Communication,9.81,7,4,3,10,3,0.48,9,2335597,100.0,High,1순위
RISK-2487,Malware Infection,Cloud Service,Phishing,4.83,2,4,10,8,10,0.89,9,2156562,100.0,High,1순위
RISK-2488,Malware Infection,File Server,C2 Communication,8.64,9,3,4,8,9,0.27,4,2226064,100.0,High,1순위
RISK-2489,Credential Compromise,VPN Server,Data Exfiltration,5.89,10,10,10,1,6,0.3,7,2380342,100.0,High,1순위
RISK-2490,External Attack,Cloud Service,Phishing,3.75,10,8,4,5,2,0.88,5,2439164,100.0,High,1순위
RISK-2491,Credential Compromise,Endpoint PC,Vulnerability Exploitation,2.86,1,7,10,5,9,0.12,7,1241705,76.01,High,1순위
RISK-2492,Malware Infection,File Server,Data Exfiltration,2.03,1,9,5,8,4,0.6,4,1443540,69.33,Medium,2순위
RISK-2493,Malware Infection,File Server,Phishing,7.62,3,1,6,1,8,0.66,10,2402178,100.0,High,1순위
RISK-2494,External Attack,VPN Server,C2 Communication,3.87,3,7,3,7,10,0.5,1,1797927,100.0,High,1순위
RISK-2495,Service Disruption,VPN Server,Data Exfiltration,5.11,1,10,4,7,7,0.67,4,1106729,100.0,High,1순위
RISK-2496,Service Disruption,Web Server,Vulnerability Exploitation,4.92,7,4,3,9,3,0.21,10,2571621,100.0,High,1순위
RISK-2497,Insider Threat,Web Server,Phishing,5.77,4,7,2,2,8,0.82,3,1853316,100.0,High,1순위
RISK-2498,Service Disruption,File Server,C2 Communication,8.66,10,1,10,3,4,0.18,9,3155585,100.0,High,1순위
RISK-2499,Data Leakage,Database Server,C2 Communication,9.81,2,5,9,4,2,0.41,5,1806507,100.0,High,1순위
RISK-2500,Data Leakage,Endpoint PC,DDoS,4.08,10,3,1,1,5,0.12,4,2426572,100.0,High,1순위
RISK-2501,Insider Threat,VPN Server,Data Exfiltration,8.28,5,5,2,7,1,0.54,8,1679138,100.0,High,1순위
RISK-2502,Malware Infection,Web Server,Phishing,7.65,6,4,8,10,8,0.65,5,1939270,100.0,High,1순위
RISK-2503,Insider Threat,Endpoint PC,DDoS,5.74,9,2,7,3,8,0.9,3,1871096,100.0,High,1순위
RISK-2504,External Attack,Cloud Service,C2 Communication,9.56,4,4,1,3,3,0.72,2,2019822,100.0,High,1순위
RISK-2505,Insider Threat,Cloud Service,Data Exfiltration,2.0,2,3,5,3,1,0.54,8,1664301,46.74,Medium,2순위
RISK-2506,Insider Threat,File Server,Brute Force,1.09,5,1,10,8,4,0.89,2,969813,19.0,Low,3순위
RISK-2507,Credential Compromise,VPN Server,C2 Communication,8.54,3,10,6,9,9,0.48,8,2500957,100.0,High,1순위
RISK-2508,Data Leakage,Cloud Service,Data Exfiltration,4.39,2,8,5,10,9,0.56,5,2356337,96.94,High,1순위
RISK-2509,External Attack,VPN Server,Brute Force,8.47,1,5,4,2,1,0.59,8,1718219,100.0,High,1순위
RISK-2510,Credential Compromise,Web Server,Data Exfiltration,8.93,10,4,1,10,7,0.42,5,2334508,100.0,High,1순위
RISK-2511,External Attack,Cloud Service,C2 Communication,0.62,2,10,7,10,6,0.8,1,1360079,65.6,Medium,2순위
RISK-2512,Insider Threat,Database Server,Brute Force,8.83,6,5,9,1,7,0.22,2,1871207,100.0,High,1순위
RISK-2513,Credential Compromise,Cloud Service,Data Exfiltration,4.48,8,4,6,9,7,0.55,6,2626891,100.0,High,1순위
RISK-2514,Credential Compromise,VPN Server,Phishing,5.1,3,3,3,6,8,0.7,3,1440093,97.96,High,1순위
RISK-2515,External Attack,Database Server,Brute Force,6.27,9,5,10,9,8,0.86,8,3208870,100.0,High,1순위
RISK-2516,External Attack,Endpoint PC,Data Exfiltration,9.26,9,4,4,6,10,0.85,5,2562361,100.0,High,1순위
RISK-2517,Service Disruption,Cloud Service,Phishing,0.19,2,1,10,2,2,0.51,3,365179,12.21,Low,3순위
RISK-2518,External Attack,VPN Server,Brute Force,4.77,8,3,5,1,4,0.63,10,3083281,100.0,High,1순위
RISK-2519,Credential Compromise,Cloud Service,Data Exfiltration,6.88,10,10,1,8,4,0.4,7,2263036,100.0,High,1순위
RISK-2520,Malware Infection,Cloud Service,C2 Communication,7.23,5,10,5,3,10,0.47,8,3144316,100.0,High,1순위
RISK-2521,External Attack,VPN Server,Brute Force,6.93,4,8,1,1,8,0.87,4,1768384,100.0,High,1순위
RISK-2522,Data Leakage,Database Server,Brute Force,1.34,10,7,9,8,3,0.89,9,2857536,100.0,High,1순위
RISK-2523,Service Disruption,Web Server,Phishing,2.99,5,2,7,1,3,0.86,6,1934369,83.91,High,1순위
RISK-2524,Data Leakage,Cloud Service,DDoS,3.59,4,1,3,8,2,0.17,1,1138626,40.73,Medium,2순위
RISK-2525,Data Leakage,File Server,DDoS,8.04,8,3,9,1,1,0.82,5,3063781,100.0,High,1순위
RISK-2526,Malware Infection,Endpoint PC,Data Exfiltration,2.79,4,5,2,9,8,0.9,5,2385242,100.0,High,1순위
RISK-2527,Service Disruption,VPN Server,C2 Communication,2.11,10,10,7,9,9,0.38,7,3160372,100.0,High,1순위
RISK-2528,Insider Threat,Cloud Service,Phishing,9.57,6,1,9,9,9,0.52,7,2083098,100.0,High,1순위
RISK-2529,Credential Compromise,Web Server,Brute Force,0.09,2,3,6,3,8,0.75,6,2085415,73.68,High,1순위
RISK-2530,Credential Compromise,VPN Server,DDoS,9.98,5,3,10,4,5,0.56,8,2657505,100.0,High,1순위
RISK-2531,External Attack,Cloud Service,Phishing,6.77,6,5,5,5,1,0.94,2,2491518,100.0,High,1순위
RISK-2532,Credential Compromise,Endpoint PC,Phishing,8.28,5,3,7,6,9,0.46,7,2529939,100.0,High,1순위
RISK-2533,Malware Infection,File Server,Phishing,2.95,2,9,6,9,6,0.69,10,1998478,98.36,High,1순위
RISK-2534,Credential Compromise,VPN Server,Brute Force,0.14,7,1,5,4,7,0.76,7,2068158,80.69,High,1순위
RISK-2535,Malware Infection,Cloud Service,Vulnerability Exploitation,7.38,4,4,2,6,8,0.49,4,1398865,100.0,High,1순위
RISK-2536,Insider Threat,Database Server,Phishing,8.34,8,10,8,1,5,0.82,10,2862207,100.0,High,1순위
RISK-2537,Malware Infection,Web Server,Vulnerability Exploitation,7.4,7,10,7,2,6,0.54,2,1880025,100.0,High,1순위
RISK-2538,Insider Threat,File Server,DDoS,1.43,7,4,6,8,7,0.42,4,1847345,72.59,High,1순위
RISK-2539,Insider Threat,VPN Server,C2 Communication,7.53,9,1,5,4,7,0.15,4,3162055,100.0,High,1순위
RISK-2540,Insider Threat,Cloud Service,DDoS,7.69,1,2,5,10,2,0.4,6,1677117,57.37,Medium,2순위
RISK-2541,Malware Infection,File Server,C2 Communication,6.59,10,1,9,7,1,0.71,7,2777344,90.07,High,1순위
RISK-2542,Insider Threat,Database Server,C2 Communication,7.66,6,6,1,4,8,0.88,3,2627186,100.0,High,1순위
RISK-2543,Malware Infection,VPN Server,DDoS,8.46,6,3,9,9,5,0.28,10,2592573,100.0,High,1순위
RISK-2544,Service Disruption,File Server,Data Exfiltration,6.14,6,7,6,9,10,0.37,1,2356458,100.0,High,1순위
RISK-2545,Insider Threat,VPN Server,Brute Force,0.89,6,5,4,4,2,0.19,3,1280739,68.56,Medium,2순위
RISK-2546,Malware Infection,VPN Server,Vulnerability Exploitation,4.88,10,9,10,8,3,0.67,9,2839308,100.0,High,1순위
RISK-2547,Malware Infection,File Server,Data Exfiltration,0.78,7,7,7,6,6,0.91,1,2510861,89.35,High,1순위
RISK-2548,Malware Infection,VPN Server,Vulnerability Exploitation,4.08,10,4,9,1,10,0.63,8,2853104,100.0,High,1순위
RISK-2549,External Attack,Database Server,Brute Force,4.07,6,5,5,7,6,0.61,2,2655275,98.34,High,1순위
RISK-2550,External Attack,File Server,Phishing,0.66,1,5,5,1,8,0.55,6,1697110,85.78,High,1순위
RISK-2551,Insider Threat,Cloud Service,DDoS,3.49,3,5,8,3,5,0.13,3,1313551,60.6,Medium,2순위
RISK-2552,Credential Compromise,File Server,Data Exfiltration,1.11,2,10,7,8,5,0.71,7,2028902,75.96,High,1순위
RISK-2553,Service Disruption,Database Server,Brute Force,8.08,6,9,8,9,7,0.59,2,2041106,100.0,High,1순위
RISK-2554,Credential Compromise,Database Server,DDoS,9.48,8,10,10,3,10,0.65,4,2646161,100.0,High,1순위
RISK-2555,Insider Threat,Database Server,Data Exfiltration,0.72,3,3,2,1,5,0.86,10,2091343,97.64,High,1순위
RISK-2556,Data Leakage,Cloud Service,C2 Communication,9.55,10,6,9,1,9,0.76,9,2716937,100.0,High,1순위
RISK-2557,Data Leakage,Cloud Service,Data Exfiltration,5.23,8,8,3,7,6,0.75,6,2470154,100.0,High,1순위
RISK-2558,Service Disruption,VPN Server,Phishing,3.0,8,9,6,5,7,0.88,4,2230100,100.0,High,1순위
RISK-2559,Service Disruption,VPN Server,Phishing,0.77,5,7,6,1,8,0.94,2,2161727,100.0,High,1순위
RISK-2560,Service Disruption,Endpoint PC,Vulnerability Exploitation,5.01,8,3,2,6,5,0.57,10,2889543,100.0,High,1순위
RISK-2561,External Attack,VPN Server,Data Exfiltration,7.95,6,1,7,6,4,0.15,9,2595206,100.0,High,1순위
RISK-2562,External Attack,Database Server,C2 Communication,7.07,5,4,9,4,8,0.46,4,2349242,100.0,High,1순위
RISK-2563,Data Leakage,Endpoint PC,Phishing,0.5,9,6,10,7,10,0.76,9,2034490,100.0,High,1순위
RISK-2564,Service Disruption,Database Server,Vulnerability Exploitation,0.73,7,3,1,7,9,0.07,2,1540705,92.59,High,1순위
RISK-2565,Malware Infection,Web Server,C2 Communication,4.03,8,1,8,9,1,0.1,7,1559772,48.44,Medium,2순위
RISK-2566,Credential Compromise,Cloud Service,C2 Communication,2.95,1,6,2,1,3,0.11,5,1871375,75.67,High,1순위
RISK-2567,Data Leakage,File Server,C2 Communication,2.32,2,1,1,5,4,0.71,8,2085943,81.93,High,1순위
RISK-2568,Service Disruption,Web Server,Brute Force,2.81,8,9,8,10,7,0.5,8,3337020,100.0,High,1순위
RISK-2569,Malware Infection,Cloud Service,Phishing,8.03,9,1,2,3,6,0.38,4,2658228,100.0,High,1순위
RISK-2570,Service Disruption,Cloud Service,Brute Force,9.29,4,6,6,7,10,0.15,4,2147717,100.0,High,1순위
RISK-2571,Insider Threat,Database Server,Brute Force,4.05,10,1,6,4,10,0.71,8,3487532,100.0,High,1순위
RISK-2572,Malware Infection,VPN Server,Phishing,9.06,10,7,5,4,1,0.34,3,1906512,100.0,High,1순위
RISK-2573,Credential Compromise,File Server,Data Exfiltration,3.21,9,3,8,1,4,0.29,7,2750483,100.0,High,1순위
RISK-2574,Insider Threat,VPN Server,DDoS,4.76,4,6,3,1,6,0.64,8,2277573,100.0,High,1순위
RISK-2575,External Attack,VPN Server,Vulnerability Exploitation,2.26,10,7,10,10,3,0.55,8,2220978,92.01,High,1순위
RISK-2576,Data Leakage,File Server,DDoS,6.4,10,1,4,2,2,0.38,10,3126896,100.0,High,1순위
RISK-2577,Service Disruption,File Server,DDoS,9.79,10,1,7,2,2,0.63,4,2277602,100.0,High,1순위
RISK-2578,Data Leakage,Web Server,DDoS,6.03,9,5,7,1,10,0.29,9,2128297,100.0,High,1순위
RISK-2579,Credential Compromise,Database Server,DDoS,3.58,7,6,8,8,4,0.77,10,2153919,100.0,High,1순위
RISK-2580,Service Disruption,VPN Server,Phishing,6.48,2,9,2,6,1,0.26,4,2139462,90.77,High,1순위
RISK-2581,Insider Threat,Database Server,DDoS,1.23,9,1,2,6,10,0.19,8,1915198,100.0,High,1순위
RISK-2582,Malware Infection,Database Server,Vulnerability Exploitation,8.89,4,4,4,10,2,0.75,6,1966149,100.0,High,1순위
RISK-2583,Malware Infection,Endpoint PC,Data Exfiltration,5.03,8,10,10,10,10,0.69,5,1736144,100.0,High,1순위
RISK-2584,Service Disruption,Web Server,Phishing,4.49,7,8,9,9,2,0.21,4,1883072,81.76,High,1순위
RISK-2585,Insider Threat,VPN Server,DDoS,5.86,7,10,10,5,4,0.15,5,2528994,100.0,High,1순위
RISK-2586,Service Disruption,Cloud Service,C2 Communication,6.25,8,9,9,4,4,0.8,1,2786855,100.0,High,1순위
RISK-2587,Service Disruption,File Server,Phishing,0.72,1,3,4,6,1,0.75,7,1151076,40.23,Medium,2순위
RISK-2588,Service Disruption,File Server,Data Exfiltration,6.83,5,2,9,8,7,0.34,8,2329892,93.96,High,1순위
RISK-2589,Malware Infection,Database Server,DDoS,2.42,2,4,3,1,7,0.64,9,1785872,100.0,High,1순위
RISK-2590,Credential Compromise,Web Server,Brute Force,7.14,2,2,5,7,10,0.16,3,1426959,94.47,High,1순위
RISK-2591,Service Disruption,Web Server,Phishing,8.23,1,1,10,8,10,0.51,9,2483057,100.0,High,1순위
RISK-2592,Malware Infection,VPN Server,C2 Communication,8.04,5,3,9,9,10,0.07,10,2902167,100.0,High,1순위
RISK-2593,External Attack,VPN Server,Phishing,5.53,2,7,6,8,1,0.4,5,1114960,64.51,Medium,2순위
RISK-2594,Insider Threat,Database Server,Brute Force,5.2,4,1,3,7,8,0.12,10,1807519,100.0,High,1순위
RISK-2595,External Attack,Database Server,Phishing,1.43,3,2,10,3,10,0.48,6,1717794,71.73,High,1순위
RISK-2596,Service Disruption,Database Server,C2 Communication,7.75,3,1,9,2,7,0.43,1,1249508,90.54,High,1순위
RISK-2597,Malware Infection,Endpoint PC,Data Exfiltration,2.71,2,8,6,3,7,0.45,9,2520252,100.0,High,1순위
RISK-2598,Insider Threat,Web Server,C2 Communication,4.97,6,5,4,4,6,0.09,9,2835032,100.0,High,1순위
RISK-2599,Data Leakage,Database Server,Data Exfiltration,2.84,2,8,4,4,4,0.38,6,1922634,89.92,High,1순위
RISK-2600,Insider Threat,Web Server,C2 Communication,1.34,8,3,8,6,8,0.73,8,2536168,100.0,High,1순위
RISK-2601,Insider Threat,Cloud Service,Vulnerability Exploitation,6.3,8,7,7,7,2,0.38,4,1804748,100.0,High,1순위
RISK-2602,Service Disruption,File Server,Phishing,0.54,5,8,1,4,7,0.69,5,2148011,100.0,High,1순위
RISK-2603,External Attack,File Server,Phishing,7.49,10,6,6,10,3,0.38,5,2912675,100.0,High,1순위
RISK-2604,External Attack,Web Server,Brute Force,3.18,7,7,8,6,3,0.43,7,2263346,95.77,High,1순위
RISK-2605,Data Leakage,Cloud Service,Vulnerability Exploitation,0.0,4,2,3,9,7,0.56,7,1672164,62.04,Medium,2순위
RISK-2606,Service Disruption,File Server,Brute Force,5.11,1,8,9,6,3,0.91,7,1993979,82.92,High,1순위
RISK-2607,Insider Threat,File Server,Phishing,0.47,2,5,10,3,5,0.15,5,929049,33.88,Low,3순위
RISK-2608,Credential Compromise,File Server,Brute Force,2.76,10,7,2,1,8,0.08,4,2540626,100.0,High,1순위
RISK-2609,External Attack,VPN Server,Data Exfiltration,7.07,10,1,6,10,4,0.6,8,2867968,100.0,High,1순위
RISK-2610,External Attack,Cloud Service,Vulnerability Exploitation,0.63,4,5,1,10,7,0.9,1,1608645,80.69,High,1순위
RISK-2611,Malware Infection,VPN Server,C2 Communication,8.39,1,1,2,5,7,0.94,1,988803,100.0,High,1순위
RISK-2612,Insider Threat,Web Server,Data Exfiltration,0.04,8,8,5,10,2,0.49,6,2314850,69.87,Medium,2순위
RISK-2613,Service Disruption,Web Server,DDoS,2.47,9,4,1,10,8,0.47,2,1707676,100.0,High,1순위
RISK-2614,External Attack,Endpoint PC,C2 Communication,7.41,4,4,8,3,10,0.63,3,1276880,100.0,High,1순위
RISK-2615,Service Disruption,VPN Server,Brute Force,3.16,10,2,1,8,10,0.55,4,2870459,100.0,High,1순위
RISK-2616,Insider Threat,Web Server,Phishing,1.02,3,5,9,10,9,0.62,2,1092520,53.29,Medium,2순위
RISK-2617,Insider Threat,VPN Server,Data Exfiltration,3.6,2,1,10,1,6,0.84,10,2205813,84.81,High,1순위
RISK-2618,External Attack,Endpoint PC,Vulnerability Exploitation,2.7,5,9,3,2,5,0.72,7,2163851,100.0,High,1순위
RISK-2619,Data Leakage,Web Server,C2 Communication,8.43,3,5,2,3,1,0.5,10,2286686,100.0,High,1순위
RISK-2620,Service Disruption,Web Server,DDoS,3.13,10,6,1,3,1,0.47,1,2875740,100.0,High,1순위
RISK-2621,Service Disruption,Web Server,Data Exfiltration,7.89,7,2,9,8,9,0.63,3,1878054,100.0,High,1순위
RISK-2622,Malware Infection,Web Server,Phishing,8.92,6,10,4,5,4,0.46,2,1364326,100.0,High,1순위
RISK-2623,Insider Threat,Database Server,Vulnerability Exploitation,4.34,1,10,1,8,1,0.46,9,1657694,100.0,High,1순위
RISK-2624,Insider Threat,Cloud Service,Vulnerability Exploitation,9.1,8,1,1,6,10,0.06,8,2286067,100.0,High,1순위
RISK-2625,External Attack,Cloud Service,C2 Communication,3.77,2,4,7,2,3,0.21,3,1085023,52.56,Medium,2순위
RISK-2626,External Attack,VPN Server,Data Exfiltration,9.64,5,7,2,4,6,0.49,5,2970790,100.0,High,1순위
RISK-2627,External Attack,VPN Server,Data Exfiltration,0.89,9,6,7,9,8,0.79,3,3011357,98.68,High,1순위
RISK-2628,Malware Infection,VPN Server,Vulnerability Exploitation,6.87,8,10,7,4,10,0.3,6,3223454,100.0,High,1순위
RISK-2629,Data Leakage,Endpoint PC,Brute Force,4.94,2,1,10,5,2,0.52,5,1461416,41.96,Medium,2순위
RISK-2630,External Attack,Database Server,Vulnerability Exploitation,3.88,9,1,9,5,8,0.36,2,1991555,93.94,High,1순위
RISK-2631,External Attack,VPN Server,Phishing,6.33,5,8,7,10,1,0.14,10,2007252,96.91,High,1순위
RISK-2632,Credential Compromise,VPN Server,Data Exfiltration,7.04,10,4,1,8,2,0.91,8,2797878,100.0,High,1순위
RISK-2633,External Attack,Web Server,C2 Communication,0.04,6,5,8,6,8,0.82,6,2363733,95.39,High,1순위
RISK-2634,Malware Infection,Web Server,Data Exfiltration,1.67,3,7,8,10,7,0.12,3,1040218,54.16,Medium,2순위
RISK-2635,Service Disruption,Web Server,Vulnerability Exploitation,7.13,3,8,4,7,5,0.7,1,1668764,100.0,High,1순위
RISK-2636,Data Leakage,VPN Server,Phishing,6.66,10,10,8,6,10,0.36,5,2196591,100.0,High,1순위
RISK-2637,Service Disruption,Web Server,Brute Force,9.66,8,7,4,5,2,0.95,2,2249213,100.0,High,1순위
RISK-2638,Credential Compromise,VPN Server,Data Exfiltration,7.61,10,2,8,5,9,0.32,2,2101039,100.0,High,1순위
RISK-2639,Insider Threat,Endpoint PC,Vulnerability Exploitation,9.51,10,4,5,3,5,0.26,9,3123507,100.0,High,1순위
RISK-2640,Insider Threat,Endpoint PC,DDoS,7.03,2,10,4,7,8,0.56,10,2314294,100.0,High,1순위
RISK-2641,External Attack,File Server,Vulnerability Exploitation,2.98,2,1,6,10,4,0.8,7,1265978,48.64,Medium,2순위
RISK-2642,Credential Compromise,Database Server,Vulnerability Exploitation,1.05,5,10,2,5,9,0.22,6,3012101,100.0,High,1순위
RISK-2643,Service Disruption,Web Server,Phishing,7.82,6,9,2,7,10,0.69,1,1611526,100.0,High,1순위
RISK-2644,Malware Infection,Cloud Service,Vulnerability Exploitation,6.44,2,3,2,2,7,0.11,10,2725313,100.0,High,1순위
RISK-2645,Data Leakage,Web Server,Vulnerability Exploitation,0.48,5,3,9,9,2,0.88,2,1070839,22.86,Low,3순위
RISK-2646,Service Disruption,Database Server,Vulnerability Exploitation,3.6,7,10,10,8,3,0.12,7,2289564,93.57,High,1순위
RISK-2647,Credential Compromise,Database Server,Data Exfiltration,9.57,10,9,3,5,2,0.87,3,1921736,100.0,High,1순위
RISK-2648,Credential Compromise,File Server,Vulnerability Exploitation,5.0,10,10,10,2,5,0.49,2,2489560,100.0,High,1순위
RISK-2649,Service Disruption,Database Server,Phishing,4.33,8,3,4,6,2,0.45,6,3055064,93.62,High,1순위
RISK-2650,Data Leakage,VPN Server,DDoS,4.58,7,8,10,8,5,0.93,8,2079065,100.0,High,1순위
RISK-2651,Service Disruption,Web Server,Data Exfiltration,2.09,8,2,8,7,9,0.94,8,1984559,100.0,High,1순위
RISK-2652,Service Disruption,Database Server,DDoS,3.69,9,3,4,8,2,0.64,2,2191200,83.03,High,1순위
RISK-2653,Data Leakage,VPN Server,Vulnerability Exploitation,3.7,5,2,10,4,9,0.16,6,1371650,81.21,High,1순위
RISK-2654,Malware Infection,Database Server,Brute Force,0.52,5,1,10,3,7,0.51,5,1412478,60.96,Medium,2순위
RISK-2655,Credential Compromise,Cloud Service,DDoS,7.68,10,2,7,7,7,0.53,7,3063875,100.0,High,1순위
RISK-2656,Data Leakage,VPN Server,Phishing,4.17,4,8,5,2,5,0.51,4,1478283,100.0,High,1순위
RISK-2657,External Attack,Endpoint PC,Brute Force,8.22,9,9,9,5,8,0.56,2,2728903,100.0,High,1순위
RISK-2658,External Attack,VPN Server,Phishing,8.5,5,2,4,7,7,0.07,10,3012376,100.0,High,1순위
RISK-2659,External Attack,File Server,Brute Force,2.12,2,7,3,1,6,0.69,3,2048880,100.0,High,1순위
RISK-2660,External Attack,VPN Server,Vulnerability Exploitation,6.57,10,5,2,4,2,0.69,9,2792817,100.0,High,1순위
RISK-2661,Insider Threat,Database Server,Brute Force,4.72,8,3,1,2,6,0.15,10,2667079,100.0,High,1순위
RISK-2662,Malware Infection,Endpoint PC,DDoS,8.8,7,9,6,6,2,0.56,8,2087128,100.0,High,1순위
RISK-2663,Insider Threat,Endpoint PC,Brute Force,2.16,8,6,10,1,1,0.56,9,2430614,100.0,High,1순위
RISK-2664,Service Disruption,VPN Server,Phishing,6.78,3,1,2,7,9,0.66,5,1870489,100.0,High,1순위
RISK-2665,Service Disruption,Database Server,Vulnerability Exploitation,6.08,4,5,8,3,5,0.13,5,2569433,95.3,High,1순위
RISK-2666,Data Leakage,Endpoint PC,Phishing,2.95,5,7,6,1,10,0.61,7,2237707,100.0,High,1순위
RISK-2667,External Attack,Cloud Service,Vulnerability Exploitation,1.37,6,4,5,8,10,0.3,7,2051782,100.0,High,1순위
RISK-2668,Data Leakage,VPN Server,DDoS,6.52,1,8,2,7,4,0.51,1,1409923,94.15,High,1순위
RISK-2669,Service Disruption,VPN Server,C2 Communication,7.39,4,10,7,2,8,0.75,5,1600459,100.0,High,1순위
RISK-2670,External Attack,VPN Server,Data Exfiltration,3.16,10,5,2,7,5,0.69,8,3583280,100.0,High,1순위
RISK-2671,Credential Compromise,Endpoint PC,DDoS,6.45,5,9,5,3,7,0.16,7,2801486,100.0,High,1순위
RISK-2672,Malware Infection,Web Server,DDoS,3.95,7,9,2,9,3,0.58,2,2029048,100.0,High,1순위
RISK-2673,Service Disruption,Database Server,Data Exfiltration,7.13,5,9,10,8,8,0.92,8,2269577,100.0,High,1순위
RISK-2674,Credential Compromise,File Server,Phishing,1.99,1,1,2,5,8,0.19,2,906450,46.76,Medium,2순위
RISK-2675,Data Leakage,File Server,DDoS,8.9,7,2,7,7,3,0.82,10,2721020,100.0,High,1순위
RISK-2676,Credential Compromise,Database Server,Vulnerability Exploitation,2.87,8,3,9,3,9,0.68,1,1486763,94.3,High,1순위
RISK-2677,Data Leakage,Web Server,Brute Force,3.68,7,4,5,1,8,0.75,3,2584075,100.0,High,1순위
RISK-2678,Service Disruption,Database Server,DDoS,0.58,4,10,7,1,1,0.3,3,1217730,65.42,Medium,2순위
RISK-2679,Insider Threat,VPN Server,Data Exfiltration,1.12,8,9,4,2,8,0.31,6,2426205,100.0,High,1순위
RISK-2680,Malware Infection,Cloud Service,DDoS,5.16,5,10,2,8,4,0.87,3,1925992,100.0,High,1순위
RISK-2681,Credential Compromise,Database Server,Phishing,2.68,10,6,3,1,6,0.37,7,3115983,100.0,High,1순위
RISK-2682,Credential Compromise,Database Server,Phishing,8.35,9,1,2,5,10,0.11,8,3018577,100.0,High,1순위
RISK-2683,Service Disruption,Cloud Service,Phishing,0.15,10,9,5,9,9,0.59,3,2322541,100.0,High,1순위
RISK-2684,Service Disruption,Endpoint PC,Vulnerability Exploitation,3.79,5,6,6,9,5,0.16,9,2375853,92.3,High,1순위
RISK-2685,Data Leakage,File Server,DDoS,3.37,1,4,7,2,7,0.77,1,1076870,68.33,Medium,2순위
RISK-2686,External Attack,File Server,Phishing,0.19,9,4,3,7,1,0.63,3,1915188,74.25,High,1순위
RISK-2687,External Attack,VPN Server,C2 Communication,1.24,5,3,4,1,9,0.84,3,1486424,100.0,High,1순위
RISK-2688,External Attack,Cloud Service,Brute Force,4.14,6,7,8,3,6,0.76,7,2119488,100.0,High,1순위
RISK-2689,Data Leakage,VPN Server,Phishing,4.93,4,3,4,6,4,0.15,5,1204341,74.3,High,1순위
RISK-2690,External Attack,Endpoint PC,Vulnerability Exploitation,4.04,6,2,7,9,6,0.39,4,1616767,62.11,Medium,2순위
RISK-2691,Service Disruption,VPN Server,Brute Force,5.31,8,10,6,10,5,0.75,2,2066820,100.0,High,1순위
RISK-2692,Insider Threat,Cloud Service,Brute Force,5.95,3,8,7,2,3,0.43,7,1378495,100.0,High,1순위
RISK-2693,Insider Threat,Cloud Service,Data Exfiltration,0.1,5,4,1,7,7,0.93,3,1958198,82.81,High,1순위
RISK-2694,Insider Threat,Web Server,Phishing,4.64,2,8,3,4,3,0.71,7,2155035,100.0,High,1순위
RISK-2695,External Attack,Endpoint PC,Phishing,9.63,2,1,6,2,2,0.06,10,2104319,99.5,High,1순위
RISK-2696,Insider Threat,Cloud Service,DDoS,5.19,7,5,3,3,4,0.84,7,2008688,100.0,High,1순위
RISK-2697,Credential Compromise,Cloud Service,Vulnerability Exploitation,6.78,10,9,7,6,7,0.14,2,1955435,100.0,High,1순위
RISK-2698,External Attack,Endpoint PC,C2 Communication,3.12,10,1,9,10,5,0.18,7,2825160,79.62,High,1순위
RISK-2699,Credential Compromise,Database Server,DDoS,7.74,10,4,3,9,9,0.71,6,2828109,100.0,High,1순위
RISK-2700,Service Disruption,Database Server,C2 Communication,7.73,6,6,1,8,10,0.83,10,2023806,100.0,High,1순위
RISK-2701,Credential Compromise,Web Server,Data Exfiltration,5.21,4,10,10,10,7,0.53,4,2113739,99.98,High,1순위
RISK-2702,Service Disruption,Cloud Service,C2 Communication,9.76,5,8,6,9,9,0.31,5,2491122,100.0,High,1순위
RISK-2703,Data Leakage,Endpoint PC,Vulnerability Exploitation,1.26,1,3,1,4,9,0.37,8,2185736,86.73,High,1순위
RISK-2704,Data Leakage,Endpoint PC,Data Exfiltration,0.17,7,5,1,4,2,0.36,5,1911956,81.36,High,1순위
RISK-2705,Credential Compromise,Database Server,Phishing,7.7,8,7,8,9,1,0.34,3,2487711,97.57,High,1순위
RISK-2706,Malware Infection,File Server,C2 Communication,8.07,9,1,9,8,4,0.27,2,2458095,84.93,High,1순위
RISK-2707,Service Disruption,File Server,Vulnerability Exploitation,1.2,8,7,2,2,4,0.6,6,2620394,100.0,High,1순위
RISK-2708,External Attack,Cloud Service,Vulnerability Exploitation,2.66,5,8,9,8,2,0.86,6,2285296,67.73,Medium,2순위
RISK-2709,Malware Infection,Database Server,Phishing,0.18,3,8,5,1,3,0.33,7,1867056,78.42,High,1순위
RISK-2710,Service Disruption,Cloud Service,Vulnerability Exploitation,2.93,10,9,8,9,3,0.22,8,2864553,100.0,High,1순위
RISK-2711,External Attack,VPN Server,Data Exfiltration,7.73,9,6,7,9,5,0.8,4,3065172,100.0,High,1순위
RISK-2712,Service Disruption,Endpoint PC,Data Exfiltration,5.18,6,6,7,8,1,0.72,8,2367268,93.62,High,1순위
RISK-2713,Service Disruption,Cloud Service,DDoS,3.48,5,2,4,5,9,0.89,1,2036709,96.05,High,1순위
RISK-2714,External Attack,Web Server,Brute Force,3.72,3,3,2,5,8,0.2,6,2054403,96.48,High,1순위
RISK-2715,Service Disruption,File Server,Phishing,0.01,6,4,5,3,8,0.18,6,2279488,83.9,High,1순위
RISK-2716,Service Disruption,Cloud Service,Vulnerability Exploitation,3.0,3,4,3,5,3,0.54,3,1816556,74.42,High,1순위
RISK-2717,Service Disruption,VPN Server,C2 Communication,6.46,10,8,9,4,2,0.6,9,2535604,100.0,High,1순위
RISK-2718,Data Leakage,Endpoint PC,DDoS,9.74,6,1,6,1,1,0.48,5,2251655,100.0,High,1순위
RISK-2719,Insider Threat,VPN Server,Data Exfiltration,8.47,4,10,1,9,6,0.59,1,2177820,100.0,High,1순위
RISK-2720,Service Disruption,Cloud Service,Phishing,0.24,2,4,3,10,10,0.21,7,1625778,63.68,Medium,2순위
RISK-2721,External Attack,Endpoint PC,Phishing,8.99,8,4,4,4,1,0.48,10,2647969,100.0,High,1순위
RISK-2722,Credential Compromise,Endpoint PC,Data Exfiltration,7.83,4,1,9,3,5,0.64,3,1145363,87.6,High,1순위
RISK-2723,Service Disruption,Database Server,Brute Force,7.8,9,3,6,6,9,0.44,10,2167548,100.0,High,1순위
RISK-2724,Data Leakage,Database Server,Phishing,4.58,7,5,4,1,9,0.66,10,3464242,100.0,High,1순위
RISK-2725,Data Leakage,Web Server,Vulnerability Exploitation,3.98,2,6,1,5,4,0.46,4,2279323,87.96,High,1순위
RISK-2726,Credential Compromise,Web Server,C2 Communication,3.03,4,9,8,7,7,0.35,6,1721123,100.0,High,1순위
RISK-2727,Service Disruption,VPN Server,C2 Communication,0.66,5,9,2,2,7,0.32,8,2777150,100.0,High,1순위
RISK-2728,Malware Infection,Database Server,Data Exfiltration,2.28,3,9,8,10,4,0.42,4,1441997,55.49,Medium,2순위
RISK-2729,Credential Compromise,Endpoint PC,Phishing,2.47,9,1,6,9,5,0.07,9,2347293,79.16,High,1순위
RISK-2730,Insider Threat,Database Server,C2 Communication,4.84,5,9,8,6,9,0.65,8,2716226,100.0,High,1순위
RISK-2731,External Attack,Endpoint PC,Phishing,7.47,2,8,6,2,7,0.81,10,1777947,100.0,High,1순위
RISK-2732,External Attack,Database Server,Data Exfiltration,4.74,3,2,5,8,7,0.37,10,2752363,94.06,High,1순위
RISK-2733,External Attack,Endpoint PC,Brute Force,0.58,9,1,5,8,10,0.09,6,2581442,87.89,High,1순위
RISK-2734,External Attack,VPN Server,C2 Communication,9.58,7,1,10,1,7,0.94,7,2544352,100.0,High,1순위
RISK-2735,Data Leakage,Database Server,Vulnerability Exploitation,9.43,2,6,10,1,9,0.29,8,2243334,100.0,High,1순위
RISK-2736,Insider Threat,File Server,DDoS,7.85,9,9,8,1,5,0.16,2,2109909,100.0,High,1순위
RISK-2737,Service Disruption,File Server,Data Exfiltration,9.91,4,7,7,4,6,0.38,5,2741083,100.0,High,1순위
RISK-2738,Service Disruption,Endpoint PC,DDoS,5.44,9,5,8,4,3,0.71,7,2869049,100.0,High,1순위
RISK-2739,Malware Infection,VPN Server,Brute Force,9.63,2,2,8,8,1,0.31,8,1821138,68.64,Medium,2순위
RISK-2740,Service Disruption,Endpoint PC,Vulnerability Exploitation,0.76,10,1,7,1,2,0.57,5,2892689,79.75,High,1순위
RISK-2741,Insider Threat,VPN Server,DDoS,3.66,4,2,2,10,8,0.42,3,2024050,78.51,High,1순위
RISK-2742,Service Disruption,Web Server,Vulnerability Exploitation,2.25,5,1,9,3,1,0.16,6,1789705,38.41,Low,3순위
RISK-2743,Data Leakage,Database Server,C2 Communication,1.96,2,3,7,1,10,0.35,5,1731632,91.57,High,1순위
RISK-2744,Credential Compromise,VPN Server,Phishing,1.41,10,6,6,9,7,0.7,8,3033357,100.0,High,1순위
RISK-2745,Service Disruption,Endpoint PC,Data Exfiltration,6.22,1,8,9,10,5,0.6,9,1955927,92.58,High,1순위
RISK-2746,External Attack,Web Server,Vulnerability Exploitation,7.81,7,3,1,9,6,0.16,9,2742581,100.0,High,1순위
RISK-2747,External Attack,Endpoint PC,C2 Communication,5.78,10,10,2,7,8,0.2,6,2539777,100.0,High,1순위
RISK-2748,Credential Compromise,File Server,Brute Force,1.47,1,9,1,8,4,0.63,4,1342012,73.13,High,1순위
RISK-2749,External Attack,File Server,Vulnerability Exploitation,8.11,8,10,10,1,6,0.78,4,1747750,100.0,High,1순위
RISK-2750,External Attack,Database Server,Brute Force,6.36,3,5,3,5,3,0.36,9,2813959,100.0,High,1순위
RISK-2751,Data Leakage,Cloud Service,Data Exfiltration,3.88,10,7,5,2,7,0.59,4,3002961,100.0,High,1순위
RISK-2752,Data Leakage,Database Server,C2 Communication,6.74,6,8,1,1,2,0.2,8,2871477,100.0,High,1순위
RISK-2753,Data Leakage,Web Server,Brute Force,2.6,7,3,4,3,8,0.33,9,2524664,100.0,High,1순위
RISK-2754,Service Disruption,File Server,Phishing,3.45,10,2,8,7,7,0.07,5,2138428,95.75,High,1순위
RISK-2755,Credential Compromise,VPN Server,DDoS,9.17,1,2,6,1,8,0.74,6,2160880,100.0,High,1순위
RISK-2756,External Attack,File Server,Brute Force,2.91,6,5,1,2,2,0.41,3,1773917,100.0,High,1순위
RISK-2757,Malware Infection,Cloud Service,Brute Force,4.7,7,1,1,2,3,0.78,5,2574298,100.0,High,1순위
RISK-2758,Credential Compromise,Database Server,C2 Communication,8.9,6,2,3,4,4,0.69,5,2524057,100.0,High,1순위
RISK-2759,Malware Infection,Endpoint PC,C2 Communication,7.08,4,9,10,3,9,0.8,2,1940476,100.0,High,1순위
RISK-2760,External Attack,Web Server,Vulnerability Exploitation,0.62,1,7,8,3,5,0.31,10,1567787,65.32,Medium,2순위
RISK-2761,Insider Threat,Cloud Service,DDoS,1.47,9,6,8,10,6,0.22,6,2131782,79.99,High,1순위
RISK-2762,Credential Compromise,File Server,Brute Force,0.08,4,9,3,5,1,0.92,9,1798868,89.6,High,1순위
RISK-2763,Service Disruption,VPN Server,Brute Force,6.31,7,7,7,3,4,0.7,7,2543125,100.0,High,1순위
RISK-2764,Malware Infection,Cloud Service,C2 Communication,4.48,7,5,3,7,4,0.8,8,3188325,100.0,High,1순위
RISK-2765,Credential Compromise,VPN Server,Phishing,1.34,2,9,4,5,10,0.06,2,1549360,86.93,High,1순위
RISK-2766,Credential Compromise,VPN Server,C2 Communication,9.58,1,6,9,4,8,0.37,9,1700740,100.0,High,1순위
RISK-2767,Data Leakage,Web Server,Phishing,5.3,8,6,4,3,8,0.72,3,1787172,100.0,High,1순위
RISK-2768,Insider Threat,VPN Server,DDoS,2.42,8,4,3,4,10,0.12,10,2572127,100.0,High,1순위
RISK-2769,Data Leakage,VPN Server,C2 Communication,5.01,7,1,5,2,6,0.56,5,2144411,100.0,High,1순위
RISK-2770,Insider Threat,File Server,DDoS,6.8,8,5,7,1,8,0.44,7,2337612,100.0,High,1순위
RISK-2771,Insider Threat,Web Server,Data Exfiltration,0.76,3,9,5,3,9,0.07,4,1849470,88.69,High,1순위
RISK-2772,Service Disruption,Endpoint PC,Brute Force,2.75,2,8,4,2,5,0.26,7,1839409,100.0,High,1순위
RISK-2773,Credential Compromise,Endpoint PC,DDoS,8.07,7,8,8,1,1,0.31,8,2524543,100.0,High,1순위
RISK-2774,Data Leakage,VPN Server,Phishing,4.6,8,5,4,1,1,0.15,10,2491233,100.0,High,1순위
RISK-2775,Data Leakage,Cloud Service,Data Exfiltration,5.47,1,9,2,2,2,0.62,10,2919293,100.0,High,1순위
RISK-2776,Malware Infection,Database Server,Phishing,4.33,10,3,10,9,2,0.27,4,1603714,68.46,Medium,2순위
RISK-2777,Credential Compromise,Web Server,Vulnerability Exploitation,0.44,9,3,6,5,5,0.3,5,2166100,79.54,High,1순위
RISK-2778,External Attack,Database Server,Vulnerability Exploitation,1.66,4,1,2,9,7,0.86,3,1785818,64.77,Medium,2순위
RISK-2779,External Attack,Web Server,Brute Force,4.46,4,9,3,8,7,0.47,5,1794921,100.0,High,1순위
RISK-2780,Malware Infection,Web Server,Data Exfiltration,2.09,3,6,1,6,4,0.4,8,2486754,91.15,High,1순위
RISK-2781,Insider Threat,File Server,Data Exfiltration,0.5,6,2,5,1,4,0.7,3,1615073,71.64,High,1순위
RISK-2782,Malware Infection,VPN Server,Vulnerability Exploitation,8.44,1,8,9,10,10,0.87,5,1326788,100.0,High,1순위
RISK-2783,Malware Infection,File Server,Brute Force,9.81,6,9,2,5,3,0.07,10,2642169,100.0,High,1순위
RISK-2784,Data Leakage,Cloud Service,DDoS,7.93,2,9,7,1,2,0.45,1,2158362,100.0,High,1순위
RISK-2785,Malware Infection,Database Server,Vulnerability Exploitation,8.54,9,2,5,7,3,0.6,2,2116055,100.0,High,1순위
RISK-2786,Insider Threat,Database Server,Data Exfiltration,2.42,2,2,2,10,8,0.34,3,1145620,50.57,Medium,2순위
RISK-2787,External Attack,Endpoint PC,Phishing,9.61,7,7,8,8,1,0.75,1,2360703,100.0,High,1순위
RISK-2788,Service Disruption,Cloud Service,Data Exfiltration,1.97,1,4,6,8,4,0.92,9,1473103,65.64,Medium,2순위
RISK-2789,Credential Compromise,Cloud Service,Brute Force,9.51,7,1,4,7,7,0.9,9,3016087,100.0,High,1순위
RISK-2790,Malware Infection,File Server,Data Exfiltration,9.95,5,8,4,2,5,0.29,5,2054714,100.0,High,1순위
RISK-2791,Credential Compromise,File Server,C2 Communication,7.12,8,2,2,5,2,0.25,4,2472360,100.0,High,1순위
RISK-2792,Malware Infection,Cloud Service,Data Exfiltration,9.81,4,3,3,4,1,0.91,5,1962952,100.0,High,1순위
RISK-2793,Credential Compromise,File Server,C2 Communication,5.7,10,5,7,5,6,0.46,4,2719100,100.0,High,1순위
RISK-2794,Data Leakage,Endpoint PC,Vulnerability Exploitation,2.6,7,3,3,10,5,0.24,5,1866233,73.73,High,1순위
RISK-2795,Data Leakage,File Server,DDoS,4.37,6,7,5,9,3,0.69,7,2663358,100.0,High,1순위
RISK-2796,Credential Compromise,File Server,C2 Communication,5.94,5,7,10,4,9,0.31,8,2128303,100.0,High,1순위
RISK-2797,Malware Infection,Cloud Service,Data Exfiltration,0.73,4,2,6,8,3,0.29,2,766209,23.36,Low,3순위
RISK-2798,Malware Infection,Cloud Service,DDoS,6.22,7,7,6,8,2,0.84,4,2422453,100.0,High,1순위
RISK-2799,Insider Threat,File Server,DDoS,9.81,5,6,4,2,5,0.2,8,2902074,100.0,High,1순위
RISK-2800,External Attack,File Server,Data Exfiltration,1.9,5,10,6,6,9,0.11,7,2163338,100.0,High,1순위
RISK-2801,External Attack,Cloud Service,Data Exfiltration,7.93,1,9,3,5,8,0.29,9,2157027,100.0,High,1순위
RISK-2802,Service Disruption,Database Server,Brute Force,9.08,2,9,7,2,6,0.6,5,2320668,100.0,High,1순위
RISK-2803,External Attack,VPN Server,Vulnerability Exploitation,9.44,5,2,7,10,3,0.16,6,1666056,82.8,High,1순위
RISK-2804,Service Disruption,Database Server,C2 Communication,9.6,3,7,4,4,6,0.47,8,2444665,100.0,High,1순위
RISK-2805,Data Leakage,File Server,Phishing,5.21,2,5,2,7,5,0.61,5,1991568,100.0,High,1순위
RISK-2806,Service Disruption,Web Server,C2 Communication,9.77,4,6,7,1,1,0.81,9,2941695,100.0,High,1순위
RISK-2807,Service Disruption,Web Server,Data Exfiltration,7.57,4,1,3,9,5,0.26,4,2120627,83.83,High,1순위
RISK-2808,External Attack,Endpoint PC,Phishing,1.62,4,7,1,10,7,0.79,8,2536300,100.0,High,1순위
RISK-2809,Malware Infection,Database Server,Phishing,4.77,4,6,2,1,9,0.26,3,1727532,100.0,High,1순위
RISK-2810,Data Leakage,Cloud Service,C2 Communication,7.18,3,4,10,5,1,0.66,5,1237315,68.67,Medium,2순위
RISK-2811,Insider Threat,Endpoint PC,C2 Communication,2.47,7,1,9,7,3,0.44,8,1785915,49.92,Medium,2순위
RISK-2812,Service Disruption,Endpoint PC,C2 Communication,6.41,9,9,8,8,8,0.15,10,2709968,100.0,High,1순위
RISK-2813,Service Disruption,Web Server,C2 Communication,6.67,5,4,6,2,6,0.69,7,2907659,100.0,High,1순위
RISK-2814,Credential Compromise,Database Server,Vulnerability Exploitation,1.63,4,2,6,4,5,0.25,1,792418,39.61,Low,3순위
RISK-2815,Service Disruption,VPN Server,Brute Force,5.65,2,8,1,2,10,0.21,4,2058157,100.0,High,1순위
RISK-2816,Malware Infection,Cloud Service,Brute Force,7.72,2,2,2,4,2,0.37,2,1491594,72.78,High,1순위
RISK-2817,Insider Threat,Database Server,C2 Communication,4.99,5,5,4,6,3,0.64,2,2062711,86.54,High,1순위
RISK-2818,Credential Compromise,Endpoint PC,Brute Force,0.12,7,6,3,6,2,0.26,7,2172947,70.39,High,1순위
RISK-2819,External Attack,File Server,C2 Communication,0.09,10,8,1,2,1,0.22,3,2566482,100.0,High,1순위
RISK-2820,Data Leakage,Endpoint PC,C2 Communication,3.57,10,1,8,4,7,0.06,3,1711490,93.43,High,1순위
RISK-2821,Malware Infection,Database Server,C2 Communication,9.26,9,1,7,4,3,0.47,6,2917342,100.0,High,1순위
RISK-2822,Insider Threat,Web Server,DDoS,2.29,7,4,4,1,7,0.44,6,2512975,100.0,High,1순위
RISK-2823,Data Leakage,Database Server,Vulnerability Exploitation,6.34,5,5,9,2,7,0.26,1,2486757,98.85,High,1순위
RISK-2824,External Attack,VPN Server,Data Exfiltration,2.22,10,9,4,3,8,0.1,1,1959541,100.0,High,1순위
RISK-2825,Data Leakage,Cloud Service,Brute Force,3.22,10,7,1,5,1,0.44,6,2583302,100.0,High,1순위
RISK-2826,Credential Compromise,Cloud Service,Brute Force,8.48,10,7,10,8,5,0.76,7,2720307,100.0,High,1순위
RISK-2827,Service Disruption,File Server,Vulnerability Exploitation,7.29,6,8,1,6,10,0.69,9,2509876,100.0,High,1순위
RISK-2828,Service Disruption,File Server,Vulnerability Exploitation,0.95,3,5,1,3,9,0.82,4,2370200,100.0,High,1순위
RISK-2829,Malware Infection,Endpoint PC,C2 Communication,4.29,5,5,1,6,7,0.06,10,2477995,100.0,High,1순위
RISK-2830,Data Leakage,Database Server,C2 Communication,0.29,8,1,4,7,1,0.92,6,1574340,54.39,Medium,2순위
RISK-2831,Service Disruption,Cloud Service,DDoS,4.81,1,9,1,6,8,0.36,3,1368520,100.0,High,1순위
RISK-2832,Malware Infection,Web Server,DDoS,6.62,1,6,2,10,3,0.94,4,1803280,100.0,High,1순위
RISK-2833,Malware Infection,VPN Server,Data Exfiltration,1.19,7,9,4,6,4,0.28,9,2463328,100.0,High,1순위
RISK-2834,Credential Compromise,Endpoint PC,Brute Force,2.89,5,3,7,1,4,0.47,1,1477737,71.28,High,1순위
RISK-2835,Malware Infection,Database Server,Vulnerability Exploitation,3.98,5,5,2,3,10,0.37,5,2303096,100.0,High,1순위
RISK-2836,External Attack,Web Server,Data Exfiltration,9.2,1,2,8,7,8,0.37,7,1869778,100.0,High,1순위
RISK-2837,Service Disruption,Database Server,Brute Force,9.93,9,10,7,4,1,0.81,3,2871806,100.0,High,1순위
RISK-2838,Service Disruption,Web Server,Data Exfiltration,0.45,1,5,9,4,8,0.72,2,916091,55.93,Medium,2순위
RISK-2839,Insider Threat,Database Server,Data Exfiltration,7.61,5,8,6,7,9,0.94,2,2101420,100.0,High,1순위
RISK-2840,External Attack,Database Server,C2 Communication,3.72,10,2,4,9,9,0.6,1,2339995,100.0,High,1순위
RISK-2841,Service Disruption,Cloud Service,Data Exfiltration,3.92,9,8,6,2,5,0.47,5,2206777,100.0,High,1순위
RISK-2842,Credential Compromise,Endpoint PC,C2 Communication,7.54,4,4,4,9,4,0.13,3,1440744,83.14,High,1순위
RISK-2843,Service Disruption,Database Server,Brute Force,9.18,8,10,7,3,4,0.95,7,2376969,100.0,High,1순위
RISK-2844,Insider Threat,Database Server,DDoS,9.51,6,10,9,6,9,0.55,1,1408211,100.0,High,1순위
RISK-2845,Data Leakage,Endpoint PC,Brute Force,5.77,3,1,3,4,8,0.68,9,2026966,100.0,High,1순위
RISK-2846,Data Leakage,Endpoint PC,C2 Communication,3.57,4,5,3,1,10,0.42,2,1776283,100.0,High,1순위
RISK-2847,External Attack,File Server,DDoS,7.88,2,1,2,9,10,0.54,8,1744150,100.0,High,1순위
RISK-2848,Malware Infection,File Server,Phishing,2.51,1,7,1,6,7,0.9,10,1746978,100.0,High,1순위
RISK-2849,Insider Threat,Cloud Service,DDoS,5.64,8,8,1,8,3,0.2,4,2087683,100.0,High,1순위
RISK-2850,Insider Threat,Endpoint PC,Data Exfiltration,3.59,1,3,3,2,4,0.31,6,1253268,81.18,High,1순위
RISK-2851,Service Disruption,VPN Server,Brute Force,6.57,1,3,7,7,9,0.19,9,1481165,100.0,High,1순위
RISK-2852,Credential Compromise,Cloud Service,Data Exfiltration,2.4,4,7,9,6,8,0.76,7,2436344,97.0,High,1순위
RISK-2853,Service Disruption,Web Server,DDoS,1.92,10,4,2,2,1,0.11,8,3026096,100.0,High,1순위
RISK-2854,Credential Compromise,Endpoint PC,Phishing,9.18,10,3,7,2,3,0.12,7,3260153,100.0,High,1순위
RISK-2855,Insider Threat,File Server,Data Exfiltration,1.02,6,8,1,4,10,0.32,2,1399493,100.0,High,1순위
RISK-2856,Malware Infection,Database Server,Phishing,5.06,9,3,2,4,2,0.51,9,1796242,100.0,High,1순위
RISK-2857,Data Leakage,Endpoint PC,Vulnerability Exploitation,2.21,1,7,6,3,2,0.42,1,553319,47.76,Medium,2순위
RISK-2858,External Attack,Endpoint PC,Phishing,0.39,7,2,5,8,8,0.09,2,1589103,58.93,Medium,2순위
RISK-2859,Credential Compromise,File Server,Brute Force,0.36,10,1,8,7,6,0.91,3,1918946,66.52,Medium,2순위
RISK-2860,Data Leakage,File Server,DDoS,1.75,5,6,2,2,6,0.91,3,1718508,100.0,High,1순위
RISK-2861,External Attack,VPN Server,C2 Communication,8.67,8,8,1,3,4,0.3,10,3103682,100.0,High,1순위
RISK-2862,Malware Infection,Cloud Service,C2 Communication,2.82,7,1,7,10,1,0.71,4,1861765,40.67,Medium,2순위
RISK-2863,Insider Threat,File Server,Data Exfiltration,9.5,4,10,6,9,7,0.57,5,2821805,100.0,High,1순위
RISK-2864,Malware Infection,File Server,DDoS,5.82,4,9,8,5,8,0.26,6,1614622,100.0,High,1순위
RISK-2865,Credential Compromise,File Server,Vulnerability Exploitation,4.37,6,3,8,2,2,0.29,1,1022488,65.81,Medium,2순위
RISK-2866,Insider Threat,Cloud Service,Data Exfiltration,5.8,6,3,2,3,2,0.49,8,1953567,100.0,High,1순위
RISK-2867,Service Disruption,Database Server,Phishing,5.17,9,4,8,8,1,0.43,6,1519139,89.3,High,1순위
RISK-2868,External Attack,Endpoint PC,C2 Communication,7.59,5,1,6,4,4,0.31,10,3274287,100.0,High,1순위
RISK-2869,Service Disruption,Endpoint PC,Phishing,2.82,8,9,9,2,6,0.78,9,2601486,100.0,High,1순위
RISK-2870,Insider Threat,File Server,C2 Communication,3.53,5,3,7,2,5,0.48,5,1861098,86.63,High,1순위
RISK-2871,External Attack,Cloud Service,C2 Communication,8.94,2,10,2,6,4,0.64,7,1923275,100.0,High,1순위
RISK-2872,External Attack,VPN Server,C2 Communication,9.46,6,4,8,8,4,0.22,4,1878745,100.0,High,1순위
RISK-2873,Service Disruption,File Server,DDoS,8.93,9,1,9,7,10,0.53,6,1967773,100.0,High,1순위
RISK-2874,External Attack,Cloud Service,Brute Force,4.19,3,4,7,4,7,0.34,6,1870945,89.62,High,1순위
RISK-2875,Insider Threat,Cloud Service,DDoS,7.8,1,1,4,2,7,0.52,4,1931017,100.0,High,1순위
RISK-2876,Credential Compromise,VPN Server,Phishing,4.76,1,5,9,9,2,0.75,6,1255285,49.13,Medium,2순위
RISK-2877,Credential Compromise,Cloud Service,DDoS,4.98,3,5,4,4,7,0.74,8,2259985,100.0,High,1순위
RISK-2878,Insider Threat,Endpoint PC,Data Exfiltration,2.05,10,7,4,9,2,0.37,5,2607580,92.37,High,1순위
RISK-2879,Service Disruption,VPN Server,Vulnerability Exploitation,5.91,5,8,9,5,4,0.67,2,1507474,100.0,High,1순위
RISK-2880,Malware Infection,VPN Server,Data Exfiltration,1.86,3,4,8,7,1,0.9,9,1499701,50.8,Medium,2순위
RISK-2881,Insider Threat,Web Server,DDoS,3.32,9,7,4,5,5,0.61,4,1655797,100.0,High,1순위
RISK-2882,Credential Compromise,VPN Server,Phishing,8.55,8,4,8,2,1,0.18,4,3088588,100.0,High,1순위
RISK-2883,Insider Threat,VPN Server,Vulnerability Exploitation,2.07,3,3,8,6,4,0.66,7,1410413,44.29,Medium,2순위
RISK-2884,External Attack,Database Server,Data Exfiltration,0.71,9,6,7,7,9,0.14,10,2838728,100.0,High,1순위
RISK-2885,External Attack,Endpoint PC,Vulnerability Exploitation,0.69,6,4,10,6,8,0.83,10,2538629,83.3,High,1순위
RISK-2886,Insider Threat,File Server,Phishing,9.41,7,3,6,3,6,0.51,6,2838601,100.0,High,1순위
RISK-2887,Service Disruption,Web Server,C2 Communication,5.07,4,9,8,10,8,0.4,4,1623413,96.12,High,1순위
RISK-2888,Malware Infection,VPN Server,Phishing,4.09,4,5,7,8,5,0.1,6,1497180,67.19,Medium,2순위
RISK-2889,External Attack,Database Server,Brute Force,8.11,2,7,5,3,7,0.39,3,1256876,100.0,High,1순위
RISK-2890,Credential Compromise,Database Server,Vulnerability Exploitation,8.36,5,6,4,5,8,0.86,7,2299924,100.0,High,1순위
RISK-2891,External Attack,Cloud Service,Phishing,3.32,8,10,2,9,7,0.07,6,1965189,100.0,High,1순위
RISK-2892,Credential Compromise,File Server,C2 Communication,6.94,7,5,8,5,4,0.48,3,2657025,100.0,High,1순위
RISK-2893,Malware Infection,File Server,C2 Communication,7.71,7,7,9,7,5,0.89,1,2462549,100.0,High,1순위
RISK-2894,External Attack,Endpoint PC,Phishing,6.55,6,6,4,7,10,0.41,10,2781594,100.0,High,1순위
RISK-2895,Service Disruption,Cloud Service,Data Exfiltration,1.52,3,10,4,5,6,0.44,5,1453832,100.0,High,1순위
RISK-2896,Credential Compromise,VPN Server,Phishing,8.76,5,2,5,2,6,0.57,10,2604612,100.0,High,1순위
RISK-2897,External Attack,Database Server,C2 Communication,5.39,1,3,2,5,9,0.47,2,1162797,100.0,High,1순위
RISK-2898,External Attack,Web Server,Phishing,2.82,7,2,7,7,10,0.2,7,2392352,91.69,High,1순위
RISK-2899,Insider Threat,Endpoint PC,Brute Force,4.25,9,3,5,7,2,0.07,7,2371844,89.95,High,1순위
RISK-2900,Service Disruption,VPN Server,Data Exfiltration,0.38,1,1,6,4,6,0.6,4,932802,38.4,Low,3순위
RISK-2901,Service Disruption,Cloud Service,Phishing,1.28,2,8,4,1,3,0.88,6,2264138,88.78,High,1순위
RISK-2902,Insider Threat,File Server,C2 Communication,7.66,3,6,8,6,2,0.15,1,1451864,67.22,Medium,2순위
RISK-2903,Credential Compromise,Cloud Service,Phishing,0.0,3,2,8,3,6,0.24,2,732266,26.28,Low,3순위
RISK-2904,Data Leakage,VPN Server,Phishing,4.17,8,8,5,5,4,0.38,6,2944307,100.0,High,1순위
RISK-2905,Malware Infection,Cloud Service,Vulnerability Exploitation,5.23,7,6,6,4,5,0.78,2,1436196,100.0,High,1순위
RISK-2906,Service Disruption,File Server,Phishing,0.55,6,7,3,2,5,0.29,4,2195451,96.55,High,1순위
RISK-2907,Data Leakage,VPN Server,Brute Force,9.73,10,1,1,7,3,0.84,4,1761377,100.0,High,1순위
RISK-2908,Credential Compromise,Web Server,C2 Communication,2.26,10,7,9,5,4,0.1,10,3252108,100.0,High,1순위
RISK-2909,Malware Infection,Endpoint PC,DDoS,3.04,4,3,9,7,3,0.9,9,2028875,62.94,Medium,2순위
RISK-2910,Service Disruption,Cloud Service,Vulnerability Exploitation,3.04,9,8,3,9,7,0.55,10,3030504,100.0,High,1순위
RISK-2911,External Attack,File Server,DDoS,2.3,1,6,4,4,1,0.64,7,1315305,58.69,Medium,2순위
RISK-2912,Service Disruption,Web Server,Phishing,0.01,2,4,7,5,6,0.38,7,1510474,51.06,Medium,2순위
RISK-2913,Malware Infection,Database Server,Data Exfiltration,7.29,4,8,2,9,4,0.75,1,2010237,100.0,High,1순위
RISK-2914,Data Leakage,Web Server,Brute Force,9.67,3,9,3,10,1,0.2,5,1767808,100.0,High,1순위
RISK-2915,External Attack,Web Server,Brute Force,2.24,1,10,6,4,1,0.09,3,1080080,47.34,Medium,2순위
RISK-2916,Malware Infection,Web Server,Brute Force,6.63,5,2,8,5,5,0.41,3,1583021,77.22,High,1순위
RISK-2917,Credential Compromise,File Server,Vulnerability Exploitation,7.42,7,6,1,5,5,0.82,6,2456873,100.0,High,1순위
RISK-2918,Malware Infection,Database Server,Phishing,8.48,2,5,4,8,10,0.73,4,1395998,100.0,High,1순위
RISK-2919,Service Disruption,Endpoint PC,Brute Force,4.23,5,5,1,4,7,0.52,8,2054398,100.0,High,1순위
RISK-2920,Credential Compromise,Web Server,Phishing,3.03,6,10,2,4,4,0.56,4,2580718,100.0,High,1순위
RISK-2921,Insider Threat,File Server,Data Exfiltration,3.25,7,3,8,7,9,0.17,8,2307945,95.86,High,1순위
RISK-2922,Insider Threat,File Server,Phishing,7.13,1,8,6,5,4,0.81,4,1758164,100.0,High,1순위
RISK-2923,External Attack,Endpoint PC,DDoS,8.17,7,8,9,6,7,0.76,3,1860356,100.0,High,1순위
RISK-2924,Malware Infection,VPN Server,Phishing,1.82,4,5,2,6,5,0.64,5,1466953,89.79,High,1순위
RISK-2925,Data Leakage,Database Server,Phishing,3.71,8,8,3,6,5,0.47,5,1971727,100.0,High,1순위
RISK-2926,External Attack,Database Server,C2 Communication,9.02,4,10,9,10,6,0.92,10,2524428,100.0,High,1순위
RISK-2927,Credential Compromise,Cloud Service,DDoS,8.07,6,8,9,5,8,0.84,10,2965222,100.0,High,1순위
RISK-2928,External Attack,Web Server,Vulnerability Exploitation,9.85,9,3,6,5,5,0.63,1,2047056,100.0,High,1순위
RISK-2929,Service Disruption,VPN Server,Phishing,7.54,5,2,3,9,3,0.38,8,1760365,99.34,High,1순위
RISK-2930,Credential Compromise,Database Server,Brute Force,3.93,4,9,5,8,6,0.61,8,2288723,100.0,High,1순위
RISK-2931,Data Leakage,Cloud Service,C2 Communication,5.91,8,2,2,4,2,0.57,8,2603358,100.0,High,1순위
RISK-2932,Malware Infection,Web Server,Phishing,6.61,9,9,7,7,8,0.4,10,2949133,100.0,High,1순위
RISK-2933,Credential Compromise,VPN Server,C2 Communication,0.78,4,4,10,8,8,0.33,4,1140281,42.19,Medium,2순위
RISK-2934,Malware Infection,File Server,Vulnerability Exploitation,5.44,3,2,8,9,3,0.42,9,1821567,65.32,Medium,2순위
RISK-2935,Malware Infection,Web Server,C2 Communication,7.09,8,10,6,5,8,0.57,10,3320683,100.0,High,1순위
RISK-2936,External Attack,VPN Server,Brute Force,1.67,5,1,8,3,9,0.44,3,1818183,70.45,High,1순위
RISK-2937,Service Disruption,Endpoint PC,Phishing,7.81,2,4,2,4,5,0.29,7,1843400,100.0,High,1순위
RISK-2938,External Attack,Database Server,Brute Force,5.84,10,9,3,10,5,0.73,6,2414600,100.0,High,1순위
RISK-2939,Insider Threat,Web Server,Data Exfiltration,9.52,9,9,7,6,6,0.53,9,2343834,100.0,High,1순위
RISK-2940,Insider Threat,Cloud Service,C2 Communication,0.42,3,4,10,10,7,0.11,4,763818,19.26,Low,3순위
RISK-2941,Malware Infection,File Server,C2 Communication,2.65,2,9,1,5,3,0.38,4,2083687,88.64,High,1순위
RISK-2942,Service Disruption,Cloud Service,C2 Communication,6.02,1,6,7,9,5,0.85,6,1072558,88.37,High,1순위
RISK-2943,Credential Compromise,Web Server,DDoS,2.97,8,1,6,3,1,0.73,8,2700094,86.15,High,1순위
RISK-2944,Malware Infection,Database Server,Vulnerability Exploitation,7.14,3,10,8,2,10,0.34,3,1934092,100.0,High,1순위
RISK-2945,Credential Compromise,Database Server,DDoS,7.59,7,6,7,6,5,0.89,8,3001363,100.0,High,1순위
RISK-2946,Malware Infection,VPN Server,Brute Force,1.03,1,9,4,7,4,0.12,8,1448263,69.08,Medium,2순위
RISK-2947,External Attack,Cloud Service,Data Exfiltration,5.14,1,2,3,5,1,0.92,7,1724102,69.4,Medium,2순위
RISK-2948,Malware Infection,Cloud Service,Vulnerability Exploitation,5.09,9,6,3,1,7,0.27,7,2365529,100.0,High,1순위
RISK-2949,Malware Infection,File Server,Vulnerability Exploitation,3.69,8,2,4,3,1,0.06,5,2256404,78.11,High,1순위
RISK-2950,Service Disruption,VPN Server,Phishing,9.33,3,4,9,3,8,0.44,2,1201933,100.0,High,1순위
RISK-2951,Service Disruption,File Server,Data Exfiltration,8.28,6,8,9,4,10,0.37,2,2523758,100.0,High,1순위
RISK-2952,Credential Compromise,Web Server,C2 Communication,6.97,3,7,2,10,2,0.54,10,2069871,100.0,High,1순위
RISK-2953,Service Disruption,Web Server,DDoS,7.14,4,9,5,6,10,0.77,8,1970671,100.0,High,1순위
RISK-2954,Malware Infection,Cloud Service,C2 Communication,4.62,1,7,1,5,5,0.81,6,1384336,100.0,High,1순위
RISK-2955,Service Disruption,VPN Server,Phishing,9.21,5,1,4,1,6,0.41,8,2131576,100.0,High,1순위
RISK-2956,Service Disruption,Endpoint PC,DDoS,6.95,1,2,2,6,9,0.44,3,1691855,100.0,High,1순위
RISK-2957,Data Leakage,Database Server,C2 Communication,7.29,1,6,8,9,7,0.18,1,882075,64.31,Medium,2순위
RISK-2958,Data Leakage,VPN Server,Brute Force,8.62,10,7,4,1,6,0.09,6,3146220,100.0,High,1순위
RISK-2959,Insider Threat,VPN Server,C2 Communication,2.74,7,3,5,8,5,0.63,2,2087654,77.4,High,1순위
RISK-2960,External Attack,Web Server,DDoS,8.07,6,9,4,8,6,0.11,9,2978668,100.0,High,1순위
RISK-2961,External Attack,Database Server,Brute Force,1.95,2,7,5,3,4,0.71,5,1486757,75.23,High,1순위
RISK-2962,Service Disruption,VPN Server,Phishing,3.45,2,6,5,9,1,0.54,5,1294780,63.36,Medium,2순위
RISK-2963,Insider Threat,Web Server,Phishing,3.36,7,6,5,8,9,0.23,10,2321719,100.0,High,1순위
RISK-2964,Insider Threat,Web Server,Brute Force,9.79,1,1,3,3,5,0.54,8,2282712,100.0,High,1순위
RISK-2965,Credential Compromise,Cloud Service,DDoS,8.57,2,5,7,10,8,0.21,6,1831241,100.0,High,1순위
RISK-2966,Data Leakage,Cloud Service,DDoS,7.01,8,10,3,5,7,0.44,3,2521529,100.0,High,1순위
RISK-2967,Insider Threat,VPN Server,C2 Communication,7.27,6,3,2,3,8,0.77,9,2497030,100.0,High,1순위
RISK-2968,Malware Infection,VPN Server,Phishing,5.62,2,7,3,5,1,0.47,10,2595944,100.0,High,1순위
RISK-2969,Credential Compromise,Web Server,Phishing,9.47,7,10,3,9,9,0.18,4,1594954,100.0,High,1순위
RISK-2970,Service Disruption,Cloud Service,Brute Force,4.96,4,3,8,4,1,0.7,10,1471232,78.17,High,1순위
RISK-2971,Malware Infection,VPN Server,Phishing,3.81,2,5,4,6,3,0.22,4,1313306,66.3,Medium,2순위
RISK-2972,External Attack,Database Server,C2 Communication,1.63,6,7,3,3,8,0.71,2,2535554,100.0,High,1순위
RISK-2973,Data Leakage,Web Server,Phishing,7.86,9,3,10,3,1,0.48,3,2540544,100.0,High,1순위
RISK-2974,Malware Infection,Web Server,Brute Force,7.34,9,10,5,5,1,0.46,4,2177581,100.0,High,1순위
RISK-2975,Service Disruption,VPN Server,C2 Communication,3.84,8,2,4,8,6,0.82,7,2486206,100.0,High,1순위
RISK-2976,Malware Infection,VPN Server,Data Exfiltration,0.25,3,6,9,8,5,0.69,3,1316993,41.44,Medium,2순위
RISK-2977,Malware Infection,VPN Server,Brute Force,8.39,3,8,8,3,6,0.08,8,1491939,100.0,High,1순위
RISK-2978,Insider Threat,Database Server,Data Exfiltration,0.11,2,4,7,8,3,0.32,8,981691,30.28,Low,3순위
RISK-2979,Data Leakage,Web Server,Phishing,7.04,5,9,8,8,10,0.83,10,2457910,100.0,High,1순위
RISK-2980,External Attack,Endpoint PC,C2 Communication,9.7,4,8,5,3,10,0.07,2,2276262,100.0,High,1순위
RISK-2981,Service Disruption,Database Server,Phishing,4.38,7,7,4,10,6,0.54,4,2383184,100.0,High,1순위
RISK-2982,Credential Compromise,Database Server,C2 Communication,2.35,4,7,7,10,2,0.71,8,2323612,71.09,High,1순위
RISK-2983,Credential Compromise,Cloud Service,Vulnerability Exploitation,7.05,9,3,1,2,8,0.61,1,1678764,100.0,High,1순위
RISK-2984,Service Disruption,Web Server,Phishing,8.17,2,6,6,10,6,0.73,1,1614635,96.93,High,1순위
RISK-2985,External Attack,Endpoint PC,Phishing,5.46,6,5,8,2,4,0.7,4,2290435,100.0,High,1순위
RISK-2986,Service Disruption,Web Server,Phishing,9.67,7,1,7,9,4,0.67,2,2409655,94.04,High,1순위
RISK-2987,Insider Threat,Database Server,DDoS,0.52,4,3,2,7,7,0.79,1,1472581,63.69,Medium,2순위
RISK-2988,Credential Compromise,VPN Server,Brute Force,5.05,6,1,7,6,3,0.63,8,2776049,86.67,High,1순위
RISK-2989,Credential Compromise,Web Server,DDoS,7.18,7,4,6,7,3,0.41,2,2196408,100.0,High,1순위
RISK-2990,Malware Infection,Web Server,C2 Communication,8.63,4,10,5,8,6,0.47,4,1285097,100.0,High,1순위
RISK-2991,Insider Threat,VPN Server,C2 Communication,1.79,8,3,4,1,9,0.7,3,2125983,100.0,High,1순위
RISK-2992,Credential Compromise,Endpoint PC,C2 Communication,8.0,9,4,1,8,1,0.84,2,2523140,100.0,High,1순위
RISK-2993,Insider Threat,Endpoint PC,Brute Force,5.53,1,9,2,3,5,0.29,8,1563095,100.0,High,1순위
RISK-2994,Insider Threat,Web Server,C2 Communication,3.97,7,3,7,3,1,0.36,3,2073069,64.88,Medium,2순위
RISK-2995,External Attack,VPN Server,DDoS,1.32,9,6,10,6,1,0.89,9,2454598,87.91,High,1순위
RISK-2996,Credential Compromise,Cloud Service,DDoS,8.65,10,6,3,4,3,0.57,10,2005380,100.0,High,1순위
RISK-2997,Data Leakage,Web Server,Phishing,1.57,5,7,5,4,3,0.21,5,1779918,68.03,Medium,2순위
RISK-2998,External Attack,VPN Server,Data Exfiltration,3.1,2,9,8,4,4,0.65,9,2251530,96.85,High,1순위
RISK-2999,External Attack,Database Server,Vulnerability Exploitation,2.9,10,7,8,10,3,0.94,3,2279905,97.42,High,1순위
RISK-3000,Insider Threat,Cloud Service,C2 Communication,8.71,6,1,6,9,6,0.79,5,2752313,100.0,High,1순위
